tier	group	need	filename	trigger_key	bytes	licence	url	remark
core	grand-sustain	required	A0v1.flac	21	2164885	CC-BY-3.0 (author declared public domain 2022-03-04)	https://raw.githubusercontent.com/sfzinstruments/SalamanderGrandPiano/master/Samples/A0v1.flac	leading-silence trim: see Data/vel_XX.txt $OFFnn (samples @48k)
core	grand-sustain	required	A0v4.flac	21	2607698	CC-BY-3.0 (author declared public domain 2022-03-04)	https://raw.githubusercontent.com/sfzinstruments/SalamanderGrandPiano/master/Samples/A0v4.flac	leading-silence trim: see Data/vel_XX.txt $OFFnn (samples @48k)
core	grand-sustain	required	A0v7.flac	21	2764837	CC-BY-3.0 (author declared public domain 2022-03-04)	https://raw.githubusercontent.com/sfzinstruments/SalamanderGrandPiano/master/Samples/A0v7.flac	leading-silence trim: see Data/vel_XX.txt $OFFnn (samples @48k)
core	grand-sustain	required	A0v10.flac	21	2799401	CC-BY-3.0 (author declared public domain 2022-03-04)	https://raw.githubusercontent.com/sfzinstruments/SalamanderGrandPiano/master/Samples/A0v10.flac	leading-silence trim: see Data/vel_XX.txt $OFFnn (samples @48k)
core	grand-sustain	required	A0v13.flac	21	2814539	CC-BY-3.0 (author declared public domain 2022-03-04)	https://raw.githubusercontent.com/sfzinstruments/SalamanderGrandPiano/master/Samples/A0v13.flac	leading-silence trim: see Data/vel_XX.txt $OFFnn (samples @48k)
core	grand-sustain	required	A0v16.flac	21	2864588	CC-BY-3.0 (author declared public domain 2022-03-04)	https://raw.githubusercontent.com/sfzinstruments/SalamanderGrandPiano/master/Samples/A0v16.flac	leading-silence trim: see Data/vel_XX.txt $OFFnn (samples @48k)
core	grand-sustain	required	C1v1.flac	24	2438456	CC-BY-3.0 (author declared public domain 2022-03-04)	https://raw.githubusercontent.com/sfzinstruments/SalamanderGrandPiano/master/Samples/C1v1.flac	leading-silence trim: see Data/vel_XX.txt $OFFnn (samples @48k)
core	grand-sustain	required	C1v4.flac	24	2479481	CC-BY-3.0 (author declared public domain 2022-03-04)	https://raw.githubusercontent.com/sfzinstruments/SalamanderGrandPiano/master/Samples/C1v4.flac	leading-silence trim: see Data/vel_XX.txt $OFFnn (samples @48k)
core	grand-sustain	required	C1v7.flac	24	2507952	CC-BY-3.0 (author declared public domain 2022-03-04)	https://raw.githubusercontent.com/sfzinstruments/SalamanderGrandPiano/master/Samples/C1v7.flac	leading-silence trim: see Data/vel_XX.txt $OFFnn (samples @48k)
core	grand-sustain	required	C1v10.flac	24	2522080	CC-BY-3.0 (author declared public domain 2022-03-04)	https://raw.githubusercontent.com/sfzinstruments/SalamanderGrandPiano/master/Samples/C1v10.flac	leading-silence trim: see Data/vel_XX.txt $OFFnn (samples @48k)
core	grand-sustain	required	C1v13.flac	24	2551193	CC-BY-3.0 (author declared public domain 2022-03-04)	https://raw.githubusercontent.com/sfzinstruments/SalamanderGrandPiano/master/Samples/C1v13.flac	leading-silence trim: see Data/vel_XX.txt $OFFnn (samples @48k)
core	grand-sustain	required	C1v16.flac	24	2585455	CC-BY-3.0 (author declared public domain 2022-03-04)	https://raw.githubusercontent.com/sfzinstruments/SalamanderGrandPiano/master/Samples/C1v16.flac	leading-silence trim: see Data/vel_XX.txt $OFFnn (samples @48k)
core	grand-sustain	required	D#1v1.flac	27	2169326	CC-BY-3.0 (author declared public domain 2022-03-04)	https://raw.githubusercontent.com/sfzinstruments/SalamanderGrandPiano/master/Samples/D%231v1.flac	leading-silence trim: see Data/vel_XX.txt $OFFnn (samples @48k)
core	grand-sustain	required	D#1v4.flac	27	2570362	CC-BY-3.0 (author declared public domain 2022-03-04)	https://raw.githubusercontent.com/sfzinstruments/SalamanderGrandPiano/master/Samples/D%231v4.flac	leading-silence trim: see Data/vel_XX.txt $OFFnn (samples @48k)
core	grand-sustain	required	D#1v7.flac	27	2847777	CC-BY-3.0 (author declared public domain 2022-03-04)	https://raw.githubusercontent.com/sfzinstruments/SalamanderGrandPiano/master/Samples/D%231v7.flac	leading-silence trim: see Data/vel_XX.txt $OFFnn (samples @48k)
core	grand-sustain	required	D#1v10.flac	27	2876881	CC-BY-3.0 (author declared public domain 2022-03-04)	https://raw.githubusercontent.com/sfzinstruments/SalamanderGrandPiano/master/Samples/D%231v10.flac	leading-silence trim: see Data/vel_XX.txt $OFFnn (samples @48k)
core	grand-sustain	required	D#1v13.flac	27	2921669	CC-BY-3.0 (author declared public domain 2022-03-04)	https://raw.githubusercontent.com/sfzinstruments/SalamanderGrandPiano/master/Samples/D%231v13.flac	leading-silence trim: see Data/vel_XX.txt $OFFnn (samples @48k)
core	grand-sustain	required	D#1v16.flac	27	2983375	CC-BY-3.0 (author declared public domain 2022-03-04)	https://raw.githubusercontent.com/sfzinstruments/SalamanderGrandPiano/master/Samples/D%231v16.flac	leading-silence trim: see Data/vel_XX.txt $OFFnn (samples @48k)
core	grand-sustain	required	F#1v1.flac	30	1768820	CC-BY-3.0 (author declared public domain 2022-03-04)	https://raw.githubusercontent.com/sfzinstruments/SalamanderGrandPiano/master/Samples/F%231v1.flac	leading-silence trim: see Data/vel_XX.txt $OFFnn (samples @48k)
core	grand-sustain	required	F#1v4.flac	30	2613244	CC-BY-3.0 (author declared public domain 2022-03-04)	https://raw.githubusercontent.com/sfzinstruments/SalamanderGrandPiano/master/Samples/F%231v4.flac	leading-silence trim: see Data/vel_XX.txt $OFFnn (samples @48k)
core	grand-sustain	required	F#1v7.flac	30	2684060	CC-BY-3.0 (author declared public domain 2022-03-04)	https://raw.githubusercontent.com/sfzinstruments/SalamanderGrandPiano/master/Samples/F%231v7.flac	leading-silence trim: see Data/vel_XX.txt $OFFnn (samples @48k)
core	grand-sustain	required	F#1v10.flac	30	2690006	CC-BY-3.0 (author declared public domain 2022-03-04)	https://raw.githubusercontent.com/sfzinstruments/SalamanderGrandPiano/master/Samples/F%231v10.flac	leading-silence trim: see Data/vel_XX.txt $OFFnn (samples @48k)
core	grand-sustain	required	F#1v13.flac	30	2727847	CC-BY-3.0 (author declared public domain 2022-03-04)	https://raw.githubusercontent.com/sfzinstruments/SalamanderGrandPiano/master/Samples/F%231v13.flac	leading-silence trim: see Data/vel_XX.txt $OFFnn (samples @48k)
core	grand-sustain	required	F#1v16.flac	30	2792731	CC-BY-3.0 (author declared public domain 2022-03-04)	https://raw.githubusercontent.com/sfzinstruments/SalamanderGrandPiano/master/Samples/F%231v16.flac	leading-silence trim: see Data/vel_XX.txt $OFFnn (samples @48k)
core	grand-sustain	required	A1v1.flac	33	2166601	CC-BY-3.0 (author declared public domain 2022-03-04)	https://raw.githubusercontent.com/sfzinstruments/SalamanderGrandPiano/master/Samples/A1v1.flac	leading-silence trim: see Data/vel_XX.txt $OFFnn (samples @48k)
core	grand-sustain	required	A1v4.flac	33	2242163	CC-BY-3.0 (author declared public domain 2022-03-04)	https://raw.githubusercontent.com/sfzinstruments/SalamanderGrandPiano/master/Samples/A1v4.flac	leading-silence trim: see Data/vel_XX.txt $OFFnn (samples @48k)
core	grand-sustain	required	A1v7.flac	33	2668737	CC-BY-3.0 (author declared public domain 2022-03-04)	https://raw.githubusercontent.com/sfzinstruments/SalamanderGrandPiano/master/Samples/A1v7.flac	leading-silence trim: see Data/vel_XX.txt $OFFnn (samples @48k)
core	grand-sustain	required	A1v10.flac	33	2709073	CC-BY-3.0 (author declared public domain 2022-03-04)	https://raw.githubusercontent.com/sfzinstruments/SalamanderGrandPiano/master/Samples/A1v10.flac	leading-silence trim: see Data/vel_XX.txt $OFFnn (samples @48k)
core	grand-sustain	required	A1v13.flac	33	2779724	CC-BY-3.0 (author declared public domain 2022-03-04)	https://raw.githubusercontent.com/sfzinstruments/SalamanderGrandPiano/master/Samples/A1v13.flac	leading-silence trim: see Data/vel_XX.txt $OFFnn (samples @48k)
core	grand-sustain	required	A1v16.flac	33	2879654	CC-BY-3.0 (author declared public domain 2022-03-04)	https://raw.githubusercontent.com/sfzinstruments/SalamanderGrandPiano/master/Samples/A1v16.flac	leading-silence trim: see Data/vel_XX.txt $OFFnn (samples @48k)
core	grand-sustain	required	C2v1.flac	36	1980907	CC-BY-3.0 (author declared public domain 2022-03-04)	https://raw.githubusercontent.com/sfzinstruments/SalamanderGrandPiano/master/Samples/C2v1.flac	leading-silence trim: see Data/vel_XX.txt $OFFnn (samples @48k)
core	grand-sustain	required	C2v4.flac	36	2222842	CC-BY-3.0 (author declared public domain 2022-03-04)	https://raw.githubusercontent.com/sfzinstruments/SalamanderGrandPiano/master/Samples/C2v4.flac	leading-silence trim: see Data/vel_XX.txt $OFFnn (samples @48k)
core	grand-sustain	required	C2v7.flac	36	2540876	CC-BY-3.0 (author declared public domain 2022-03-04)	https://raw.githubusercontent.com/sfzinstruments/SalamanderGrandPiano/master/Samples/C2v7.flac	leading-silence trim: see Data/vel_XX.txt $OFFnn (samples @48k)
core	grand-sustain	required	C2v10.flac	36	2571694	CC-BY-3.0 (author declared public domain 2022-03-04)	https://raw.githubusercontent.com/sfzinstruments/SalamanderGrandPiano/master/Samples/C2v10.flac	leading-silence trim: see Data/vel_XX.txt $OFFnn (samples @48k)
core	grand-sustain	required	C2v13.flac	36	2624902	CC-BY-3.0 (author declared public domain 2022-03-04)	https://raw.githubusercontent.com/sfzinstruments/SalamanderGrandPiano/master/Samples/C2v13.flac	leading-silence trim: see Data/vel_XX.txt $OFFnn (samples @48k)
core	grand-sustain	required	C2v16.flac	36	2698276	CC-BY-3.0 (author declared public domain 2022-03-04)	https://raw.githubusercontent.com/sfzinstruments/SalamanderGrandPiano/master/Samples/C2v16.flac	leading-silence trim: see Data/vel_XX.txt $OFFnn (samples @48k)
core	grand-sustain	required	D#2v1.flac	39	2087725	CC-BY-3.0 (author declared public domain 2022-03-04)	https://raw.githubusercontent.com/sfzinstruments/SalamanderGrandPiano/master/Samples/D%232v1.flac	leading-silence trim: see Data/vel_XX.txt $OFFnn (samples @48k)
core	grand-sustain	required	D#2v4.flac	39	2546475	CC-BY-3.0 (author declared public domain 2022-03-04)	https://raw.githubusercontent.com/sfzinstruments/SalamanderGrandPiano/master/Samples/D%232v4.flac	leading-silence trim: see Data/vel_XX.txt $OFFnn (samples @48k)
core	grand-sustain	required	D#2v7.flac	39	2586193	CC-BY-3.0 (author declared public domain 2022-03-04)	https://raw.githubusercontent.com/sfzinstruments/SalamanderGrandPiano/master/Samples/D%232v7.flac	leading-silence trim: see Data/vel_XX.txt $OFFnn (samples @48k)
core	grand-sustain	required	D#2v10.flac	39	2606773	CC-BY-3.0 (author declared public domain 2022-03-04)	https://raw.githubusercontent.com/sfzinstruments/SalamanderGrandPiano/master/Samples/D%232v10.flac	leading-silence trim: see Data/vel_XX.txt $OFFnn (samples @48k)
core	grand-sustain	required	D#2v13.flac	39	2611764	CC-BY-3.0 (author declared public domain 2022-03-04)	https://raw.githubusercontent.com/sfzinstruments/SalamanderGrandPiano/master/Samples/D%232v13.flac	leading-silence trim: see Data/vel_XX.txt $OFFnn (samples @48k)
core	grand-sustain	required	D#2v16.flac	39	2700194	CC-BY-3.0 (author declared public domain 2022-03-04)	https://raw.githubusercontent.com/sfzinstruments/SalamanderGrandPiano/master/Samples/D%232v16.flac	leading-silence trim: see Data/vel_XX.txt $OFFnn (samples @48k)
core	grand-sustain	required	F#2v1.flac	42	1846818	CC-BY-3.0 (author declared public domain 2022-03-04)	https://raw.githubusercontent.com/sfzinstruments/SalamanderGrandPiano/master/Samples/F%232v1.flac	leading-silence trim: see Data/vel_XX.txt $OFFnn (samples @48k)
core	grand-sustain	required	F#2v4.flac	42	2174299	CC-BY-3.0 (author declared public domain 2022-03-04)	https://raw.githubusercontent.com/sfzinstruments/SalamanderGrandPiano/master/Samples/F%232v4.flac	leading-silence trim: see Data/vel_XX.txt $OFFnn (samples @48k)
core	grand-sustain	required	F#2v7.flac	42	2307655	CC-BY-3.0 (author declared public domain 2022-03-04)	https://raw.githubusercontent.com/sfzinstruments/SalamanderGrandPiano/master/Samples/F%232v7.flac	leading-silence trim: see Data/vel_XX.txt $OFFnn (samples @48k)
core	grand-sustain	required	F#2v10.flac	42	2343261	CC-BY-3.0 (author declared public domain 2022-03-04)	https://raw.githubusercontent.com/sfzinstruments/SalamanderGrandPiano/master/Samples/F%232v10.flac	leading-silence trim: see Data/vel_XX.txt $OFFnn (samples @48k)
core	grand-sustain	required	F#2v13.flac	42	2407608	CC-BY-3.0 (author declared public domain 2022-03-04)	https://raw.githubusercontent.com/sfzinstruments/SalamanderGrandPiano/master/Samples/F%232v13.flac	leading-silence trim: see Data/vel_XX.txt $OFFnn (samples @48k)
core	grand-sustain	required	F#2v16.flac	42	2490944	CC-BY-3.0 (author declared public domain 2022-03-04)	https://raw.githubusercontent.com/sfzinstruments/SalamanderGrandPiano/master/Samples/F%232v16.flac	leading-silence trim: see Data/vel_XX.txt $OFFnn (samples @48k)
core	grand-sustain	required	A2v1.flac	45	1823625	CC-BY-3.0 (author declared public domain 2022-03-04)	https://raw.githubusercontent.com/sfzinstruments/SalamanderGrandPiano/master/Samples/A2v1.flac	leading-silence trim: see Data/vel_XX.txt $OFFnn (samples @48k)
core	grand-sustain	required	A2v4.flac	45	1898385	CC-BY-3.0 (author declared public domain 2022-03-04)	https://raw.githubusercontent.com/sfzinstruments/SalamanderGrandPiano/master/Samples/A2v4.flac	leading-silence trim: see Data/vel_XX.txt $OFFnn (samples @48k)
core	grand-sustain	required	A2v7.flac	45	1903028	CC-BY-3.0 (author declared public domain 2022-03-04)	https://raw.githubusercontent.com/sfzinstruments/SalamanderGrandPiano/master/Samples/A2v7.flac	leading-silence trim: see Data/vel_XX.txt $OFFnn (samples @48k)
core	grand-sustain	required	A2v10.flac	45	1931380	CC-BY-3.0 (author declared public domain 2022-03-04)	https://raw.githubusercontent.com/sfzinstruments/SalamanderGrandPiano/master/Samples/A2v10.flac	leading-silence trim: see Data/vel_XX.txt $OFFnn (samples @48k)
core	grand-sustain	required	A2v13.flac	45	2011461	CC-BY-3.0 (author declared public domain 2022-03-04)	https://raw.githubusercontent.com/sfzinstruments/SalamanderGrandPiano/master/Samples/A2v13.flac	leading-silence trim: see Data/vel_XX.txt $OFFnn (samples @48k)
core	grand-sustain	required	A2v16.flac	45	2086327	CC-BY-3.0 (author declared public domain 2022-03-04)	https://raw.githubusercontent.com/sfzinstruments/SalamanderGrandPiano/master/Samples/A2v16.flac	leading-silence trim: see Data/vel_XX.txt $OFFnn (samples @48k)
core	grand-sustain	required	C3v1.flac	48	1624899	CC-BY-3.0 (author declared public domain 2022-03-04)	https://raw.githubusercontent.com/sfzinstruments/SalamanderGrandPiano/master/Samples/C3v1.flac	leading-silence trim: see Data/vel_XX.txt $OFFnn (samples @48k)
core	grand-sustain	required	C3v4.flac	48	1689449	CC-BY-3.0 (author declared public domain 2022-03-04)	https://raw.githubusercontent.com/sfzinstruments/SalamanderGrandPiano/master/Samples/C3v4.flac	leading-silence trim: see Data/vel_XX.txt $OFFnn (samples @48k)
core	grand-sustain	required	C3v7.flac	48	1724174	CC-BY-3.0 (author declared public domain 2022-03-04)	https://raw.githubusercontent.com/sfzinstruments/SalamanderGrandPiano/master/Samples/C3v7.flac	leading-silence trim: see Data/vel_XX.txt $OFFnn (samples @48k)
core	grand-sustain	required	C3v10.flac	48	1745075	CC-BY-3.0 (author declared public domain 2022-03-04)	https://raw.githubusercontent.com/sfzinstruments/SalamanderGrandPiano/master/Samples/C3v10.flac	leading-silence trim: see Data/vel_XX.txt $OFFnn (samples @48k)
core	grand-sustain	required	C3v13.flac	48	1803471	CC-BY-3.0 (author declared public domain 2022-03-04)	https://raw.githubusercontent.com/sfzinstruments/SalamanderGrandPiano/master/Samples/C3v13.flac	leading-silence trim: see Data/vel_XX.txt $OFFnn (samples @48k)
core	grand-sustain	required	C3v16.flac	48	1875350	CC-BY-3.0 (author declared public domain 2022-03-04)	https://raw.githubusercontent.com/sfzinstruments/SalamanderGrandPiano/master/Samples/C3v16.flac	leading-silence trim: see Data/vel_XX.txt $OFFnn (samples @48k)
core	grand-sustain	required	D#3v1.flac	51	1381434	CC-BY-3.0 (author declared public domain 2022-03-04)	https://raw.githubusercontent.com/sfzinstruments/SalamanderGrandPiano/master/Samples/D%233v1.flac	leading-silence trim: see Data/vel_XX.txt $OFFnn (samples @48k)
core	grand-sustain	required	D#3v4.flac	51	1746227	CC-BY-3.0 (author declared public domain 2022-03-04)	https://raw.githubusercontent.com/sfzinstruments/SalamanderGrandPiano/master/Samples/D%233v4.flac	leading-silence trim: see Data/vel_XX.txt $OFFnn (samples @48k)
core	grand-sustain	required	D#3v7.flac	51	1748888	CC-BY-3.0 (author declared public domain 2022-03-04)	https://raw.githubusercontent.com/sfzinstruments/SalamanderGrandPiano/master/Samples/D%233v7.flac	leading-silence trim: see Data/vel_XX.txt $OFFnn (samples @48k)
core	grand-sustain	required	D#3v10.flac	51	1809266	CC-BY-3.0 (author declared public domain 2022-03-04)	https://raw.githubusercontent.com/sfzinstruments/SalamanderGrandPiano/master/Samples/D%233v10.flac	leading-silence trim: see Data/vel_XX.txt $OFFnn (samples @48k)
core	grand-sustain	required	D#3v13.flac	51	1790968	CC-BY-3.0 (author declared public domain 2022-03-04)	https://raw.githubusercontent.com/sfzinstruments/SalamanderGrandPiano/master/Samples/D%233v13.flac	leading-silence trim: see Data/vel_XX.txt $OFFnn (samples @48k)
core	grand-sustain	required	D#3v16.flac	51	1861439	CC-BY-3.0 (author declared public domain 2022-03-04)	https://raw.githubusercontent.com/sfzinstruments/SalamanderGrandPiano/master/Samples/D%233v16.flac	leading-silence trim: see Data/vel_XX.txt $OFFnn (samples @48k)
core	grand-sustain	required	F#3v1.flac	54	1664654	CC-BY-3.0 (author declared public domain 2022-03-04)	https://raw.githubusercontent.com/sfzinstruments/SalamanderGrandPiano/master/Samples/F%233v1.flac	leading-silence trim: see Data/vel_XX.txt $OFFnn (samples @48k)
core	grand-sustain	required	F#3v4.flac	54	1767209	CC-BY-3.0 (author declared public domain 2022-03-04)	https://raw.githubusercontent.com/sfzinstruments/SalamanderGrandPiano/master/Samples/F%233v4.flac	leading-silence trim: see Data/vel_XX.txt $OFFnn (samples @48k)
core	grand-sustain	required	F#3v7.flac	54	1800780	CC-BY-3.0 (author declared public domain 2022-03-04)	https://raw.githubusercontent.com/sfzinstruments/SalamanderGrandPiano/master/Samples/F%233v7.flac	leading-silence trim: see Data/vel_XX.txt $OFFnn (samples @48k)
core	grand-sustain	required	F#3v10.flac	54	1816439	CC-BY-3.0 (author declared public domain 2022-03-04)	https://raw.githubusercontent.com/sfzinstruments/SalamanderGrandPiano/master/Samples/F%233v10.flac	leading-silence trim: see Data/vel_XX.txt $OFFnn (samples @48k)
core	grand-sustain	required	F#3v13.flac	54	1816533	CC-BY-3.0 (author declared public domain 2022-03-04)	https://raw.githubusercontent.com/sfzinstruments/SalamanderGrandPiano/master/Samples/F%233v13.flac	leading-silence trim: see Data/vel_XX.txt $OFFnn (samples @48k)
core	grand-sustain	required	F#3v16.flac	54	1815793	CC-BY-3.0 (author declared public domain 2022-03-04)	https://raw.githubusercontent.com/sfzinstruments/SalamanderGrandPiano/master/Samples/F%233v16.flac	leading-silence trim: see Data/vel_XX.txt $OFFnn (samples @48k)
core	grand-sustain	required	A3v1.flac	57	1423583	CC-BY-3.0 (author declared public domain 2022-03-04)	https://raw.githubusercontent.com/sfzinstruments/SalamanderGrandPiano/master/Samples/A3v1.flac	leading-silence trim: see Data/vel_XX.txt $OFFnn (samples @48k)
core	grand-sustain	required	A3v4.flac	57	1757672	CC-BY-3.0 (author declared public domain 2022-03-04)	https://raw.githubusercontent.com/sfzinstruments/SalamanderGrandPiano/master/Samples/A3v4.flac	leading-silence trim: see Data/vel_XX.txt $OFFnn (samples @48k)
core	grand-sustain	required	A3v7.flac	57	1813811	CC-BY-3.0 (author declared public domain 2022-03-04)	https://raw.githubusercontent.com/sfzinstruments/SalamanderGrandPiano/master/Samples/A3v7.flac	leading-silence trim: see Data/vel_XX.txt $OFFnn (samples @48k)
core	grand-sustain	required	A3v10.flac	57	1758312	CC-BY-3.0 (author declared public domain 2022-03-04)	https://raw.githubusercontent.com/sfzinstruments/SalamanderGrandPiano/master/Samples/A3v10.flac	leading-silence trim: see Data/vel_XX.txt $OFFnn (samples @48k)
core	grand-sustain	required	A3v13.flac	57	1814316	CC-BY-3.0 (author declared public domain 2022-03-04)	https://raw.githubusercontent.com/sfzinstruments/SalamanderGrandPiano/master/Samples/A3v13.flac	leading-silence trim: see Data/vel_XX.txt $OFFnn (samples @48k)
core	grand-sustain	required	A3v16.flac	57	1901195	CC-BY-3.0 (author declared public domain 2022-03-04)	https://raw.githubusercontent.com/sfzinstruments/SalamanderGrandPiano/master/Samples/A3v16.flac	leading-silence trim: see Data/vel_XX.txt $OFFnn (samples @48k)
core	grand-sustain	required	C4v1.flac	60	1265676	CC-BY-3.0 (author declared public domain 2022-03-04)	https://raw.githubusercontent.com/sfzinstruments/SalamanderGrandPiano/master/Samples/C4v1.flac	leading-silence trim: see Data/vel_XX.txt $OFFnn (samples @48k)
core	grand-sustain	required	C4v4.flac	60	1628805	CC-BY-3.0 (author declared public domain 2022-03-04)	https://raw.githubusercontent.com/sfzinstruments/SalamanderGrandPiano/master/Samples/C4v4.flac	leading-silence trim: see Data/vel_XX.txt $OFFnn (samples @48k)
core	grand-sustain	required	C4v7.flac	60	1716540	CC-BY-3.0 (author declared public domain 2022-03-04)	https://raw.githubusercontent.com/sfzinstruments/SalamanderGrandPiano/master/Samples/C4v7.flac	leading-silence trim: see Data/vel_XX.txt $OFFnn (samples @48k)
core	grand-sustain	required	C4v10.flac	60	1817704	CC-BY-3.0 (author declared public domain 2022-03-04)	https://raw.githubusercontent.com/sfzinstruments/SalamanderGrandPiano/master/Samples/C4v10.flac	leading-silence trim: see Data/vel_XX.txt $OFFnn (samples @48k)
core	grand-sustain	required	C4v13.flac	60	1768613	CC-BY-3.0 (author declared public domain 2022-03-04)	https://raw.githubusercontent.com/sfzinstruments/SalamanderGrandPiano/master/Samples/C4v13.flac	leading-silence trim: see Data/vel_XX.txt $OFFnn (samples @48k)
core	grand-sustain	required	C4v16.flac	60	1772214	CC-BY-3.0 (author declared public domain 2022-03-04)	https://raw.githubusercontent.com/sfzinstruments/SalamanderGrandPiano/master/Samples/C4v16.flac	leading-silence trim: see Data/vel_XX.txt $OFFnn (samples @48k)
core	grand-sustain	required	D#4v1.flac	63	1329951	CC-BY-3.0 (author declared public domain 2022-03-04)	https://raw.githubusercontent.com/sfzinstruments/SalamanderGrandPiano/master/Samples/D%234v1.flac	leading-silence trim: see Data/vel_XX.txt $OFFnn (samples @48k)
core	grand-sustain	required	D#4v4.flac	63	1550296	CC-BY-3.0 (author declared public domain 2022-03-04)	https://raw.githubusercontent.com/sfzinstruments/SalamanderGrandPiano/master/Samples/D%234v4.flac	leading-silence trim: see Data/vel_XX.txt $OFFnn (samples @48k)
core	grand-sustain	required	D#4v7.flac	63	1568599	CC-BY-3.0 (author declared public domain 2022-03-04)	https://raw.githubusercontent.com/sfzinstruments/SalamanderGrandPiano/master/Samples/D%234v7.flac	leading-silence trim: see Data/vel_XX.txt $OFFnn (samples @48k)
core	grand-sustain	required	D#4v10.flac	63	1553345	CC-BY-3.0 (author declared public domain 2022-03-04)	https://raw.githubusercontent.com/sfzinstruments/SalamanderGrandPiano/master/Samples/D%234v10.flac	leading-silence trim: see Data/vel_XX.txt $OFFnn (samples @48k)
core	grand-sustain	required	D#4v13.flac	63	1674994	CC-BY-3.0 (author declared public domain 2022-03-04)	https://raw.githubusercontent.com/sfzinstruments/SalamanderGrandPiano/master/Samples/D%234v13.flac	leading-silence trim: see Data/vel_XX.txt $OFFnn (samples @48k)
core	grand-sustain	required	D#4v16.flac	63	1617165	CC-BY-3.0 (author declared public domain 2022-03-04)	https://raw.githubusercontent.com/sfzinstruments/SalamanderGrandPiano/master/Samples/D%234v16.flac	leading-silence trim: see Data/vel_XX.txt $OFFnn (samples @48k)
core	grand-sustain	required	F#4v1.flac	66	1199292	CC-BY-3.0 (author declared public domain 2022-03-04)	https://raw.githubusercontent.com/sfzinstruments/SalamanderGrandPiano/master/Samples/F%234v1.flac	leading-silence trim: see Data/vel_XX.txt $OFFnn (samples @48k)
core	grand-sustain	required	F#4v4.flac	66	1317911	CC-BY-3.0 (author declared public domain 2022-03-04)	https://raw.githubusercontent.com/sfzinstruments/SalamanderGrandPiano/master/Samples/F%234v4.flac	leading-silence trim: see Data/vel_XX.txt $OFFnn (samples @48k)
core	grand-sustain	required	F#4v7.flac	66	1484679	CC-BY-3.0 (author declared public domain 2022-03-04)	https://raw.githubusercontent.com/sfzinstruments/SalamanderGrandPiano/master/Samples/F%234v7.flac	leading-silence trim: see Data/vel_XX.txt $OFFnn (samples @48k)
core	grand-sustain	required	F#4v10.flac	66	1495027	CC-BY-3.0 (author declared public domain 2022-03-04)	https://raw.githubusercontent.com/sfzinstruments/SalamanderGrandPiano/master/Samples/F%234v10.flac	leading-silence trim: see Data/vel_XX.txt $OFFnn (samples @48k)
core	grand-sustain	required	F#4v13.flac	66	1491508	CC-BY-3.0 (author declared public domain 2022-03-04)	https://raw.githubusercontent.com/sfzinstruments/SalamanderGrandPiano/master/Samples/F%234v13.flac	leading-silence trim: see Data/vel_XX.txt $OFFnn (samples @48k)
core	grand-sustain	required	F#4v16.flac	66	1554241	CC-BY-3.0 (author declared public domain 2022-03-04)	https://raw.githubusercontent.com/sfzinstruments/SalamanderGrandPiano/master/Samples/F%234v16.flac	leading-silence trim: see Data/vel_XX.txt $OFFnn (samples @48k)
core	grand-sustain	required	A4v1.flac	69	1302933	CC-BY-3.0 (author declared public domain 2022-03-04)	https://raw.githubusercontent.com/sfzinstruments/SalamanderGrandPiano/master/Samples/A4v1.flac	leading-silence trim: see Data/vel_XX.txt $OFFnn (samples @48k)
core	grand-sustain	required	A4v4.flac	69	1383657	CC-BY-3.0 (author declared public domain 2022-03-04)	https://raw.githubusercontent.com/sfzinstruments/SalamanderGrandPiano/master/Samples/A4v4.flac	leading-silence trim: see Data/vel_XX.txt $OFFnn (samples @48k)
core	grand-sustain	required	A4v7.flac	69	1395306	CC-BY-3.0 (author declared public domain 2022-03-04)	https://raw.githubusercontent.com/sfzinstruments/SalamanderGrandPiano/master/Samples/A4v7.flac	leading-silence trim: see Data/vel_XX.txt $OFFnn (samples @48k)
core	grand-sustain	required	A4v10.flac	69	1442501	CC-BY-3.0 (author declared public domain 2022-03-04)	https://raw.githubusercontent.com/sfzinstruments/SalamanderGrandPiano/master/Samples/A4v10.flac	leading-silence trim: see Data/vel_XX.txt $OFFnn (samples @48k)
core	grand-sustain	required	A4v13.flac	69	1468684	CC-BY-3.0 (author declared public domain 2022-03-04)	https://raw.githubusercontent.com/sfzinstruments/SalamanderGrandPiano/master/Samples/A4v13.flac	leading-silence trim: see Data/vel_XX.txt $OFFnn (samples @48k)
core	grand-sustain	required	A4v16.flac	69	1602001	CC-BY-3.0 (author declared public domain 2022-03-04)	https://raw.githubusercontent.com/sfzinstruments/SalamanderGrandPiano/master/Samples/A4v16.flac	leading-silence trim: see Data/vel_XX.txt $OFFnn (samples @48k)
core	grand-sustain	required	C5v1.flac	72	1238975	CC-BY-3.0 (author declared public domain 2022-03-04)	https://raw.githubusercontent.com/sfzinstruments/SalamanderGrandPiano/master/Samples/C5v1.flac	leading-silence trim: see Data/vel_XX.txt $OFFnn (samples @48k)
core	grand-sustain	required	C5v4.flac	72	1468588	CC-BY-3.0 (author declared public domain 2022-03-04)	https://raw.githubusercontent.com/sfzinstruments/SalamanderGrandPiano/master/Samples/C5v4.flac	leading-silence trim: see Data/vel_XX.txt $OFFnn (samples @48k)
core	grand-sustain	required	C5v7.flac	72	1543329	CC-BY-3.0 (author declared public domain 2022-03-04)	https://raw.githubusercontent.com/sfzinstruments/SalamanderGrandPiano/master/Samples/C5v7.flac	leading-silence trim: see Data/vel_XX.txt $OFFnn (samples @48k)
core	grand-sustain	required	C5v10.flac	72	1545522	CC-BY-3.0 (author declared public domain 2022-03-04)	https://raw.githubusercontent.com/sfzinstruments/SalamanderGrandPiano/master/Samples/C5v10.flac	leading-silence trim: see Data/vel_XX.txt $OFFnn (samples @48k)
core	grand-sustain	required	C5v13.flac	72	1498911	CC-BY-3.0 (author declared public domain 2022-03-04)	https://raw.githubusercontent.com/sfzinstruments/SalamanderGrandPiano/master/Samples/C5v13.flac	leading-silence trim: see Data/vel_XX.txt $OFFnn (samples @48k)
core	grand-sustain	required	C5v16.flac	72	1531778	CC-BY-3.0 (author declared public domain 2022-03-04)	https://raw.githubusercontent.com/sfzinstruments/SalamanderGrandPiano/master/Samples/C5v16.flac	leading-silence trim: see Data/vel_XX.txt $OFFnn (samples @48k)
core	grand-sustain	required	D#5v1.flac	75	1198920	CC-BY-3.0 (author declared public domain 2022-03-04)	https://raw.githubusercontent.com/sfzinstruments/SalamanderGrandPiano/master/Samples/D%235v1.flac	leading-silence trim: see Data/vel_XX.txt $OFFnn (samples @48k)
core	grand-sustain	required	D#5v4.flac	75	1263747	CC-BY-3.0 (author declared public domain 2022-03-04)	https://raw.githubusercontent.com/sfzinstruments/SalamanderGrandPiano/master/Samples/D%235v4.flac	leading-silence trim: see Data/vel_XX.txt $OFFnn (samples @48k)
core	grand-sustain	required	D#5v7.flac	75	1240910	CC-BY-3.0 (author declared public domain 2022-03-04)	https://raw.githubusercontent.com/sfzinstruments/SalamanderGrandPiano/master/Samples/D%235v7.flac	leading-silence trim: see Data/vel_XX.txt $OFFnn (samples @48k)
core	grand-sustain	required	D#5v10.flac	75	1299972	CC-BY-3.0 (author declared public domain 2022-03-04)	https://raw.githubusercontent.com/sfzinstruments/SalamanderGrandPiano/master/Samples/D%235v10.flac	leading-silence trim: see Data/vel_XX.txt $OFFnn (samples @48k)
core	grand-sustain	required	D#5v13.flac	75	1308203	CC-BY-3.0 (author declared public domain 2022-03-04)	https://raw.githubusercontent.com/sfzinstruments/SalamanderGrandPiano/master/Samples/D%235v13.flac	leading-silence trim: see Data/vel_XX.txt $OFFnn (samples @48k)
core	grand-sustain	required	D#5v16.flac	75	1413841	CC-BY-3.0 (author declared public domain 2022-03-04)	https://raw.githubusercontent.com/sfzinstruments/SalamanderGrandPiano/master/Samples/D%235v16.flac	leading-silence trim: see Data/vel_XX.txt $OFFnn (samples @48k)
core	grand-sustain	required	F#5v1.flac	78	1040868	CC-BY-3.0 (author declared public domain 2022-03-04)	https://raw.githubusercontent.com/sfzinstruments/SalamanderGrandPiano/master/Samples/F%235v1.flac	leading-silence trim: see Data/vel_XX.txt $OFFnn (samples @48k)
core	grand-sustain	required	F#5v4.flac	78	1119439	CC-BY-3.0 (author declared public domain 2022-03-04)	https://raw.githubusercontent.com/sfzinstruments/SalamanderGrandPiano/master/Samples/F%235v4.flac	leading-silence trim: see Data/vel_XX.txt $OFFnn (samples @48k)
core	grand-sustain	required	F#5v7.flac	78	1189998	CC-BY-3.0 (author declared public domain 2022-03-04)	https://raw.githubusercontent.com/sfzinstruments/SalamanderGrandPiano/master/Samples/F%235v7.flac	leading-silence trim: see Data/vel_XX.txt $OFFnn (samples @48k)
core	grand-sustain	required	F#5v10.flac	78	1147890	CC-BY-3.0 (author declared public domain 2022-03-04)	https://raw.githubusercontent.com/sfzinstruments/SalamanderGrandPiano/master/Samples/F%235v10.flac	leading-silence trim: see Data/vel_XX.txt $OFFnn (samples @48k)
core	grand-sustain	required	F#5v13.flac	78	1155608	CC-BY-3.0 (author declared public domain 2022-03-04)	https://raw.githubusercontent.com/sfzinstruments/SalamanderGrandPiano/master/Samples/F%235v13.flac	leading-silence trim: see Data/vel_XX.txt $OFFnn (samples @48k)
core	grand-sustain	required	F#5v16.flac	78	1258455	CC-BY-3.0 (author declared public domain 2022-03-04)	https://raw.githubusercontent.com/sfzinstruments/SalamanderGrandPiano/master/Samples/F%235v16.flac	leading-silence trim: see Data/vel_XX.txt $OFFnn (samples @48k)
core	grand-sustain	required	A5v1.flac	81	697245	CC-BY-3.0 (author declared public domain 2022-03-04)	https://raw.githubusercontent.com/sfzinstruments/SalamanderGrandPiano/master/Samples/A5v1.flac	leading-silence trim: see Data/vel_XX.txt $OFFnn (samples @48k)
core	grand-sustain	required	A5v4.flac	81	717980	CC-BY-3.0 (author declared public domain 2022-03-04)	https://raw.githubusercontent.com/sfzinstruments/SalamanderGrandPiano/master/Samples/A5v4.flac	leading-silence trim: see Data/vel_XX.txt $OFFnn (samples @48k)
core	grand-sustain	required	A5v7.flac	81	1093287	CC-BY-3.0 (author declared public domain 2022-03-04)	https://raw.githubusercontent.com/sfzinstruments/SalamanderGrandPiano/master/Samples/A5v7.flac	leading-silence trim: see Data/vel_XX.txt $OFFnn (samples @48k)
core	grand-sustain	required	A5v10.flac	81	1123676	CC-BY-3.0 (author declared public domain 2022-03-04)	https://raw.githubusercontent.com/sfzinstruments/SalamanderGrandPiano/master/Samples/A5v10.flac	leading-silence trim: see Data/vel_XX.txt $OFFnn (samples @48k)
core	grand-sustain	required	A5v13.flac	81	1107301	CC-BY-3.0 (author declared public domain 2022-03-04)	https://raw.githubusercontent.com/sfzinstruments/SalamanderGrandPiano/master/Samples/A5v13.flac	leading-silence trim: see Data/vel_XX.txt $OFFnn (samples @48k)
core	grand-sustain	required	A5v16.flac	81	1170434	CC-BY-3.0 (author declared public domain 2022-03-04)	https://raw.githubusercontent.com/sfzinstruments/SalamanderGrandPiano/master/Samples/A5v16.flac	leading-silence trim: see Data/vel_XX.txt $OFFnn (samples @48k)
core	grand-sustain	required	C6v1.flac	84	567727	CC-BY-3.0 (author declared public domain 2022-03-04)	https://raw.githubusercontent.com/sfzinstruments/SalamanderGrandPiano/master/Samples/C6v1.flac	leading-silence trim: see Data/vel_XX.txt $OFFnn (samples @48k)
core	grand-sustain	required	C6v4.flac	84	601137	CC-BY-3.0 (author declared public domain 2022-03-04)	https://raw.githubusercontent.com/sfzinstruments/SalamanderGrandPiano/master/Samples/C6v4.flac	leading-silence trim: see Data/vel_XX.txt $OFFnn (samples @48k)
core	grand-sustain	required	C6v7.flac	84	689877	CC-BY-3.0 (author declared public domain 2022-03-04)	https://raw.githubusercontent.com/sfzinstruments/SalamanderGrandPiano/master/Samples/C6v7.flac	leading-silence trim: see Data/vel_XX.txt $OFFnn (samples @48k)
core	grand-sustain	required	C6v10.flac	84	692563	CC-BY-3.0 (author declared public domain 2022-03-04)	https://raw.githubusercontent.com/sfzinstruments/SalamanderGrandPiano/master/Samples/C6v10.flac	leading-silence trim: see Data/vel_XX.txt $OFFnn (samples @48k)
core	grand-sustain	required	C6v13.flac	84	701778	CC-BY-3.0 (author declared public domain 2022-03-04)	https://raw.githubusercontent.com/sfzinstruments/SalamanderGrandPiano/master/Samples/C6v13.flac	leading-silence trim: see Data/vel_XX.txt $OFFnn (samples @48k)
core	grand-sustain	required	C6v16.flac	84	730412	CC-BY-3.0 (author declared public domain 2022-03-04)	https://raw.githubusercontent.com/sfzinstruments/SalamanderGrandPiano/master/Samples/C6v16.flac	leading-silence trim: see Data/vel_XX.txt $OFFnn (samples @48k)
core	grand-sustain	required	D#6v1.flac	87	767576	CC-BY-3.0 (author declared public domain 2022-03-04)	https://raw.githubusercontent.com/sfzinstruments/SalamanderGrandPiano/master/Samples/D%236v1.flac	leading-silence trim: see Data/vel_XX.txt $OFFnn (samples @48k)
core	grand-sustain	required	D#6v4.flac	87	743953	CC-BY-3.0 (author declared public domain 2022-03-04)	https://raw.githubusercontent.com/sfzinstruments/SalamanderGrandPiano/master/Samples/D%236v4.flac	leading-silence trim: see Data/vel_XX.txt $OFFnn (samples @48k)
core	grand-sustain	required	D#6v7.flac	87	771589	CC-BY-3.0 (author declared public domain 2022-03-04)	https://raw.githubusercontent.com/sfzinstruments/SalamanderGrandPiano/master/Samples/D%236v7.flac	leading-silence trim: see Data/vel_XX.txt $OFFnn (samples @48k)
core	grand-sustain	required	D#6v10.flac	87	783385	CC-BY-3.0 (author declared public domain 2022-03-04)	https://raw.githubusercontent.com/sfzinstruments/SalamanderGrandPiano/master/Samples/D%236v10.flac	leading-silence trim: see Data/vel_XX.txt $OFFnn (samples @48k)
core	grand-sustain	required	D#6v13.flac	87	805108	CC-BY-3.0 (author declared public domain 2022-03-04)	https://raw.githubusercontent.com/sfzinstruments/SalamanderGrandPiano/master/Samples/D%236v13.flac	leading-silence trim: see Data/vel_XX.txt $OFFnn (samples @48k)
core	grand-sustain	required	D#6v16.flac	87	781652	CC-BY-3.0 (author declared public domain 2022-03-04)	https://raw.githubusercontent.com/sfzinstruments/SalamanderGrandPiano/master/Samples/D%236v16.flac	leading-silence trim: see Data/vel_XX.txt $OFFnn (samples @48k)
core	grand-sustain	required	F#6v1.flac	90	458733	CC-BY-3.0 (author declared public domain 2022-03-04)	https://raw.githubusercontent.com/sfzinstruments/SalamanderGrandPiano/master/Samples/F%236v1.flac	leading-silence trim: see Data/vel_XX.txt $OFFnn (samples @48k)
core	grand-sustain	required	F#6v4.flac	90	605865	CC-BY-3.0 (author declared public domain 2022-03-04)	https://raw.githubusercontent.com/sfzinstruments/SalamanderGrandPiano/master/Samples/F%236v4.flac	leading-silence trim: see Data/vel_XX.txt $OFFnn (samples @48k)
core	grand-sustain	required	F#6v7.flac	90	682900	CC-BY-3.0 (author declared public domain 2022-03-04)	https://raw.githubusercontent.com/sfzinstruments/SalamanderGrandPiano/master/Samples/F%236v7.flac	leading-silence trim: see Data/vel_XX.txt $OFFnn (samples @48k)
core	grand-sustain	required	F#6v10.flac	90	696164	CC-BY-3.0 (author declared public domain 2022-03-04)	https://raw.githubusercontent.com/sfzinstruments/SalamanderGrandPiano/master/Samples/F%236v10.flac	leading-silence trim: see Data/vel_XX.txt $OFFnn (samples @48k)
core	grand-sustain	required	F#6v13.flac	90	655144	CC-BY-3.0 (author declared public domain 2022-03-04)	https://raw.githubusercontent.com/sfzinstruments/SalamanderGrandPiano/master/Samples/F%236v13.flac	leading-silence trim: see Data/vel_XX.txt $OFFnn (samples @48k)
core	grand-sustain	required	F#6v16.flac	90	701195	CC-BY-3.0 (author declared public domain 2022-03-04)	https://raw.githubusercontent.com/sfzinstruments/SalamanderGrandPiano/master/Samples/F%236v16.flac	leading-silence trim: see Data/vel_XX.txt $OFFnn (samples @48k)
core	grand-sustain	required	A6v1.flac	93	526856	CC-BY-3.0 (author declared public domain 2022-03-04)	https://raw.githubusercontent.com/sfzinstruments/SalamanderGrandPiano/master/Samples/A6v1.flac	leading-silence trim: see Data/vel_XX.txt $OFFnn (samples @48k)
core	grand-sustain	required	A6v4.flac	93	620431	CC-BY-3.0 (author declared public domain 2022-03-04)	https://raw.githubusercontent.com/sfzinstruments/SalamanderGrandPiano/master/Samples/A6v4.flac	leading-silence trim: see Data/vel_XX.txt $OFFnn (samples @48k)
core	grand-sustain	required	A6v7.flac	93	667567	CC-BY-3.0 (author declared public domain 2022-03-04)	https://raw.githubusercontent.com/sfzinstruments/SalamanderGrandPiano/master/Samples/A6v7.flac	leading-silence trim: see Data/vel_XX.txt $OFFnn (samples @48k)
core	grand-sustain	required	A6v10.flac	93	677301	CC-BY-3.0 (author declared public domain 2022-03-04)	https://raw.githubusercontent.com/sfzinstruments/SalamanderGrandPiano/master/Samples/A6v10.flac	leading-silence trim: see Data/vel_XX.txt $OFFnn (samples @48k)
core	grand-sustain	required	A6v13.flac	93	670257	CC-BY-3.0 (author declared public domain 2022-03-04)	https://raw.githubusercontent.com/sfzinstruments/SalamanderGrandPiano/master/Samples/A6v13.flac	leading-silence trim: see Data/vel_XX.txt $OFFnn (samples @48k)
core	grand-sustain	required	A6v16.flac	93	724195	CC-BY-3.0 (author declared public domain 2022-03-04)	https://raw.githubusercontent.com/sfzinstruments/SalamanderGrandPiano/master/Samples/A6v16.flac	leading-silence trim: see Data/vel_XX.txt $OFFnn (samples @48k)
core	grand-sustain	required	C7v1.flac	96	405957	CC-BY-3.0 (author declared public domain 2022-03-04)	https://raw.githubusercontent.com/sfzinstruments/SalamanderGrandPiano/master/Samples/C7v1.flac	leading-silence trim: see Data/vel_XX.txt $OFFnn (samples @48k)
core	grand-sustain	required	C7v4.flac	96	401277	CC-BY-3.0 (author declared public domain 2022-03-04)	https://raw.githubusercontent.com/sfzinstruments/SalamanderGrandPiano/master/Samples/C7v4.flac	leading-silence trim: see Data/vel_XX.txt $OFFnn (samples @48k)
core	grand-sustain	required	C7v7.flac	96	441141	CC-BY-3.0 (author declared public domain 2022-03-04)	https://raw.githubusercontent.com/sfzinstruments/SalamanderGrandPiano/master/Samples/C7v7.flac	leading-silence trim: see Data/vel_XX.txt $OFFnn (samples @48k)
core	grand-sustain	required	C7v10.flac	96	459825	CC-BY-3.0 (author declared public domain 2022-03-04)	https://raw.githubusercontent.com/sfzinstruments/SalamanderGrandPiano/master/Samples/C7v10.flac	leading-silence trim: see Data/vel_XX.txt $OFFnn (samples @48k)
core	grand-sustain	required	C7v13.flac	96	470922	CC-BY-3.0 (author declared public domain 2022-03-04)	https://raw.githubusercontent.com/sfzinstruments/SalamanderGrandPiano/master/Samples/C7v13.flac	leading-silence trim: see Data/vel_XX.txt $OFFnn (samples @48k)
core	grand-sustain	required	C7v16.flac	96	462505	CC-BY-3.0 (author declared public domain 2022-03-04)	https://raw.githubusercontent.com/sfzinstruments/SalamanderGrandPiano/master/Samples/C7v16.flac	leading-silence trim: see Data/vel_XX.txt $OFFnn (samples @48k)
core	grand-sustain	required	D#7v1.flac	99	486944	CC-BY-3.0 (author declared public domain 2022-03-04)	https://raw.githubusercontent.com/sfzinstruments/SalamanderGrandPiano/master/Samples/D%237v1.flac	leading-silence trim: see Data/vel_XX.txt $OFFnn (samples @48k)
core	grand-sustain	required	D#7v4.flac	99	473644	CC-BY-3.0 (author declared public domain 2022-03-04)	https://raw.githubusercontent.com/sfzinstruments/SalamanderGrandPiano/master/Samples/D%237v4.flac	leading-silence trim: see Data/vel_XX.txt $OFFnn (samples @48k)
core	grand-sustain	required	D#7v7.flac	99	475024	CC-BY-3.0 (author declared public domain 2022-03-04)	https://raw.githubusercontent.com/sfzinstruments/SalamanderGrandPiano/master/Samples/D%237v7.flac	leading-silence trim: see Data/vel_XX.txt $OFFnn (samples @48k)
core	grand-sustain	required	D#7v10.flac	99	489991	CC-BY-3.0 (author declared public domain 2022-03-04)	https://raw.githubusercontent.com/sfzinstruments/SalamanderGrandPiano/master/Samples/D%237v10.flac	leading-silence trim: see Data/vel_XX.txt $OFFnn (samples @48k)
core	grand-sustain	required	D#7v13.flac	99	483234	CC-BY-3.0 (author declared public domain 2022-03-04)	https://raw.githubusercontent.com/sfzinstruments/SalamanderGrandPiano/master/Samples/D%237v13.flac	leading-silence trim: see Data/vel_XX.txt $OFFnn (samples @48k)
core	grand-sustain	required	D#7v16.flac	99	551221	CC-BY-3.0 (author declared public domain 2022-03-04)	https://raw.githubusercontent.com/sfzinstruments/SalamanderGrandPiano/master/Samples/D%237v16.flac	leading-silence trim: see Data/vel_XX.txt $OFFnn (samples @48k)
core	grand-sustain	required	F#7v1.flac	102	585050	CC-BY-3.0 (author declared public domain 2022-03-04)	https://raw.githubusercontent.com/sfzinstruments/SalamanderGrandPiano/master/Samples/F%237v1.flac	leading-silence trim: see Data/vel_XX.txt $OFFnn (samples @48k)
core	grand-sustain	required	F#7v4.flac	102	570635	CC-BY-3.0 (author declared public domain 2022-03-04)	https://raw.githubusercontent.com/sfzinstruments/SalamanderGrandPiano/master/Samples/F%237v4.flac	leading-silence trim: see Data/vel_XX.txt $OFFnn (samples @48k)
core	grand-sustain	required	F#7v7.flac	102	555659	CC-BY-3.0 (author declared public domain 2022-03-04)	https://raw.githubusercontent.com/sfzinstruments/SalamanderGrandPiano/master/Samples/F%237v7.flac	leading-silence trim: see Data/vel_XX.txt $OFFnn (samples @48k)
core	grand-sustain	required	F#7v10.flac	102	573186	CC-BY-3.0 (author declared public domain 2022-03-04)	https://raw.githubusercontent.com/sfzinstruments/SalamanderGrandPiano/master/Samples/F%237v10.flac	leading-silence trim: see Data/vel_XX.txt $OFFnn (samples @48k)
core	grand-sustain	required	F#7v13.flac	102	572098	CC-BY-3.0 (author declared public domain 2022-03-04)	https://raw.githubusercontent.com/sfzinstruments/SalamanderGrandPiano/master/Samples/F%237v13.flac	leading-silence trim: see Data/vel_XX.txt $OFFnn (samples @48k)
core	grand-sustain	required	F#7v16.flac	102	565916	CC-BY-3.0 (author declared public domain 2022-03-04)	https://raw.githubusercontent.com/sfzinstruments/SalamanderGrandPiano/master/Samples/F%237v16.flac	leading-silence trim: see Data/vel_XX.txt $OFFnn (samples @48k)
core	grand-sustain	required	A7v1.flac	105	241393	CC-BY-3.0 (author declared public domain 2022-03-04)	https://raw.githubusercontent.com/sfzinstruments/SalamanderGrandPiano/master/Samples/A7v1.flac	leading-silence trim: see Data/vel_XX.txt $OFFnn (samples @48k)
core	grand-sustain	required	A7v4.flac	105	366018	CC-BY-3.0 (author declared public domain 2022-03-04)	https://raw.githubusercontent.com/sfzinstruments/SalamanderGrandPiano/master/Samples/A7v4.flac	leading-silence trim: see Data/vel_XX.txt $OFFnn (samples @48k)
core	grand-sustain	required	A7v7.flac	105	349834	CC-BY-3.0 (author declared public domain 2022-03-04)	https://raw.githubusercontent.com/sfzinstruments/SalamanderGrandPiano/master/Samples/A7v7.flac	leading-silence trim: see Data/vel_XX.txt $OFFnn (samples @48k)
core	grand-sustain	required	A7v10.flac	105	377699	CC-BY-3.0 (author declared public domain 2022-03-04)	https://raw.githubusercontent.com/sfzinstruments/SalamanderGrandPiano/master/Samples/A7v10.flac	leading-silence trim: see Data/vel_XX.txt $OFFnn (samples @48k)
core	grand-sustain	required	A7v13.flac	105	384467	CC-BY-3.0 (author declared public domain 2022-03-04)	https://raw.githubusercontent.com/sfzinstruments/SalamanderGrandPiano/master/Samples/A7v13.flac	leading-silence trim: see Data/vel_XX.txt $OFFnn (samples @48k)
core	grand-sustain	required	A7v16.flac	105	384330	CC-BY-3.0 (author declared public domain 2022-03-04)	https://raw.githubusercontent.com/sfzinstruments/SalamanderGrandPiano/master/Samples/A7v16.flac	leading-silence trim: see Data/vel_XX.txt $OFFnn (samples @48k)
core	grand-sustain	required	C8v1.flac	108	331147	CC-BY-3.0 (author declared public domain 2022-03-04)	https://raw.githubusercontent.com/sfzinstruments/SalamanderGrandPiano/master/Samples/C8v1.flac	leading-silence trim: see Data/vel_XX.txt $OFFnn (samples @48k)
core	grand-sustain	required	C8v4.flac	108	306364	CC-BY-3.0 (author declared public domain 2022-03-04)	https://raw.githubusercontent.com/sfzinstruments/SalamanderGrandPiano/master/Samples/C8v4.flac	leading-silence trim: see Data/vel_XX.txt $OFFnn (samples @48k)
core	grand-sustain	required	C8v7.flac	108	395305	CC-BY-3.0 (author declared public domain 2022-03-04)	https://raw.githubusercontent.com/sfzinstruments/SalamanderGrandPiano/master/Samples/C8v7.flac	leading-silence trim: see Data/vel_XX.txt $OFFnn (samples @48k)
core	grand-sustain	required	C8v10.flac	108	412965	CC-BY-3.0 (author declared public domain 2022-03-04)	https://raw.githubusercontent.com/sfzinstruments/SalamanderGrandPiano/master/Samples/C8v10.flac	leading-silence trim: see Data/vel_XX.txt $OFFnn (samples @48k)
core	grand-sustain	required	C8v13.flac	108	443825	CC-BY-3.0 (author declared public domain 2022-03-04)	https://raw.githubusercontent.com/sfzinstruments/SalamanderGrandPiano/master/Samples/C8v13.flac	leading-silence trim: see Data/vel_XX.txt $OFFnn (samples @48k)
core	grand-sustain	required	C8v16.flac	108	421807	CC-BY-3.0 (author declared public domain 2022-03-04)	https://raw.githubusercontent.com/sfzinstruments/SalamanderGrandPiano/master/Samples/C8v16.flac	leading-silence trim: see Data/vel_XX.txt $OFFnn (samples @48k)
core	grand-release	required	rel1.flac	21	65800	CC-BY-3.0 (author declared public domain 2022-03-04)	https://raw.githubusercontent.com/sfzinstruments/SalamanderGrandPiano/master/Samples/rel1.flac	key-release (damper/hammer) noise, 1 per key
core	grand-release	required	rel2.flac	22	65814	CC-BY-3.0 (author declared public domain 2022-03-04)	https://raw.githubusercontent.com/sfzinstruments/SalamanderGrandPiano/master/Samples/rel2.flac	key-release (damper/hammer) noise, 1 per key
core	grand-release	required	rel3.flac	23	62713	CC-BY-3.0 (author declared public domain 2022-03-04)	https://raw.githubusercontent.com/sfzinstruments/SalamanderGrandPiano/master/Samples/rel3.flac	key-release (damper/hammer) noise, 1 per key
core	grand-release	required	rel4.flac	24	65645	CC-BY-3.0 (author declared public domain 2022-03-04)	https://raw.githubusercontent.com/sfzinstruments/SalamanderGrandPiano/master/Samples/rel4.flac	key-release (damper/hammer) noise, 1 per key
core	grand-release	required	rel5.flac	25	67904	CC-BY-3.0 (author declared public domain 2022-03-04)	https://raw.githubusercontent.com/sfzinstruments/SalamanderGrandPiano/master/Samples/rel5.flac	key-release (damper/hammer) noise, 1 per key
core	grand-release	required	rel6.flac	26	64228	CC-BY-3.0 (author declared public domain 2022-03-04)	https://raw.githubusercontent.com/sfzinstruments/SalamanderGrandPiano/master/Samples/rel6.flac	key-release (damper/hammer) noise, 1 per key
core	grand-release	required	rel7.flac	27	65815	CC-BY-3.0 (author declared public domain 2022-03-04)	https://raw.githubusercontent.com/sfzinstruments/SalamanderGrandPiano/master/Samples/rel7.flac	key-release (damper/hammer) noise, 1 per key
core	grand-release	required	rel8.flac	28	66131	CC-BY-3.0 (author declared public domain 2022-03-04)	https://raw.githubusercontent.com/sfzinstruments/SalamanderGrandPiano/master/Samples/rel8.flac	key-release (damper/hammer) noise, 1 per key
core	grand-release	required	rel9.flac	29	63913	CC-BY-3.0 (author declared public domain 2022-03-04)	https://raw.githubusercontent.com/sfzinstruments/SalamanderGrandPiano/master/Samples/rel9.flac	key-release (damper/hammer) noise, 1 per key
core	grand-release	required	rel10.flac	30	64739	CC-BY-3.0 (author declared public domain 2022-03-04)	https://raw.githubusercontent.com/sfzinstruments/SalamanderGrandPiano/master/Samples/rel10.flac	key-release (damper/hammer) noise, 1 per key
core	grand-release	required	rel11.flac	31	62880	CC-BY-3.0 (author declared public domain 2022-03-04)	https://raw.githubusercontent.com/sfzinstruments/SalamanderGrandPiano/master/Samples/rel11.flac	key-release (damper/hammer) noise, 1 per key
core	grand-release	required	rel12.flac	32	65049	CC-BY-3.0 (author declared public domain 2022-03-04)	https://raw.githubusercontent.com/sfzinstruments/SalamanderGrandPiano/master/Samples/rel12.flac	key-release (damper/hammer) noise, 1 per key
core	grand-release	required	rel13.flac	33	63589	CC-BY-3.0 (author declared public domain 2022-03-04)	https://raw.githubusercontent.com/sfzinstruments/SalamanderGrandPiano/master/Samples/rel13.flac	key-release (damper/hammer) noise, 1 per key
core	grand-release	required	rel14.flac	34	65184	CC-BY-3.0 (author declared public domain 2022-03-04)	https://raw.githubusercontent.com/sfzinstruments/SalamanderGrandPiano/master/Samples/rel14.flac	key-release (damper/hammer) noise, 1 per key
core	grand-release	required	rel15.flac	35	64733	CC-BY-3.0 (author declared public domain 2022-03-04)	https://raw.githubusercontent.com/sfzinstruments/SalamanderGrandPiano/master/Samples/rel15.flac	key-release (damper/hammer) noise, 1 per key
core	grand-release	required	rel16.flac	36	64941	CC-BY-3.0 (author declared public domain 2022-03-04)	https://raw.githubusercontent.com/sfzinstruments/SalamanderGrandPiano/master/Samples/rel16.flac	key-release (damper/hammer) noise, 1 per key
core	grand-release	required	rel17.flac	37	63124	CC-BY-3.0 (author declared public domain 2022-03-04)	https://raw.githubusercontent.com/sfzinstruments/SalamanderGrandPiano/master/Samples/rel17.flac	key-release (damper/hammer) noise, 1 per key
core	grand-release	required	rel18.flac	38	64463	CC-BY-3.0 (author declared public domain 2022-03-04)	https://raw.githubusercontent.com/sfzinstruments/SalamanderGrandPiano/master/Samples/rel18.flac	key-release (damper/hammer) noise, 1 per key
core	grand-release	required	rel19.flac	39	65818	CC-BY-3.0 (author declared public domain 2022-03-04)	https://raw.githubusercontent.com/sfzinstruments/SalamanderGrandPiano/master/Samples/rel19.flac	key-release (damper/hammer) noise, 1 per key
core	grand-release	required	rel20.flac	40	63266	CC-BY-3.0 (author declared public domain 2022-03-04)	https://raw.githubusercontent.com/sfzinstruments/SalamanderGrandPiano/master/Samples/rel20.flac	key-release (damper/hammer) noise, 1 per key
core	grand-release	required	rel21.flac	41	61488	CC-BY-3.0 (author declared public domain 2022-03-04)	https://raw.githubusercontent.com/sfzinstruments/SalamanderGrandPiano/master/Samples/rel21.flac	key-release (damper/hammer) noise, 1 per key
core	grand-release	required	rel22.flac	42	62347	CC-BY-3.0 (author declared public domain 2022-03-04)	https://raw.githubusercontent.com/sfzinstruments/SalamanderGrandPiano/master/Samples/rel22.flac	key-release (damper/hammer) noise, 1 per key
core	grand-release	required	rel23.flac	43	63501	CC-BY-3.0 (author declared public domain 2022-03-04)	https://raw.githubusercontent.com/sfzinstruments/SalamanderGrandPiano/master/Samples/rel23.flac	key-release (damper/hammer) noise, 1 per key
core	grand-release	required	rel24.flac	44	63789	CC-BY-3.0 (author declared public domain 2022-03-04)	https://raw.githubusercontent.com/sfzinstruments/SalamanderGrandPiano/master/Samples/rel24.flac	key-release (damper/hammer) noise, 1 per key
core	grand-release	required	rel25.flac	45	63836	CC-BY-3.0 (author declared public domain 2022-03-04)	https://raw.githubusercontent.com/sfzinstruments/SalamanderGrandPiano/master/Samples/rel25.flac	key-release (damper/hammer) noise, 1 per key
core	grand-release	required	rel26.flac	46	64540	CC-BY-3.0 (author declared public domain 2022-03-04)	https://raw.githubusercontent.com/sfzinstruments/SalamanderGrandPiano/master/Samples/rel26.flac	key-release (damper/hammer) noise, 1 per key
core	grand-release	required	rel27.flac	47	63514	CC-BY-3.0 (author declared public domain 2022-03-04)	https://raw.githubusercontent.com/sfzinstruments/SalamanderGrandPiano/master/Samples/rel27.flac	key-release (damper/hammer) noise, 1 per key
core	grand-release	required	rel28.flac	48	62755	CC-BY-3.0 (author declared public domain 2022-03-04)	https://raw.githubusercontent.com/sfzinstruments/SalamanderGrandPiano/master/Samples/rel28.flac	key-release (damper/hammer) noise, 1 per key
core	grand-release	required	rel29.flac	49	64416	CC-BY-3.0 (author declared public domain 2022-03-04)	https://raw.githubusercontent.com/sfzinstruments/SalamanderGrandPiano/master/Samples/rel29.flac	key-release (damper/hammer) noise, 1 per key
core	grand-release	required	rel30.flac	50	62281	CC-BY-3.0 (author declared public domain 2022-03-04)	https://raw.githubusercontent.com/sfzinstruments/SalamanderGrandPiano/master/Samples/rel30.flac	key-release (damper/hammer) noise, 1 per key
core	grand-release	required	rel31.flac	51	64405	CC-BY-3.0 (author declared public domain 2022-03-04)	https://raw.githubusercontent.com/sfzinstruments/SalamanderGrandPiano/master/Samples/rel31.flac	key-release (damper/hammer) noise, 1 per key
core	grand-release	required	rel32.flac	52	63896	CC-BY-3.0 (author declared public domain 2022-03-04)	https://raw.githubusercontent.com/sfzinstruments/SalamanderGrandPiano/master/Samples/rel32.flac	key-release (damper/hammer) noise, 1 per key
core	grand-release	required	rel33.flac	53	65237	CC-BY-3.0 (author declared public domain 2022-03-04)	https://raw.githubusercontent.com/sfzinstruments/SalamanderGrandPiano/master/Samples/rel33.flac	key-release (damper/hammer) noise, 1 per key
core	grand-release	required	rel34.flac	54	65028	CC-BY-3.0 (author declared public domain 2022-03-04)	https://raw.githubusercontent.com/sfzinstruments/SalamanderGrandPiano/master/Samples/rel34.flac	key-release (damper/hammer) noise, 1 per key
core	grand-release	required	rel35.flac	55	62480	CC-BY-3.0 (author declared public domain 2022-03-04)	https://raw.githubusercontent.com/sfzinstruments/SalamanderGrandPiano/master/Samples/rel35.flac	key-release (damper/hammer) noise, 1 per key
core	grand-release	required	rel36.flac	56	63338	CC-BY-3.0 (author declared public domain 2022-03-04)	https://raw.githubusercontent.com/sfzinstruments/SalamanderGrandPiano/master/Samples/rel36.flac	key-release (damper/hammer) noise, 1 per key
core	grand-release	required	rel37.flac	57	63314	CC-BY-3.0 (author declared public domain 2022-03-04)	https://raw.githubusercontent.com/sfzinstruments/SalamanderGrandPiano/master/Samples/rel37.flac	key-release (damper/hammer) noise, 1 per key
core	grand-release	required	rel38.flac	58	62182	CC-BY-3.0 (author declared public domain 2022-03-04)	https://raw.githubusercontent.com/sfzinstruments/SalamanderGrandPiano/master/Samples/rel38.flac	key-release (damper/hammer) noise, 1 per key
core	grand-release	required	rel39.flac	59	62861	CC-BY-3.0 (author declared public domain 2022-03-04)	https://raw.githubusercontent.com/sfzinstruments/SalamanderGrandPiano/master/Samples/rel39.flac	key-release (damper/hammer) noise, 1 per key
core	grand-release	required	rel40.flac	60	63966	CC-BY-3.0 (author declared public domain 2022-03-04)	https://raw.githubusercontent.com/sfzinstruments/SalamanderGrandPiano/master/Samples/rel40.flac	key-release (damper/hammer) noise, 1 per key
core	grand-release	required	rel41.flac	61	62226	CC-BY-3.0 (author declared public domain 2022-03-04)	https://raw.githubusercontent.com/sfzinstruments/SalamanderGrandPiano/master/Samples/rel41.flac	key-release (damper/hammer) noise, 1 per key
core	grand-release	required	rel42.flac	62	63106	CC-BY-3.0 (author declared public domain 2022-03-04)	https://raw.githubusercontent.com/sfzinstruments/SalamanderGrandPiano/master/Samples/rel42.flac	key-release (damper/hammer) noise, 1 per key
core	grand-release	required	rel43.flac	63	61000	CC-BY-3.0 (author declared public domain 2022-03-04)	https://raw.githubusercontent.com/sfzinstruments/SalamanderGrandPiano/master/Samples/rel43.flac	key-release (damper/hammer) noise, 1 per key
core	grand-release	required	rel44.flac	64	64654	CC-BY-3.0 (author declared public domain 2022-03-04)	https://raw.githubusercontent.com/sfzinstruments/SalamanderGrandPiano/master/Samples/rel44.flac	key-release (damper/hammer) noise, 1 per key
core	grand-release	required	rel45.flac	65	64774	CC-BY-3.0 (author declared public domain 2022-03-04)	https://raw.githubusercontent.com/sfzinstruments/SalamanderGrandPiano/master/Samples/rel45.flac	key-release (damper/hammer) noise, 1 per key
core	grand-release	required	rel46.flac	66	60464	CC-BY-3.0 (author declared public domain 2022-03-04)	https://raw.githubusercontent.com/sfzinstruments/SalamanderGrandPiano/master/Samples/rel46.flac	key-release (damper/hammer) noise, 1 per key
core	grand-release	required	rel47.flac	67	63775	CC-BY-3.0 (author declared public domain 2022-03-04)	https://raw.githubusercontent.com/sfzinstruments/SalamanderGrandPiano/master/Samples/rel47.flac	key-release (damper/hammer) noise, 1 per key
core	grand-release	required	rel48.flac	68	62870	CC-BY-3.0 (author declared public domain 2022-03-04)	https://raw.githubusercontent.com/sfzinstruments/SalamanderGrandPiano/master/Samples/rel48.flac	key-release (damper/hammer) noise, 1 per key
core	grand-release	required	rel49.flac	69	65187	CC-BY-3.0 (author declared public domain 2022-03-04)	https://raw.githubusercontent.com/sfzinstruments/SalamanderGrandPiano/master/Samples/rel49.flac	key-release (damper/hammer) noise, 1 per key
core	grand-release	required	rel50.flac	70	64851	CC-BY-3.0 (author declared public domain 2022-03-04)	https://raw.githubusercontent.com/sfzinstruments/SalamanderGrandPiano/master/Samples/rel50.flac	key-release (damper/hammer) noise, 1 per key
core	grand-release	required	rel51.flac	71	64456	CC-BY-3.0 (author declared public domain 2022-03-04)	https://raw.githubusercontent.com/sfzinstruments/SalamanderGrandPiano/master/Samples/rel51.flac	key-release (damper/hammer) noise, 1 per key
core	grand-release	required	rel52.flac	72	61757	CC-BY-3.0 (author declared public domain 2022-03-04)	https://raw.githubusercontent.com/sfzinstruments/SalamanderGrandPiano/master/Samples/rel52.flac	key-release (damper/hammer) noise, 1 per key
core	grand-release	required	rel53.flac	73	65363	CC-BY-3.0 (author declared public domain 2022-03-04)	https://raw.githubusercontent.com/sfzinstruments/SalamanderGrandPiano/master/Samples/rel53.flac	key-release (damper/hammer) noise, 1 per key
core	grand-release	required	rel54.flac	74	64475	CC-BY-3.0 (author declared public domain 2022-03-04)	https://raw.githubusercontent.com/sfzinstruments/SalamanderGrandPiano/master/Samples/rel54.flac	key-release (damper/hammer) noise, 1 per key
core	grand-release	required	rel55.flac	75	60317	CC-BY-3.0 (author declared public domain 2022-03-04)	https://raw.githubusercontent.com/sfzinstruments/SalamanderGrandPiano/master/Samples/rel55.flac	key-release (damper/hammer) noise, 1 per key
core	grand-release	required	rel56.flac	76	60661	CC-BY-3.0 (author declared public domain 2022-03-04)	https://raw.githubusercontent.com/sfzinstruments/SalamanderGrandPiano/master/Samples/rel56.flac	key-release (damper/hammer) noise, 1 per key
core	grand-release	required	rel57.flac	77	62320	CC-BY-3.0 (author declared public domain 2022-03-04)	https://raw.githubusercontent.com/sfzinstruments/SalamanderGrandPiano/master/Samples/rel57.flac	key-release (damper/hammer) noise, 1 per key
core	grand-release	required	rel58.flac	78	62869	CC-BY-3.0 (author declared public domain 2022-03-04)	https://raw.githubusercontent.com/sfzinstruments/SalamanderGrandPiano/master/Samples/rel58.flac	key-release (damper/hammer) noise, 1 per key
core	grand-release	required	rel59.flac	79	64365	CC-BY-3.0 (author declared public domain 2022-03-04)	https://raw.githubusercontent.com/sfzinstruments/SalamanderGrandPiano/master/Samples/rel59.flac	key-release (damper/hammer) noise, 1 per key
core	grand-release	required	rel60.flac	80	62794	CC-BY-3.0 (author declared public domain 2022-03-04)	https://raw.githubusercontent.com/sfzinstruments/SalamanderGrandPiano/master/Samples/rel60.flac	key-release (damper/hammer) noise, 1 per key
core	grand-release	required	rel61.flac	81	62634	CC-BY-3.0 (author declared public domain 2022-03-04)	https://raw.githubusercontent.com/sfzinstruments/SalamanderGrandPiano/master/Samples/rel61.flac	key-release (damper/hammer) noise, 1 per key
core	grand-release	required	rel62.flac	82	64289	CC-BY-3.0 (author declared public domain 2022-03-04)	https://raw.githubusercontent.com/sfzinstruments/SalamanderGrandPiano/master/Samples/rel62.flac	key-release (damper/hammer) noise, 1 per key
core	grand-release	required	rel63.flac	83	63445	CC-BY-3.0 (author declared public domain 2022-03-04)	https://raw.githubusercontent.com/sfzinstruments/SalamanderGrandPiano/master/Samples/rel63.flac	key-release (damper/hammer) noise, 1 per key
core	grand-release	required	rel64.flac	84	61812	CC-BY-3.0 (author declared public domain 2022-03-04)	https://raw.githubusercontent.com/sfzinstruments/SalamanderGrandPiano/master/Samples/rel64.flac	key-release (damper/hammer) noise, 1 per key
core	grand-release	required	rel65.flac	85	63777	CC-BY-3.0 (author declared public domain 2022-03-04)	https://raw.githubusercontent.com/sfzinstruments/SalamanderGrandPiano/master/Samples/rel65.flac	key-release (damper/hammer) noise, 1 per key
core	grand-release	required	rel66.flac	86	63113	CC-BY-3.0 (author declared public domain 2022-03-04)	https://raw.githubusercontent.com/sfzinstruments/SalamanderGrandPiano/master/Samples/rel66.flac	key-release (damper/hammer) noise, 1 per key
core	grand-release	required	rel67.flac	87	62209	CC-BY-3.0 (author declared public domain 2022-03-04)	https://raw.githubusercontent.com/sfzinstruments/SalamanderGrandPiano/master/Samples/rel67.flac	key-release (damper/hammer) noise, 1 per key
core	grand-release	required	rel68.flac	88	63016	CC-BY-3.0 (author declared public domain 2022-03-04)	https://raw.githubusercontent.com/sfzinstruments/SalamanderGrandPiano/master/Samples/rel68.flac	key-release (damper/hammer) noise, 1 per key
core	grand-release	required	rel69.flac	89	63634	CC-BY-3.0 (author declared public domain 2022-03-04)	https://raw.githubusercontent.com/sfzinstruments/SalamanderGrandPiano/master/Samples/rel69.flac	key-release (damper/hammer) noise, 1 per key
core	grand-release	required	rel70.flac	90	62235	CC-BY-3.0 (author declared public domain 2022-03-04)	https://raw.githubusercontent.com/sfzinstruments/SalamanderGrandPiano/master/Samples/rel70.flac	key-release (damper/hammer) noise, 1 per key
core	grand-release	required	rel71.flac	91	64302	CC-BY-3.0 (author declared public domain 2022-03-04)	https://raw.githubusercontent.com/sfzinstruments/SalamanderGrandPiano/master/Samples/rel71.flac	key-release (damper/hammer) noise, 1 per key
core	grand-release	required	rel72.flac	92	64955	CC-BY-3.0 (author declared public domain 2022-03-04)	https://raw.githubusercontent.com/sfzinstruments/SalamanderGrandPiano/master/Samples/rel72.flac	key-release (damper/hammer) noise, 1 per key
core	grand-release	required	rel73.flac	93	65240	CC-BY-3.0 (author declared public domain 2022-03-04)	https://raw.githubusercontent.com/sfzinstruments/SalamanderGrandPiano/master/Samples/rel73.flac	key-release (damper/hammer) noise, 1 per key
core	grand-release	required	rel74.flac	94	63103	CC-BY-3.0 (author declared public domain 2022-03-04)	https://raw.githubusercontent.com/sfzinstruments/SalamanderGrandPiano/master/Samples/rel74.flac	key-release (damper/hammer) noise, 1 per key
core	grand-release	required	rel75.flac	95	62389	CC-BY-3.0 (author declared public domain 2022-03-04)	https://raw.githubusercontent.com/sfzinstruments/SalamanderGrandPiano/master/Samples/rel75.flac	key-release (damper/hammer) noise, 1 per key
core	grand-release	required	rel76.flac	96	55686	CC-BY-3.0 (author declared public domain 2022-03-04)	https://raw.githubusercontent.com/sfzinstruments/SalamanderGrandPiano/master/Samples/rel76.flac	key-release (damper/hammer) noise, 1 per key
core	grand-release	required	rel77.flac	97	64076	CC-BY-3.0 (author declared public domain 2022-03-04)	https://raw.githubusercontent.com/sfzinstruments/SalamanderGrandPiano/master/Samples/rel77.flac	key-release (damper/hammer) noise, 1 per key
core	grand-release	required	rel78.flac	98	64028	CC-BY-3.0 (author declared public domain 2022-03-04)	https://raw.githubusercontent.com/sfzinstruments/SalamanderGrandPiano/master/Samples/rel78.flac	key-release (damper/hammer) noise, 1 per key
core	grand-release	required	rel79.flac	99	65881	CC-BY-3.0 (author declared public domain 2022-03-04)	https://raw.githubusercontent.com/sfzinstruments/SalamanderGrandPiano/master/Samples/rel79.flac	key-release (damper/hammer) noise, 1 per key
core	grand-release	required	rel80.flac	100	66306	CC-BY-3.0 (author declared public domain 2022-03-04)	https://raw.githubusercontent.com/sfzinstruments/SalamanderGrandPiano/master/Samples/rel80.flac	key-release (damper/hammer) noise, 1 per key
core	grand-release	required	rel81.flac	101	58584	CC-BY-3.0 (author declared public domain 2022-03-04)	https://raw.githubusercontent.com/sfzinstruments/SalamanderGrandPiano/master/Samples/rel81.flac	key-release (damper/hammer) noise, 1 per key
core	grand-release	required	rel82.flac	102	67693	CC-BY-3.0 (author declared public domain 2022-03-04)	https://raw.githubusercontent.com/sfzinstruments/SalamanderGrandPiano/master/Samples/rel82.flac	key-release (damper/hammer) noise, 1 per key
core	grand-release	required	rel83.flac	103	65751	CC-BY-3.0 (author declared public domain 2022-03-04)	https://raw.githubusercontent.com/sfzinstruments/SalamanderGrandPiano/master/Samples/rel83.flac	key-release (damper/hammer) noise, 1 per key
core	grand-release	required	rel84.flac	104	65091	CC-BY-3.0 (author declared public domain 2022-03-04)	https://raw.githubusercontent.com/sfzinstruments/SalamanderGrandPiano/master/Samples/rel84.flac	key-release (damper/hammer) noise, 1 per key
core	grand-release	required	rel85.flac	105	64606	CC-BY-3.0 (author declared public domain 2022-03-04)	https://raw.githubusercontent.com/sfzinstruments/SalamanderGrandPiano/master/Samples/rel85.flac	key-release (damper/hammer) noise, 1 per key
core	grand-release	required	rel86.flac	106	66664	CC-BY-3.0 (author declared public domain 2022-03-04)	https://raw.githubusercontent.com/sfzinstruments/SalamanderGrandPiano/master/Samples/rel86.flac	key-release (damper/hammer) noise, 1 per key
core	grand-release	required	rel87.flac	107	64663	CC-BY-3.0 (author declared public domain 2022-03-04)	https://raw.githubusercontent.com/sfzinstruments/SalamanderGrandPiano/master/Samples/rel87.flac	key-release (damper/hammer) noise, 1 per key
core	grand-release	required	rel88.flac	108	63299	CC-BY-3.0 (author declared public domain 2022-03-04)	https://raw.githubusercontent.com/sfzinstruments/SalamanderGrandPiano/master/Samples/rel88.flac	key-release (damper/hammer) noise, 1 per key
core	grand-pedal	required	pedalD1.flac		824409	CC-BY-3.0 (author declared public domain 2022-03-04)	https://raw.githubusercontent.com/sfzinstruments/SalamanderGrandPiano/master/Samples/pedalD1.flac	D=pedal down, U=pedal up; 2 round robins each
core	grand-pedal	required	pedalD2.flac		832915	CC-BY-3.0 (author declared public domain 2022-03-04)	https://raw.githubusercontent.com/sfzinstruments/SalamanderGrandPiano/master/Samples/pedalD2.flac	D=pedal down, U=pedal up; 2 round robins each
core	grand-pedal	required	pedalU1.flac		77855	CC-BY-3.0 (author declared public domain 2022-03-04)	https://raw.githubusercontent.com/sfzinstruments/SalamanderGrandPiano/master/Samples/pedalU1.flac	D=pedal down, U=pedal up; 2 round robins each
core	grand-pedal	required	pedalU2.flac		67694	CC-BY-3.0 (author declared public domain 2022-03-04)	https://raw.githubusercontent.com/sfzinstruments/SalamanderGrandPiano/master/Samples/pedalU2.flac	D=pedal down, U=pedal up; 2 round robins each
core	grand-docs	required	hammer.txt		4497	CC-BY-3.0 (author declared public domain 2022-03-04)	https://raw.githubusercontent.com/sfzinstruments/SalamanderGrandPiano/master/Data/hammer.txt	
core	grand-docs	required	notes.txt		1306	CC-BY-3.0 (author declared public domain 2022-03-04)	https://raw.githubusercontent.com/sfzinstruments/SalamanderGrandPiano/master/Data/notes.txt	
core	grand-docs	required	pedal.txt		502	CC-BY-3.0 (author declared public domain 2022-03-04)	https://raw.githubusercontent.com/sfzinstruments/SalamanderGrandPiano/master/Data/pedal.txt	
core	grand-docs	required	region.txt		3787	CC-BY-3.0 (author declared public domain 2022-03-04)	https://raw.githubusercontent.com/sfzinstruments/SalamanderGrandPiano/master/Data/region.txt	
core	grand-docs	required	str_res.txt		6484	CC-BY-3.0 (author declared public domain 2022-03-04)	https://raw.githubusercontent.com/sfzinstruments/SalamanderGrandPiano/master/Data/str_res.txt	
core	grand-docs	required	tune_nat.txt		539	CC-BY-3.0 (author declared public domain 2022-03-04)	https://raw.githubusercontent.com/sfzinstruments/SalamanderGrandPiano/master/Data/tune_nat.txt	
core	grand-docs	required	tune_ret.txt		576	CC-BY-3.0 (author declared public domain 2022-03-04)	https://raw.githubusercontent.com/sfzinstruments/SalamanderGrandPiano/master/Data/tune_ret.txt	
core	grand-docs	required	vel_01.txt		621	CC-BY-3.0 (author declared public domain 2022-03-04)	https://raw.githubusercontent.com/sfzinstruments/SalamanderGrandPiano/master/Data/vel_01.txt	
core	grand-docs	required	vel_02.txt		620	CC-BY-3.0 (author declared public domain 2022-03-04)	https://raw.githubusercontent.com/sfzinstruments/SalamanderGrandPiano/master/Data/vel_02.txt	
core	grand-docs	required	vel_03.txt		624	CC-BY-3.0 (author declared public domain 2022-03-04)	https://raw.githubusercontent.com/sfzinstruments/SalamanderGrandPiano/master/Data/vel_03.txt	
core	grand-docs	required	vel_04.txt		622	CC-BY-3.0 (author declared public domain 2022-03-04)	https://raw.githubusercontent.com/sfzinstruments/SalamanderGrandPiano/master/Data/vel_04.txt	
core	grand-docs	required	vel_05.txt		622	CC-BY-3.0 (author declared public domain 2022-03-04)	https://raw.githubusercontent.com/sfzinstruments/SalamanderGrandPiano/master/Data/vel_05.txt	
core	grand-docs	required	vel_06.txt		622	CC-BY-3.0 (author declared public domain 2022-03-04)	https://raw.githubusercontent.com/sfzinstruments/SalamanderGrandPiano/master/Data/vel_06.txt	
core	grand-docs	required	vel_07.txt		620	CC-BY-3.0 (author declared public domain 2022-03-04)	https://raw.githubusercontent.com/sfzinstruments/SalamanderGrandPiano/master/Data/vel_07.txt	
core	grand-docs	required	vel_08.txt		621	CC-BY-3.0 (author declared public domain 2022-03-04)	https://raw.githubusercontent.com/sfzinstruments/SalamanderGrandPiano/master/Data/vel_08.txt	
core	grand-docs	required	vel_09.txt		621	CC-BY-3.0 (author declared public domain 2022-03-04)	https://raw.githubusercontent.com/sfzinstruments/SalamanderGrandPiano/master/Data/vel_09.txt	
core	grand-docs	required	vel_10.txt		622	CC-BY-3.0 (author declared public domain 2022-03-04)	https://raw.githubusercontent.com/sfzinstruments/SalamanderGrandPiano/master/Data/vel_10.txt	
core	grand-docs	required	vel_11.txt		622	CC-BY-3.0 (author declared public domain 2022-03-04)	https://raw.githubusercontent.com/sfzinstruments/SalamanderGrandPiano/master/Data/vel_11.txt	
core	grand-docs	required	vel_12.txt		622	CC-BY-3.0 (author declared public domain 2022-03-04)	https://raw.githubusercontent.com/sfzinstruments/SalamanderGrandPiano/master/Data/vel_12.txt	
core	grand-docs	required	vel_13.txt		622	CC-BY-3.0 (author declared public domain 2022-03-04)	https://raw.githubusercontent.com/sfzinstruments/SalamanderGrandPiano/master/Data/vel_13.txt	
core	grand-docs	required	vel_14.txt		624	CC-BY-3.0 (author declared public domain 2022-03-04)	https://raw.githubusercontent.com/sfzinstruments/SalamanderGrandPiano/master/Data/vel_14.txt	
core	grand-docs	required	vel_15.txt		622	CC-BY-3.0 (author declared public domain 2022-03-04)	https://raw.githubusercontent.com/sfzinstruments/SalamanderGrandPiano/master/Data/vel_15.txt	
core	grand-docs	required	vel_16.txt		623	CC-BY-3.0 (author declared public domain 2022-03-04)	https://raw.githubusercontent.com/sfzinstruments/SalamanderGrandPiano/master/Data/vel_16.txt	
core	grand-docs	required	LICENSE		19467	CC-BY-3.0 (author declared public domain 2022-03-04)	https://raw.githubusercontent.com/sfzinstruments/SalamanderGrandPiano/master/LICENSE	
core	grand-docs	required	README.md		4980	CC-BY-3.0 (author declared public domain 2022-03-04)	https://raw.githubusercontent.com/sfzinstruments/SalamanderGrandPiano/master/README.md	
core	grand-docs	required	Salamander Grand Piano V3.sfz		2113	CC-BY-3.0 (author declared public domain 2022-03-04)	https://raw.githubusercontent.com/sfzinstruments/SalamanderGrandPiano/master/Salamander%20Grand%20Piano%20V3.sfz	
core	upright-sustain	required	Player_vl1_rr1_A-1.wav	21	4500238	CC0-1.0	https://raw.githubusercontent.com/sgossner/VCSL/master/Chordophones/Zithers/Upright%20Piano%2C%20Knight/Sustains/Player_vl1_rr1_A-1.wav	vl1 (0-83) / vl2 (84-127) per VCSL sfz
core	upright-sustain	required	Player_vl1_rr1_A0.wav	33	4936726	CC0-1.0	https://raw.githubusercontent.com/sgossner/VCSL/master/Chordophones/Zithers/Upright%20Piano%2C%20Knight/Sustains/Player_vl1_rr1_A0.wav	vl1 (0-83) / vl2 (84-127) per VCSL sfz
core	upright-sustain	required	Player_vl1_rr1_A1.wav	45	6306106	CC0-1.0	https://raw.githubusercontent.com/sgossner/VCSL/master/Chordophones/Zithers/Upright%20Piano%2C%20Knight/Sustains/Player_vl1_rr1_A1.wav	vl1 (0-83) / vl2 (84-127) per VCSL sfz
core	upright-sustain	required	Player_vl1_rr1_A2.wav	57	5748202	CC0-1.0	https://raw.githubusercontent.com/sgossner/VCSL/master/Chordophones/Zithers/Upright%20Piano%2C%20Knight/Sustains/Player_vl1_rr1_A2.wav	vl1 (0-83) / vl2 (84-127) per VCSL sfz
core	upright-sustain	required	Player_vl1_rr1_A3.wav	69	3204940	CC0-1.0	https://raw.githubusercontent.com/sgossner/VCSL/master/Chordophones/Zithers/Upright%20Piano%2C%20Knight/Sustains/Player_vl1_rr1_A3.wav	vl1 (0-83) / vl2 (84-127) per VCSL sfz
core	upright-sustain	required	Player_vl1_rr1_A4.wav	81	3144364	CC0-1.0	https://raw.githubusercontent.com/sgossner/VCSL/master/Chordophones/Zithers/Upright%20Piano%2C%20Knight/Sustains/Player_vl1_rr1_A4.wav	vl1 (0-83) / vl2 (84-127) per VCSL sfz
core	upright-sustain	required	Player_vl1_rr1_A5.wav	93	2254930	CC0-1.0	https://raw.githubusercontent.com/sgossner/VCSL/master/Chordophones/Zithers/Upright%20Piano%2C%20Knight/Sustains/Player_vl1_rr1_A5.wav	vl1 (0-83) / vl2 (84-127) per VCSL sfz
core	upright-sustain	required	Player_vl1_rr1_A6.wav	105	633034	CC0-1.0	https://raw.githubusercontent.com/sgossner/VCSL/master/Chordophones/Zithers/Upright%20Piano%2C%20Knight/Sustains/Player_vl1_rr1_A6.wav	vl1 (0-83) / vl2 (84-127) per VCSL sfz
core	upright-sustain	required	Player_vl1_rr1_B-1.wav	23	5751334	CC0-1.0	https://raw.githubusercontent.com/sgossner/VCSL/master/Chordophones/Zithers/Upright%20Piano%2C%20Knight/Sustains/Player_vl1_rr1_B-1.wav	vl1 (0-83) / vl2 (84-127) per VCSL sfz
core	upright-sustain	required	Player_vl1_rr1_B0.wav	35	6109564	CC0-1.0	https://raw.githubusercontent.com/sgossner/VCSL/master/Chordophones/Zithers/Upright%20Piano%2C%20Knight/Sustains/Player_vl1_rr1_B0.wav	vl1 (0-83) / vl2 (84-127) per VCSL sfz
core	upright-sustain	required	Player_vl1_rr1_B1.wav	47	5554372	CC0-1.0	https://raw.githubusercontent.com/sgossner/VCSL/master/Chordophones/Zithers/Upright%20Piano%2C%20Knight/Sustains/Player_vl1_rr1_B1.wav	vl1 (0-83) / vl2 (84-127) per VCSL sfz
core	upright-sustain	required	Player_vl1_rr1_B2.wav	59	4470514	CC0-1.0	https://raw.githubusercontent.com/sgossner/VCSL/master/Chordophones/Zithers/Upright%20Piano%2C%20Knight/Sustains/Player_vl1_rr1_B2.wav	vl1 (0-83) / vl2 (84-127) per VCSL sfz
core	upright-sustain	required	Player_vl1_rr1_B3.wav	71	2607616	CC0-1.0	https://raw.githubusercontent.com/sgossner/VCSL/master/Chordophones/Zithers/Upright%20Piano%2C%20Knight/Sustains/Player_vl1_rr1_B3.wav	vl1 (0-83) / vl2 (84-127) per VCSL sfz
core	upright-sustain	required	Player_vl1_rr1_B4.wav	83	2598868	CC0-1.0	https://raw.githubusercontent.com/sgossner/VCSL/master/Chordophones/Zithers/Upright%20Piano%2C%20Knight/Sustains/Player_vl1_rr1_B4.wav	vl1 (0-83) / vl2 (84-127) per VCSL sfz
core	upright-sustain	required	Player_vl1_rr1_B5.wav	95	1499404	CC0-1.0	https://raw.githubusercontent.com/sgossner/VCSL/master/Chordophones/Zithers/Upright%20Piano%2C%20Knight/Sustains/Player_vl1_rr1_B5.wav	vl1 (0-83) / vl2 (84-127) per VCSL sfz
core	upright-sustain	required	Player_vl1_rr1_B6.wav	107	632848	CC0-1.0	https://raw.githubusercontent.com/sgossner/VCSL/master/Chordophones/Zithers/Upright%20Piano%2C%20Knight/Sustains/Player_vl1_rr1_B6.wav	vl1 (0-83) / vl2 (84-127) per VCSL sfz
core	upright-sustain	required	Player_vl1_rr1_C#0.wav	25	6074254	CC0-1.0	https://raw.githubusercontent.com/sgossner/VCSL/master/Chordophones/Zithers/Upright%20Piano%2C%20Knight/Sustains/Player_vl1_rr1_C%230.wav	vl1 (0-83) / vl2 (84-127) per VCSL sfz
core	upright-sustain	required	Player_vl1_rr1_C#1.wav	37	6862312	CC0-1.0	https://raw.githubusercontent.com/sgossner/VCSL/master/Chordophones/Zithers/Upright%20Piano%2C%20Knight/Sustains/Player_vl1_rr1_C%231.wav	vl1 (0-83) / vl2 (84-127) per VCSL sfz
core	upright-sustain	required	Player_vl1_rr1_C#2.wav	49	6180628	CC0-1.0	https://raw.githubusercontent.com/sgossner/VCSL/master/Chordophones/Zithers/Upright%20Piano%2C%20Knight/Sustains/Player_vl1_rr1_C%232.wav	vl1 (0-83) / vl2 (84-127) per VCSL sfz
core	upright-sustain	required	Player_vl1_rr1_C#3.wav	61	4346848	CC0-1.0	https://raw.githubusercontent.com/sgossner/VCSL/master/Chordophones/Zithers/Upright%20Piano%2C%20Knight/Sustains/Player_vl1_rr1_C%233.wav	vl1 (0-83) / vl2 (84-127) per VCSL sfz
core	upright-sustain	required	Player_vl1_rr1_C#4.wav	73	2656870	CC0-1.0	https://raw.githubusercontent.com/sgossner/VCSL/master/Chordophones/Zithers/Upright%20Piano%2C%20Knight/Sustains/Player_vl1_rr1_C%234.wav	vl1 (0-83) / vl2 (84-127) per VCSL sfz
core	upright-sustain	required	Player_vl1_rr1_C#5.wav	85	2888572	CC0-1.0	https://raw.githubusercontent.com/sgossner/VCSL/master/Chordophones/Zithers/Upright%20Piano%2C%20Knight/Sustains/Player_vl1_rr1_C%235.wav	vl1 (0-83) / vl2 (84-127) per VCSL sfz
core	upright-sustain	required	Player_vl1_rr1_C#6.wav	97	1425370	CC0-1.0	https://raw.githubusercontent.com/sgossner/VCSL/master/Chordophones/Zithers/Upright%20Piano%2C%20Knight/Sustains/Player_vl1_rr1_C%236.wav	vl1 (0-83) / vl2 (84-127) per VCSL sfz
core	upright-sustain	required	Player_vl1_rr1_C7.wav	108	581164	CC0-1.0	https://raw.githubusercontent.com/sgossner/VCSL/master/Chordophones/Zithers/Upright%20Piano%2C%20Knight/Sustains/Player_vl1_rr1_C7.wav	vl1 (0-83) / vl2 (84-127) per VCSL sfz
core	upright-sustain	required	Player_vl1_rr1_D#0.wav	27	5233702	CC0-1.0	https://raw.githubusercontent.com/sgossner/VCSL/master/Chordophones/Zithers/Upright%20Piano%2C%20Knight/Sustains/Player_vl1_rr1_D%230.wav	vl1 (0-83) / vl2 (84-127) per VCSL sfz
core	upright-sustain	required	Player_vl1_rr1_D#1.wav	39	6133414	CC0-1.0	https://raw.githubusercontent.com/sgossner/VCSL/master/Chordophones/Zithers/Upright%20Piano%2C%20Knight/Sustains/Player_vl1_rr1_D%231.wav	vl1 (0-83) / vl2 (84-127) per VCSL sfz
core	upright-sustain	required	Player_vl1_rr1_D#2.wav	51	5285302	CC0-1.0	https://raw.githubusercontent.com/sgossner/VCSL/master/Chordophones/Zithers/Upright%20Piano%2C%20Knight/Sustains/Player_vl1_rr1_D%232.wav	vl1 (0-83) / vl2 (84-127) per VCSL sfz
core	upright-sustain	required	Player_vl1_rr1_D#3.wav	63	4126108	CC0-1.0	https://raw.githubusercontent.com/sgossner/VCSL/master/Chordophones/Zithers/Upright%20Piano%2C%20Knight/Sustains/Player_vl1_rr1_D%233.wav	vl1 (0-83) / vl2 (84-127) per VCSL sfz
core	upright-sustain	required	Player_vl1_rr1_D#4.wav	75	3320278	CC0-1.0	https://raw.githubusercontent.com/sgossner/VCSL/master/Chordophones/Zithers/Upright%20Piano%2C%20Knight/Sustains/Player_vl1_rr1_D%234.wav	vl1 (0-83) / vl2 (84-127) per VCSL sfz
core	upright-sustain	required	Player_vl1_rr1_D#5.wav	87	2542840	CC0-1.0	https://raw.githubusercontent.com/sgossner/VCSL/master/Chordophones/Zithers/Upright%20Piano%2C%20Knight/Sustains/Player_vl1_rr1_D%235.wav	vl1 (0-83) / vl2 (84-127) per VCSL sfz
core	upright-sustain	required	Player_vl1_rr1_D#6.wav	99	830092	CC0-1.0	https://raw.githubusercontent.com/sgossner/VCSL/master/Chordophones/Zithers/Upright%20Piano%2C%20Knight/Sustains/Player_vl1_rr1_D%236.wav	vl1 (0-83) / vl2 (84-127) per VCSL sfz
core	upright-sustain	required	Player_vl1_rr1_F0.wav	29	5625058	CC0-1.0	https://raw.githubusercontent.com/sgossner/VCSL/master/Chordophones/Zithers/Upright%20Piano%2C%20Knight/Sustains/Player_vl1_rr1_F0.wav	vl1 (0-83) / vl2 (84-127) per VCSL sfz
core	upright-sustain	required	Player_vl1_rr1_F1.wav	41	7572904	CC0-1.0	https://raw.githubusercontent.com/sgossner/VCSL/master/Chordophones/Zithers/Upright%20Piano%2C%20Knight/Sustains/Player_vl1_rr1_F1.wav	vl1 (0-83) / vl2 (84-127) per VCSL sfz
core	upright-sustain	required	Player_vl1_rr1_F2.wav	53	4643212	CC0-1.0	https://raw.githubusercontent.com/sgossner/VCSL/master/Chordophones/Zithers/Upright%20Piano%2C%20Knight/Sustains/Player_vl1_rr1_F2.wav	vl1 (0-83) / vl2 (84-127) per VCSL sfz
core	upright-sustain	required	Player_vl1_rr1_F3.wav	65	4476550	CC0-1.0	https://raw.githubusercontent.com/sgossner/VCSL/master/Chordophones/Zithers/Upright%20Piano%2C%20Knight/Sustains/Player_vl1_rr1_F3.wav	vl1 (0-83) / vl2 (84-127) per VCSL sfz
core	upright-sustain	required	Player_vl1_rr1_F4.wav	77	3008866	CC0-1.0	https://raw.githubusercontent.com/sgossner/VCSL/master/Chordophones/Zithers/Upright%20Piano%2C%20Knight/Sustains/Player_vl1_rr1_F4.wav	vl1 (0-83) / vl2 (84-127) per VCSL sfz
core	upright-sustain	required	Player_vl1_rr1_F5.wav	89	2605408	CC0-1.0	https://raw.githubusercontent.com/sgossner/VCSL/master/Chordophones/Zithers/Upright%20Piano%2C%20Knight/Sustains/Player_vl1_rr1_F5.wav	vl1 (0-83) / vl2 (84-127) per VCSL sfz
core	upright-sustain	required	Player_vl1_rr1_F6.wav	101	667948	CC0-1.0	https://raw.githubusercontent.com/sgossner/VCSL/master/Chordophones/Zithers/Upright%20Piano%2C%20Knight/Sustains/Player_vl1_rr1_F6.wav	vl1 (0-83) / vl2 (84-127) per VCSL sfz
core	upright-sustain	required	Player_vl1_rr1_G0.wav	31	5096770	CC0-1.0	https://raw.githubusercontent.com/sgossner/VCSL/master/Chordophones/Zithers/Upright%20Piano%2C%20Knight/Sustains/Player_vl1_rr1_G0.wav	vl1 (0-83) / vl2 (84-127) per VCSL sfz
core	upright-sustain	required	Player_vl1_rr1_G1.wav	43	6599956	CC0-1.0	https://raw.githubusercontent.com/sgossner/VCSL/master/Chordophones/Zithers/Upright%20Piano%2C%20Knight/Sustains/Player_vl1_rr1_G1.wav	vl1 (0-83) / vl2 (84-127) per VCSL sfz
core	upright-sustain	required	Player_vl1_rr1_G2.wav	55	4494526	CC0-1.0	https://raw.githubusercontent.com/sgossner/VCSL/master/Chordophones/Zithers/Upright%20Piano%2C%20Knight/Sustains/Player_vl1_rr1_G2.wav	vl1 (0-83) / vl2 (84-127) per VCSL sfz
core	upright-sustain	required	Player_vl1_rr1_G3.wav	67	4545196	CC0-1.0	https://raw.githubusercontent.com/sgossner/VCSL/master/Chordophones/Zithers/Upright%20Piano%2C%20Knight/Sustains/Player_vl1_rr1_G3.wav	vl1 (0-83) / vl2 (84-127) per VCSL sfz
core	upright-sustain	required	Player_vl1_rr1_G4.wav	79	3052366	CC0-1.0	https://raw.githubusercontent.com/sgossner/VCSL/master/Chordophones/Zithers/Upright%20Piano%2C%20Knight/Sustains/Player_vl1_rr1_G4.wav	vl1 (0-83) / vl2 (84-127) per VCSL sfz
core	upright-sustain	required	Player_vl1_rr1_G5.wav	91	2851384	CC0-1.0	https://raw.githubusercontent.com/sgossner/VCSL/master/Chordophones/Zithers/Upright%20Piano%2C%20Knight/Sustains/Player_vl1_rr1_G5.wav	vl1 (0-83) / vl2 (84-127) per VCSL sfz
core	upright-sustain	required	Player_vl1_rr1_G6.wav	103	621916	CC0-1.0	https://raw.githubusercontent.com/sgossner/VCSL/master/Chordophones/Zithers/Upright%20Piano%2C%20Knight/Sustains/Player_vl1_rr1_G6.wav	vl1 (0-83) / vl2 (84-127) per VCSL sfz
core	upright-sustain	required	Player_vl2_rr1_A-1.wav	21	6918652	CC0-1.0	https://raw.githubusercontent.com/sgossner/VCSL/master/Chordophones/Zithers/Upright%20Piano%2C%20Knight/Sustains/Player_vl2_rr1_A-1.wav	vl1 (0-83) / vl2 (84-127) per VCSL sfz
core	upright-sustain	required	Player_vl2_rr1_A0.wav	33	6210712	CC0-1.0	https://raw.githubusercontent.com/sgossner/VCSL/master/Chordophones/Zithers/Upright%20Piano%2C%20Knight/Sustains/Player_vl2_rr1_A0.wav	vl1 (0-83) / vl2 (84-127) per VCSL sfz
core	upright-sustain	required	Player_vl2_rr1_A1.wav	45	6153220	CC0-1.0	https://raw.githubusercontent.com/sgossner/VCSL/master/Chordophones/Zithers/Upright%20Piano%2C%20Knight/Sustains/Player_vl2_rr1_A1.wav	vl1 (0-83) / vl2 (84-127) per VCSL sfz
core	upright-sustain	required	Player_vl2_rr1_A2.wav	57	5608348	CC0-1.0	https://raw.githubusercontent.com/sgossner/VCSL/master/Chordophones/Zithers/Upright%20Piano%2C%20Knight/Sustains/Player_vl2_rr1_A2.wav	vl1 (0-83) / vl2 (84-127) per VCSL sfz
core	upright-sustain	required	Player_vl2_rr1_A3.wav	69	4721116	CC0-1.0	https://raw.githubusercontent.com/sgossner/VCSL/master/Chordophones/Zithers/Upright%20Piano%2C%20Knight/Sustains/Player_vl2_rr1_A3.wav	vl1 (0-83) / vl2 (84-127) per VCSL sfz
core	upright-sustain	required	Player_vl2_rr1_A4.wav	81	3738850	CC0-1.0	https://raw.githubusercontent.com/sgossner/VCSL/master/Chordophones/Zithers/Upright%20Piano%2C%20Knight/Sustains/Player_vl2_rr1_A4.wav	vl1 (0-83) / vl2 (84-127) per VCSL sfz
core	upright-sustain	required	Player_vl2_rr1_A5.wav	93	1487410	CC0-1.0	https://raw.githubusercontent.com/sgossner/VCSL/master/Chordophones/Zithers/Upright%20Piano%2C%20Knight/Sustains/Player_vl2_rr1_A5.wav	vl1 (0-83) / vl2 (84-127) per VCSL sfz
core	upright-sustain	required	Player_vl2_rr1_A6.wav	105	472108	CC0-1.0	https://raw.githubusercontent.com/sgossner/VCSL/master/Chordophones/Zithers/Upright%20Piano%2C%20Knight/Sustains/Player_vl2_rr1_A6.wav	vl1 (0-83) / vl2 (84-127) per VCSL sfz
core	upright-sustain	required	Player_vl2_rr1_B-1.wav	23	5378476	CC0-1.0	https://raw.githubusercontent.com/sgossner/VCSL/master/Chordophones/Zithers/Upright%20Piano%2C%20Knight/Sustains/Player_vl2_rr1_B-1.wav	vl1 (0-83) / vl2 (84-127) per VCSL sfz
core	upright-sustain	required	Player_vl2_rr1_B0.wav	35	8199298	CC0-1.0	https://raw.githubusercontent.com/sgossner/VCSL/master/Chordophones/Zithers/Upright%20Piano%2C%20Knight/Sustains/Player_vl2_rr1_B0.wav	vl1 (0-83) / vl2 (84-127) per VCSL sfz
core	upright-sustain	required	Player_vl2_rr1_B1.wav	47	6388654	CC0-1.0	https://raw.githubusercontent.com/sgossner/VCSL/master/Chordophones/Zithers/Upright%20Piano%2C%20Knight/Sustains/Player_vl2_rr1_B1.wav	vl1 (0-83) / vl2 (84-127) per VCSL sfz
core	upright-sustain	required	Player_vl2_rr1_B2.wav	59	5814610	CC0-1.0	https://raw.githubusercontent.com/sgossner/VCSL/master/Chordophones/Zithers/Upright%20Piano%2C%20Knight/Sustains/Player_vl2_rr1_B2.wav	vl1 (0-83) / vl2 (84-127) per VCSL sfz
core	upright-sustain	required	Player_vl2_rr1_B3.wav	71	3634996	CC0-1.0	https://raw.githubusercontent.com/sgossner/VCSL/master/Chordophones/Zithers/Upright%20Piano%2C%20Knight/Sustains/Player_vl2_rr1_B3.wav	vl1 (0-83) / vl2 (84-127) per VCSL sfz
core	upright-sustain	required	Player_vl2_rr1_B4.wav	83	3834226	CC0-1.0	https://raw.githubusercontent.com/sgossner/VCSL/master/Chordophones/Zithers/Upright%20Piano%2C%20Knight/Sustains/Player_vl2_rr1_B4.wav	vl1 (0-83) / vl2 (84-127) per VCSL sfz
core	upright-sustain	required	Player_vl2_rr1_B5.wav	95	933508	CC0-1.0	https://raw.githubusercontent.com/sgossner/VCSL/master/Chordophones/Zithers/Upright%20Piano%2C%20Knight/Sustains/Player_vl2_rr1_B5.wav	vl1 (0-83) / vl2 (84-127) per VCSL sfz
core	upright-sustain	required	Player_vl2_rr1_B6.wav	107	621826	CC0-1.0	https://raw.githubusercontent.com/sgossner/VCSL/master/Chordophones/Zithers/Upright%20Piano%2C%20Knight/Sustains/Player_vl2_rr1_B6.wav	vl1 (0-83) / vl2 (84-127) per VCSL sfz
core	upright-sustain	required	Player_vl2_rr1_C#0.wav	25	6462502	CC0-1.0	https://raw.githubusercontent.com/sgossner/VCSL/master/Chordophones/Zithers/Upright%20Piano%2C%20Knight/Sustains/Player_vl2_rr1_C%230.wav	vl1 (0-83) / vl2 (84-127) per VCSL sfz
core	upright-sustain	required	Player_vl2_rr1_C#1.wav	37	7063150	CC0-1.0	https://raw.githubusercontent.com/sgossner/VCSL/master/Chordophones/Zithers/Upright%20Piano%2C%20Knight/Sustains/Player_vl2_rr1_C%231.wav	vl1 (0-83) / vl2 (84-127) per VCSL sfz
core	upright-sustain	required	Player_vl2_rr1_C#2.wav	49	5030746	CC0-1.0	https://raw.githubusercontent.com/sgossner/VCSL/master/Chordophones/Zithers/Upright%20Piano%2C%20Knight/Sustains/Player_vl2_rr1_C%232.wav	vl1 (0-83) / vl2 (84-127) per VCSL sfz
core	upright-sustain	required	Player_vl2_rr1_C#3.wav	61	5212972	CC0-1.0	https://raw.githubusercontent.com/sgossner/VCSL/master/Chordophones/Zithers/Upright%20Piano%2C%20Knight/Sustains/Player_vl2_rr1_C%233.wav	vl1 (0-83) / vl2 (84-127) per VCSL sfz
core	upright-sustain	required	Player_vl2_rr1_C#4.wav	73	3849658	CC0-1.0	https://raw.githubusercontent.com/sgossner/VCSL/master/Chordophones/Zithers/Upright%20Piano%2C%20Knight/Sustains/Player_vl2_rr1_C%234.wav	vl1 (0-83) / vl2 (84-127) per VCSL sfz
core	upright-sustain	required	Player_vl2_rr1_C#5.wav	85	3372646	CC0-1.0	https://raw.githubusercontent.com/sgossner/VCSL/master/Chordophones/Zithers/Upright%20Piano%2C%20Knight/Sustains/Player_vl2_rr1_C%235.wav	vl1 (0-83) / vl2 (84-127) per VCSL sfz
core	upright-sustain	required	Player_vl2_rr1_C#6.wav	97	927712	CC0-1.0	https://raw.githubusercontent.com/sgossner/VCSL/master/Chordophones/Zithers/Upright%20Piano%2C%20Knight/Sustains/Player_vl2_rr1_C%236.wav	vl1 (0-83) / vl2 (84-127) per VCSL sfz
core	upright-sustain	required	Player_vl2_rr1_C7.wav	108	615094	CC0-1.0	https://raw.githubusercontent.com/sgossner/VCSL/master/Chordophones/Zithers/Upright%20Piano%2C%20Knight/Sustains/Player_vl2_rr1_C7.wav	vl1 (0-83) / vl2 (84-127) per VCSL sfz
core	upright-sustain	required	Player_vl2_rr1_D#0.wav	27	6006910	CC0-1.0	https://raw.githubusercontent.com/sgossner/VCSL/master/Chordophones/Zithers/Upright%20Piano%2C%20Knight/Sustains/Player_vl2_rr1_D%230.wav	vl1 (0-83) / vl2 (84-127) per VCSL sfz
core	upright-sustain	required	Player_vl2_rr1_D#1.wav	39	6150352	CC0-1.0	https://raw.githubusercontent.com/sgossner/VCSL/master/Chordophones/Zithers/Upright%20Piano%2C%20Knight/Sustains/Player_vl2_rr1_D%231.wav	vl1 (0-83) / vl2 (84-127) per VCSL sfz
core	upright-sustain	required	Player_vl2_rr1_D#2.wav	51	5321248	CC0-1.0	https://raw.githubusercontent.com/sgossner/VCSL/master/Chordophones/Zithers/Upright%20Piano%2C%20Knight/Sustains/Player_vl2_rr1_D%232.wav	vl1 (0-83) / vl2 (84-127) per VCSL sfz
core	upright-sustain	required	Player_vl2_rr1_D#3.wav	63	4634740	CC0-1.0	https://raw.githubusercontent.com/sgossner/VCSL/master/Chordophones/Zithers/Upright%20Piano%2C%20Knight/Sustains/Player_vl2_rr1_D%233.wav	vl1 (0-83) / vl2 (84-127) per VCSL sfz
core	upright-sustain	required	Player_vl2_rr1_D#4.wav	75	4744456	CC0-1.0	https://raw.githubusercontent.com/sgossner/VCSL/master/Chordophones/Zithers/Upright%20Piano%2C%20Knight/Sustains/Player_vl2_rr1_D%234.wav	vl1 (0-83) / vl2 (84-127) per VCSL sfz
core	upright-sustain	required	Player_vl2_rr1_D#5.wav	87	3088258	CC0-1.0	https://raw.githubusercontent.com/sgossner/VCSL/master/Chordophones/Zithers/Upright%20Piano%2C%20Knight/Sustains/Player_vl2_rr1_D%235.wav	vl1 (0-83) / vl2 (84-127) per VCSL sfz
core	upright-sustain	required	Player_vl2_rr1_D#6.wav	99	647284	CC0-1.0	https://raw.githubusercontent.com/sgossner/VCSL/master/Chordophones/Zithers/Upright%20Piano%2C%20Knight/Sustains/Player_vl2_rr1_D%236.wav	vl1 (0-83) / vl2 (84-127) per VCSL sfz
core	upright-sustain	required	Player_vl2_rr1_F0.wav	29	6156106	CC0-1.0	https://raw.githubusercontent.com/sgossner/VCSL/master/Chordophones/Zithers/Upright%20Piano%2C%20Knight/Sustains/Player_vl2_rr1_F0.wav	vl1 (0-83) / vl2 (84-127) per VCSL sfz
core	upright-sustain	required	Player_vl2_rr1_F1.wav	41	6946702	CC0-1.0	https://raw.githubusercontent.com/sgossner/VCSL/master/Chordophones/Zithers/Upright%20Piano%2C%20Knight/Sustains/Player_vl2_rr1_F1.wav	vl1 (0-83) / vl2 (84-127) per VCSL sfz
core	upright-sustain	required	Player_vl2_rr1_F2.wav	53	5759260	CC0-1.0	https://raw.githubusercontent.com/sgossner/VCSL/master/Chordophones/Zithers/Upright%20Piano%2C%20Knight/Sustains/Player_vl2_rr1_F2.wav	vl1 (0-83) / vl2 (84-127) per VCSL sfz
core	upright-sustain	required	Player_vl2_rr1_F3.wav	65	4898926	CC0-1.0	https://raw.githubusercontent.com/sgossner/VCSL/master/Chordophones/Zithers/Upright%20Piano%2C%20Knight/Sustains/Player_vl2_rr1_F3.wav	vl1 (0-83) / vl2 (84-127) per VCSL sfz
core	upright-sustain	required	Player_vl2_rr1_F4.wav	77	2854090	CC0-1.0	https://raw.githubusercontent.com/sgossner/VCSL/master/Chordophones/Zithers/Upright%20Piano%2C%20Knight/Sustains/Player_vl2_rr1_F4.wav	vl1 (0-83) / vl2 (84-127) per VCSL sfz
core	upright-sustain	required	Player_vl2_rr1_F5.wav	89	2808244	CC0-1.0	https://raw.githubusercontent.com/sgossner/VCSL/master/Chordophones/Zithers/Upright%20Piano%2C%20Knight/Sustains/Player_vl2_rr1_F5.wav	vl1 (0-83) / vl2 (84-127) per VCSL sfz
core	upright-sustain	required	Player_vl2_rr1_F6.wav	101	725854	CC0-1.0	https://raw.githubusercontent.com/sgossner/VCSL/master/Chordophones/Zithers/Upright%20Piano%2C%20Knight/Sustains/Player_vl2_rr1_F6.wav	vl1 (0-83) / vl2 (84-127) per VCSL sfz
core	upright-sustain	required	Player_vl2_rr1_G0.wav	31	5069236	CC0-1.0	https://raw.githubusercontent.com/sgossner/VCSL/master/Chordophones/Zithers/Upright%20Piano%2C%20Knight/Sustains/Player_vl2_rr1_G0.wav	vl1 (0-83) / vl2 (84-127) per VCSL sfz
core	upright-sustain	required	Player_vl2_rr1_G1.wav	43	5147950	CC0-1.0	https://raw.githubusercontent.com/sgossner/VCSL/master/Chordophones/Zithers/Upright%20Piano%2C%20Knight/Sustains/Player_vl2_rr1_G1.wav	vl1 (0-83) / vl2 (84-127) per VCSL sfz
core	upright-sustain	required	Player_vl2_rr1_G2.wav	55	4994812	CC0-1.0	https://raw.githubusercontent.com/sgossner/VCSL/master/Chordophones/Zithers/Upright%20Piano%2C%20Knight/Sustains/Player_vl2_rr1_G2.wav	vl1 (0-83) / vl2 (84-127) per VCSL sfz
core	upright-sustain	required	Player_vl2_rr1_G3.wav	67	5290522	CC0-1.0	https://raw.githubusercontent.com/sgossner/VCSL/master/Chordophones/Zithers/Upright%20Piano%2C%20Knight/Sustains/Player_vl2_rr1_G3.wav	vl1 (0-83) / vl2 (84-127) per VCSL sfz
core	upright-sustain	required	Player_vl2_rr1_G4.wav	79	3549430	CC0-1.0	https://raw.githubusercontent.com/sgossner/VCSL/master/Chordophones/Zithers/Upright%20Piano%2C%20Knight/Sustains/Player_vl2_rr1_G4.wav	vl1 (0-83) / vl2 (84-127) per VCSL sfz
core	upright-sustain	required	Player_vl2_rr1_G5.wav	91	2652136	CC0-1.0	https://raw.githubusercontent.com/sgossner/VCSL/master/Chordophones/Zithers/Upright%20Piano%2C%20Knight/Sustains/Player_vl2_rr1_G5.wav	vl1 (0-83) / vl2 (84-127) per VCSL sfz
core	upright-sustain	required	Player_vl2_rr1_G6.wav	103	552616	CC0-1.0	https://raw.githubusercontent.com/sgossner/VCSL/master/Chordophones/Zithers/Upright%20Piano%2C%20Knight/Sustains/Player_vl2_rr1_G6.wav	vl1 (0-83) / vl2 (84-127) per VCSL sfz
core	upright-release	required	Player_rel_rr1_A-1.wav	21	2160952	CC0-1.0	https://raw.githubusercontent.com/sgossner/VCSL/master/Chordophones/Zithers/Upright%20Piano%2C%20Knight/Releases/Player_rel_rr1_A-1.wav	
core	upright-release	required	Player_rel_rr1_A0.wav	33	1296058	CC0-1.0	https://raw.githubusercontent.com/sgossner/VCSL/master/Chordophones/Zithers/Upright%20Piano%2C%20Knight/Releases/Player_rel_rr1_A0.wav	
core	upright-release	required	Player_rel_rr1_A1.wav	45	981250	CC0-1.0	https://raw.githubusercontent.com/sgossner/VCSL/master/Chordophones/Zithers/Upright%20Piano%2C%20Knight/Releases/Player_rel_rr1_A1.wav	
core	upright-release	required	Player_rel_rr1_A2.wav	57	1371136	CC0-1.0	https://raw.githubusercontent.com/sgossner/VCSL/master/Chordophones/Zithers/Upright%20Piano%2C%20Knight/Releases/Player_rel_rr1_A2.wav	
core	upright-release	required	Player_rel_rr1_A3.wav	69	777856	CC0-1.0	https://raw.githubusercontent.com/sgossner/VCSL/master/Chordophones/Zithers/Upright%20Piano%2C%20Knight/Releases/Player_rel_rr1_A3.wav	
core	upright-release	required	Player_rel_rr1_A4.wav	81	786856	CC0-1.0	https://raw.githubusercontent.com/sgossner/VCSL/master/Chordophones/Zithers/Upright%20Piano%2C%20Knight/Releases/Player_rel_rr1_A4.wav	
core	upright-release	required	Player_rel_rr1_A5.wav	93	602908	CC0-1.0	https://raw.githubusercontent.com/sgossner/VCSL/master/Chordophones/Zithers/Upright%20Piano%2C%20Knight/Releases/Player_rel_rr1_A5.wav	
core	upright-release	required	Player_rel_rr1_A6.wav	105	417376	CC0-1.0	https://raw.githubusercontent.com/sgossner/VCSL/master/Chordophones/Zithers/Upright%20Piano%2C%20Knight/Releases/Player_rel_rr1_A6.wav	
core	upright-release	required	Player_rel_rr1_B-1.wav	23	1242856	CC0-1.0	https://raw.githubusercontent.com/sgossner/VCSL/master/Chordophones/Zithers/Upright%20Piano%2C%20Knight/Releases/Player_rel_rr1_B-1.wav	
core	upright-release	required	Player_rel_rr1_B0.wav	35	1394134	CC0-1.0	https://raw.githubusercontent.com/sgossner/VCSL/master/Chordophones/Zithers/Upright%20Piano%2C%20Knight/Releases/Player_rel_rr1_B0.wav	
core	upright-release	required	Player_rel_rr1_B1.wav	47	1281598	CC0-1.0	https://raw.githubusercontent.com/sgossner/VCSL/master/Chordophones/Zithers/Upright%20Piano%2C%20Knight/Releases/Player_rel_rr1_B1.wav	
core	upright-release	required	Player_rel_rr1_B2.wav	59	1581994	CC0-1.0	https://raw.githubusercontent.com/sgossner/VCSL/master/Chordophones/Zithers/Upright%20Piano%2C%20Knight/Releases/Player_rel_rr1_B2.wav	
core	upright-release	required	Player_rel_rr1_B3.wav	71	787288	CC0-1.0	https://raw.githubusercontent.com/sgossner/VCSL/master/Chordophones/Zithers/Upright%20Piano%2C%20Knight/Releases/Player_rel_rr1_B3.wav	
core	upright-release	required	Player_rel_rr1_B4.wav	83	769240	CC0-1.0	https://raw.githubusercontent.com/sgossner/VCSL/master/Chordophones/Zithers/Upright%20Piano%2C%20Knight/Releases/Player_rel_rr1_B4.wav	
core	upright-release	required	Player_rel_rr1_B5.wav	95	724084	CC0-1.0	https://raw.githubusercontent.com/sgossner/VCSL/master/Chordophones/Zithers/Upright%20Piano%2C%20Knight/Releases/Player_rel_rr1_B5.wav	
core	upright-release	required	Player_rel_rr1_B6.wav	107	344542	CC0-1.0	https://raw.githubusercontent.com/sgossner/VCSL/master/Chordophones/Zithers/Upright%20Piano%2C%20Knight/Releases/Player_rel_rr1_B6.wav	
core	upright-release	required	Player_rel_rr1_C#0.wav	25	1954534	CC0-1.0	https://raw.githubusercontent.com/sgossner/VCSL/master/Chordophones/Zithers/Upright%20Piano%2C%20Knight/Releases/Player_rel_rr1_C%230.wav	
core	upright-release	required	Player_rel_rr1_C#1.wav	37	1859026	CC0-1.0	https://raw.githubusercontent.com/sgossner/VCSL/master/Chordophones/Zithers/Upright%20Piano%2C%20Knight/Releases/Player_rel_rr1_C%231.wav	
core	upright-release	required	Player_rel_rr1_C#2.wav	49	1620172	CC0-1.0	https://raw.githubusercontent.com/sgossner/VCSL/master/Chordophones/Zithers/Upright%20Piano%2C%20Knight/Releases/Player_rel_rr1_C%232.wav	
core	upright-release	required	Player_rel_rr1_C#3.wav	61	1316560	CC0-1.0	https://raw.githubusercontent.com/sgossner/VCSL/master/Chordophones/Zithers/Upright%20Piano%2C%20Knight/Releases/Player_rel_rr1_C%233.wav	
core	upright-release	required	Player_rel_rr1_C#4.wav	73	807430	CC0-1.0	https://raw.githubusercontent.com/sgossner/VCSL/master/Chordophones/Zithers/Upright%20Piano%2C%20Knight/Releases/Player_rel_rr1_C%234.wav	
core	upright-release	required	Player_rel_rr1_C#5.wav	85	611020	CC0-1.0	https://raw.githubusercontent.com/sgossner/VCSL/master/Chordophones/Zithers/Upright%20Piano%2C%20Knight/Releases/Player_rel_rr1_C%235.wav	
core	upright-release	required	Player_rel_rr1_C#6.wav	97	532054	CC0-1.0	https://raw.githubusercontent.com/sgossner/VCSL/master/Chordophones/Zithers/Upright%20Piano%2C%20Knight/Releases/Player_rel_rr1_C%236.wav	
core	upright-release	required	Player_rel_rr1_C7.wav	108	423508	CC0-1.0	https://raw.githubusercontent.com/sgossner/VCSL/master/Chordophones/Zithers/Upright%20Piano%2C%20Knight/Releases/Player_rel_rr1_C7.wav	
core	upright-release	required	Player_rel_rr1_D#0.wav	27	1147966	CC0-1.0	https://raw.githubusercontent.com/sgossner/VCSL/master/Chordophones/Zithers/Upright%20Piano%2C%20Knight/Releases/Player_rel_rr1_D%230.wav	
core	upright-release	required	Player_rel_rr1_D#1.wav	39	1273510	CC0-1.0	https://raw.githubusercontent.com/sgossner/VCSL/master/Chordophones/Zithers/Upright%20Piano%2C%20Knight/Releases/Player_rel_rr1_D%231.wav	
core	upright-release	required	Player_rel_rr1_D#2.wav	51	1571662	CC0-1.0	https://raw.githubusercontent.com/sgossner/VCSL/master/Chordophones/Zithers/Upright%20Piano%2C%20Knight/Releases/Player_rel_rr1_D%232.wav	
core	upright-release	required	Player_rel_rr1_D#3.wav	63	1388818	CC0-1.0	https://raw.githubusercontent.com/sgossner/VCSL/master/Chordophones/Zithers/Upright%20Piano%2C%20Knight/Releases/Player_rel_rr1_D%233.wav	
core	upright-release	required	Player_rel_rr1_D#4.wav	75	568930	CC0-1.0	https://raw.githubusercontent.com/sgossner/VCSL/master/Chordophones/Zithers/Upright%20Piano%2C%20Knight/Releases/Player_rel_rr1_D%234.wav	
core	upright-release	required	Player_rel_rr1_D#5.wav	87	666394	CC0-1.0	https://raw.githubusercontent.com/sgossner/VCSL/master/Chordophones/Zithers/Upright%20Piano%2C%20Knight/Releases/Player_rel_rr1_D%235.wav	
core	upright-release	required	Player_rel_rr1_D#6.wav	99	496348	CC0-1.0	https://raw.githubusercontent.com/sgossner/VCSL/master/Chordophones/Zithers/Upright%20Piano%2C%20Knight/Releases/Player_rel_rr1_D%236.wav	
core	upright-release	required	Player_rel_rr1_F0.wav	29	1183168	CC0-1.0	https://raw.githubusercontent.com/sgossner/VCSL/master/Chordophones/Zithers/Upright%20Piano%2C%20Knight/Releases/Player_rel_rr1_F0.wav	
core	upright-release	required	Player_rel_rr1_F1.wav	41	998002	CC0-1.0	https://raw.githubusercontent.com/sgossner/VCSL/master/Chordophones/Zithers/Upright%20Piano%2C%20Knight/Releases/Player_rel_rr1_F1.wav	
core	upright-release	required	Player_rel_rr1_F2.wav	53	1578988	CC0-1.0	https://raw.githubusercontent.com/sgossner/VCSL/master/Chordophones/Zithers/Upright%20Piano%2C%20Knight/Releases/Player_rel_rr1_F2.wav	
core	upright-release	required	Player_rel_rr1_F3.wav	65	1332580	CC0-1.0	https://raw.githubusercontent.com/sgossner/VCSL/master/Chordophones/Zithers/Upright%20Piano%2C%20Knight/Releases/Player_rel_rr1_F3.wav	
core	upright-release	required	Player_rel_rr1_F4.wav	77	767932	CC0-1.0	https://raw.githubusercontent.com/sgossner/VCSL/master/Chordophones/Zithers/Upright%20Piano%2C%20Knight/Releases/Player_rel_rr1_F4.wav	
core	upright-release	required	Player_rel_rr1_F5.wav	89	811372	CC0-1.0	https://raw.githubusercontent.com/sgossner/VCSL/master/Chordophones/Zithers/Upright%20Piano%2C%20Knight/Releases/Player_rel_rr1_F5.wav	
core	upright-release	required	Player_rel_rr1_F6.wav	101	582532	CC0-1.0	https://raw.githubusercontent.com/sgossner/VCSL/master/Chordophones/Zithers/Upright%20Piano%2C%20Knight/Releases/Player_rel_rr1_F6.wav	
core	upright-release	required	Player_rel_rr1_G0.wav	31	1539652	CC0-1.0	https://raw.githubusercontent.com/sgossner/VCSL/master/Chordophones/Zithers/Upright%20Piano%2C%20Knight/Releases/Player_rel_rr1_G0.wav	
core	upright-release	required	Player_rel_rr1_G1.wav	43	790312	CC0-1.0	https://raw.githubusercontent.com/sgossner/VCSL/master/Chordophones/Zithers/Upright%20Piano%2C%20Knight/Releases/Player_rel_rr1_G1.wav	
core	upright-release	required	Player_rel_rr1_G2.wav	55	1158160	CC0-1.0	https://raw.githubusercontent.com/sgossner/VCSL/master/Chordophones/Zithers/Upright%20Piano%2C%20Knight/Releases/Player_rel_rr1_G2.wav	
core	upright-release	required	Player_rel_rr1_G3.wav	67	1056796	CC0-1.0	https://raw.githubusercontent.com/sgossner/VCSL/master/Chordophones/Zithers/Upright%20Piano%2C%20Knight/Releases/Player_rel_rr1_G3.wav	
core	upright-release	required	Player_rel_rr1_G4.wav	79	827422	CC0-1.0	https://raw.githubusercontent.com/sgossner/VCSL/master/Chordophones/Zithers/Upright%20Piano%2C%20Knight/Releases/Player_rel_rr1_G4.wav	
core	upright-release	required	Player_rel_rr1_G5.wav	91	585724	CC0-1.0	https://raw.githubusercontent.com/sgossner/VCSL/master/Chordophones/Zithers/Upright%20Piano%2C%20Knight/Releases/Player_rel_rr1_G5.wav	
core	upright-release	required	Player_rel_rr1_G6.wav	103	344518	CC0-1.0	https://raw.githubusercontent.com/sgossner/VCSL/master/Chordophones/Zithers/Upright%20Piano%2C%20Knight/Releases/Player_rel_rr1_G6.wav	
core	upright-pedal	required	Player_PedOn_000.wav		1006486	CC0-1.0	https://raw.githubusercontent.com/sgossner/VCSL/master/Chordophones/Zithers/Upright%20Piano%2C%20Knight/Pedal/On/Player_PedOn_000.wav	sustain pedal on/off mechanical noise, 4 round robins
core	upright-pedal	required	Player_PedOn_001.wav		1452796	CC0-1.0	https://raw.githubusercontent.com/sgossner/VCSL/master/Chordophones/Zithers/Upright%20Piano%2C%20Knight/Pedal/On/Player_PedOn_001.wav	sustain pedal on/off mechanical noise, 4 round robins
core	upright-pedal	required	Player_PedOn_002.wav		1140082	CC0-1.0	https://raw.githubusercontent.com/sgossner/VCSL/master/Chordophones/Zithers/Upright%20Piano%2C%20Knight/Pedal/On/Player_PedOn_002.wav	sustain pedal on/off mechanical noise, 4 round robins
core	upright-pedal	required	Player_PedOn_003.wav		1185328	CC0-1.0	https://raw.githubusercontent.com/sgossner/VCSL/master/Chordophones/Zithers/Upright%20Piano%2C%20Knight/Pedal/On/Player_PedOn_003.wav	sustain pedal on/off mechanical noise, 4 round robins
core	upright-pedal	required	Player_PedOff_000.wav		854860	CC0-1.0	https://raw.githubusercontent.com/sgossner/VCSL/master/Chordophones/Zithers/Upright%20Piano%2C%20Knight/Pedal/Off/Player_PedOff_000.wav	sustain pedal on/off mechanical noise, 4 round robins
core	upright-pedal	required	Player_PedOff_001.wav		900634	CC0-1.0	https://raw.githubusercontent.com/sgossner/VCSL/master/Chordophones/Zithers/Upright%20Piano%2C%20Knight/Pedal/Off/Player_PedOff_001.wav	sustain pedal on/off mechanical noise, 4 round robins
core	upright-pedal	required	Player_PedOff_002.wav		767284	CC0-1.0	https://raw.githubusercontent.com/sgossner/VCSL/master/Chordophones/Zithers/Upright%20Piano%2C%20Knight/Pedal/Off/Player_PedOff_002.wav	sustain pedal on/off mechanical noise, 4 round robins
core	upright-pedal	required	Player_PedOff_003.wav		1188514	CC0-1.0	https://raw.githubusercontent.com/sgossner/VCSL/master/Chordophones/Zithers/Upright%20Piano%2C%20Knight/Pedal/Off/Player_PedOff_003.wav	sustain pedal on/off mechanical noise, 4 round robins
core	upright-docs	required	Info.txt		222	CC0-1.0	https://raw.githubusercontent.com/sgossner/VCSL/master/Chordophones/Zithers/Upright%20Piano%2C%20Knight/Info.txt	
core	upright-docs	required	PitchValueConversionChart.txt		338	CC0-1.0	https://raw.githubusercontent.com/sgossner/VCSL/master/Chordophones/Zithers/Upright%20Piano%2C%20Knight/PitchValueConversionChart.txt	
core	vcsl-docs	required	LICENSE		7048	CC0-1.0	https://raw.githubusercontent.com/sgossner/VCSL/master/LICENSE	
core	vcsl-docs	required	README.md		4365	CC0-1.0	https://raw.githubusercontent.com/sgossner/VCSL/master/README.md	
core	upright-sustain-pp	optional	Player_dyn1_rr1_000.wav	21	4105066	CC0-1.0	https://raw.githubusercontent.com/sgossner/VSCO-2-CE/master/Keys/Upright%20Piano/Player_dyn1_rr1_000.wav	softest layer (dyn1) only in VSCO-2 CE, sampled every major third
core	upright-sustain-pp	optional	Player_dyn1_rr1_002.wav	25	4109632	CC0-1.0	https://raw.githubusercontent.com/sgossner/VSCO-2-CE/master/Keys/Upright%20Piano/Player_dyn1_rr1_002.wav	softest layer (dyn1) only in VSCO-2 CE, sampled every major third
core	upright-sustain-pp	optional	Player_dyn1_rr1_004.wav	29	4128814	CC0-1.0	https://raw.githubusercontent.com/sgossner/VSCO-2-CE/master/Keys/Upright%20Piano/Player_dyn1_rr1_004.wav	softest layer (dyn1) only in VSCO-2 CE, sampled every major third
core	upright-sustain-pp	optional	Player_dyn1_rr1_006.wav	33	4063450	CC0-1.0	https://raw.githubusercontent.com/sgossner/VSCO-2-CE/master/Keys/Upright%20Piano/Player_dyn1_rr1_006.wav	softest layer (dyn1) only in VSCO-2 CE, sampled every major third
core	upright-sustain-pp	optional	Player_dyn1_rr1_008.wav	37	5470924	CC0-1.0	https://raw.githubusercontent.com/sgossner/VSCO-2-CE/master/Keys/Upright%20Piano/Player_dyn1_rr1_008.wav	softest layer (dyn1) only in VSCO-2 CE, sampled every major third
core	upright-sustain-pp	optional	Player_dyn1_rr1_010.wav	41	5770636	CC0-1.0	https://raw.githubusercontent.com/sgossner/VSCO-2-CE/master/Keys/Upright%20Piano/Player_dyn1_rr1_010.wav	softest layer (dyn1) only in VSCO-2 CE, sampled every major third
core	upright-sustain-pp	optional	Player_dyn1_rr1_012.wav	45	3870382	CC0-1.0	https://raw.githubusercontent.com/sgossner/VSCO-2-CE/master/Keys/Upright%20Piano/Player_dyn1_rr1_012.wav	softest layer (dyn1) only in VSCO-2 CE, sampled every major third
core	upright-sustain-pp	optional	Player_dyn1_rr1_014.wav	49	2270980	CC0-1.0	https://raw.githubusercontent.com/sgossner/VSCO-2-CE/master/Keys/Upright%20Piano/Player_dyn1_rr1_014.wav	softest layer (dyn1) only in VSCO-2 CE, sampled every major third
core	upright-sustain-pp	optional	Player_dyn1_rr1_016.wav	53	3546940	CC0-1.0	https://raw.githubusercontent.com/sgossner/VSCO-2-CE/master/Keys/Upright%20Piano/Player_dyn1_rr1_016.wav	softest layer (dyn1) only in VSCO-2 CE, sampled every major third
core	upright-sustain-pp	optional	Player_dyn1_rr1_018.wav	57	3002200	CC0-1.0	https://raw.githubusercontent.com/sgossner/VSCO-2-CE/master/Keys/Upright%20Piano/Player_dyn1_rr1_018.wav	softest layer (dyn1) only in VSCO-2 CE, sampled every major third
core	upright-sustain-pp	optional	Player_dyn1_rr1_020.wav	61	3134164	CC0-1.0	https://raw.githubusercontent.com/sgossner/VSCO-2-CE/master/Keys/Upright%20Piano/Player_dyn1_rr1_020.wav	softest layer (dyn1) only in VSCO-2 CE, sampled every major third
core	upright-sustain-pp	optional	Player_dyn1_rr1_022.wav	65	4126858	CC0-1.0	https://raw.githubusercontent.com/sgossner/VSCO-2-CE/master/Keys/Upright%20Piano/Player_dyn1_rr1_022.wav	softest layer (dyn1) only in VSCO-2 CE, sampled every major third
core	upright-sustain-pp	optional	Player_dyn1_rr1_024.wav	69	2222998	CC0-1.0	https://raw.githubusercontent.com/sgossner/VSCO-2-CE/master/Keys/Upright%20Piano/Player_dyn1_rr1_024.wav	softest layer (dyn1) only in VSCO-2 CE, sampled every major third
core	upright-sustain-pp	optional	Player_dyn1_rr1_026.wav	73	3558112	CC0-1.0	https://raw.githubusercontent.com/sgossner/VSCO-2-CE/master/Keys/Upright%20Piano/Player_dyn1_rr1_026.wav	softest layer (dyn1) only in VSCO-2 CE, sampled every major third
core	upright-sustain-pp	optional	Player_dyn1_rr1_028.wav	77	1935304	CC0-1.0	https://raw.githubusercontent.com/sgossner/VSCO-2-CE/master/Keys/Upright%20Piano/Player_dyn1_rr1_028.wav	softest layer (dyn1) only in VSCO-2 CE, sampled every major third
core	upright-sustain-pp	optional	Player_dyn1_rr1_030.wav	81	3120676	CC0-1.0	https://raw.githubusercontent.com/sgossner/VSCO-2-CE/master/Keys/Upright%20Piano/Player_dyn1_rr1_030.wav	softest layer (dyn1) only in VSCO-2 CE, sampled every major third
core	upright-sustain-pp	optional	Player_dyn1_rr1_032.wav	85	1746142	CC0-1.0	https://raw.githubusercontent.com/sgossner/VSCO-2-CE/master/Keys/Upright%20Piano/Player_dyn1_rr1_032.wav	softest layer (dyn1) only in VSCO-2 CE, sampled every major third
core	upright-sustain-pp	optional	Player_dyn1_rr1_034.wav	89	1303534	CC0-1.0	https://raw.githubusercontent.com/sgossner/VSCO-2-CE/master/Keys/Upright%20Piano/Player_dyn1_rr1_034.wav	softest layer (dyn1) only in VSCO-2 CE, sampled every major third
core	upright-sustain-pp	optional	Player_dyn1_rr1_036.wav	93	1304218	CC0-1.0	https://raw.githubusercontent.com/sgossner/VSCO-2-CE/master/Keys/Upright%20Piano/Player_dyn1_rr1_036.wav	softest layer (dyn1) only in VSCO-2 CE, sampled every major third
core	upright-sustain-pp	optional	Player_dyn1_rr1_038.wav	97	915352	CC0-1.0	https://raw.githubusercontent.com/sgossner/VSCO-2-CE/master/Keys/Upright%20Piano/Player_dyn1_rr1_038.wav	softest layer (dyn1) only in VSCO-2 CE, sampled every major third
core	upright-sustain-pp	optional	Player_dyn1_rr1_040.wav	101	642772	CC0-1.0	https://raw.githubusercontent.com/sgossner/VSCO-2-CE/master/Keys/Upright%20Piano/Player_dyn1_rr1_040.wav	softest layer (dyn1) only in VSCO-2 CE, sampled every major third
core	upright-sustain-pp	optional	Player_dyn1_rr1_042.wav	105	571294	CC0-1.0	https://raw.githubusercontent.com/sgossner/VSCO-2-CE/master/Keys/Upright%20Piano/Player_dyn1_rr1_042.wav	softest layer (dyn1) only in VSCO-2 CE, sampled every major third
core	upright-sustain-pp	optional	Player_dyn1_rr1_044.wav	108	377608	CC0-1.0	https://raw.githubusercontent.com/sgossner/VSCO-2-CE/master/Keys/Upright%20Piano/Player_dyn1_rr1_044.wav	softest layer (dyn1) only in VSCO-2 CE, sampled every major third
core	upright-pp-docs	optional	Info.txt		220	CC0-1.0	https://raw.githubusercontent.com/sgossner/VSCO-2-CE/master/Keys/Upright%20Piano/Info.txt	
core	upright-pp-docs	optional	MappingChart.txt		338	CC0-1.0	https://raw.githubusercontent.com/sgossner/VSCO-2-CE/master/Keys/Upright%20Piano/MappingChart.txt	
core	upright-pp-docs	optional	Readme.txt		1838	CC0-1.0	https://raw.githubusercontent.com/sgossner/VSCO-2-CE/master/Readme.txt	
core	upright-pp-docs	optional	LICENSE		6555	CC0-1.0	https://raw.githubusercontent.com/sgossner/VSCO-2-CE/master/LICENSE	
core	harpsichord-8ft	required	HarpsiRH_Low_Far_A#0_rr1.wav	34	3933182	CC0-1.0	https://raw.githubusercontent.com/sgossner/VCSL/master/Chordophones/Zithers/Harpsichord%2C%20Flemish/Sustains/Low/HarpsiRH_Low_Far_A%230_rr1.wav	
core	harpsichord-8ft	required	HarpsiRH_Low_Far_A#1_rr1.wav	46	2572514	CC0-1.0	https://raw.githubusercontent.com/sgossner/VCSL/master/Chordophones/Zithers/Harpsichord%2C%20Flemish/Sustains/Low/HarpsiRH_Low_Far_A%231_rr1.wav	
core	harpsichord-8ft	required	HarpsiRH_Low_Far_A#2_rr1.wav	58	2257748	CC0-1.0	https://raw.githubusercontent.com/sgossner/VCSL/master/Chordophones/Zithers/Harpsichord%2C%20Flemish/Sustains/Low/HarpsiRH_Low_Far_A%232_rr1.wav	
core	harpsichord-8ft	required	HarpsiRH_Low_Far_A#3_rr1.wav	70	1346894	CC0-1.0	https://raw.githubusercontent.com/sgossner/VCSL/master/Chordophones/Zithers/Harpsichord%2C%20Flemish/Sustains/Low/HarpsiRH_Low_Far_A%233_rr1.wav	
core	harpsichord-8ft	required	HarpsiRH_Low_Far_A#4_rr1.wav	82	1167674	CC0-1.0	https://raw.githubusercontent.com/sgossner/VCSL/master/Chordophones/Zithers/Harpsichord%2C%20Flemish/Sustains/Low/HarpsiRH_Low_Far_A%234_rr1.wav	
core	harpsichord-8ft	required	HarpsiRH_Low_Far_C1_rr1.wav	36	4433264	CC0-1.0	https://raw.githubusercontent.com/sgossner/VCSL/master/Chordophones/Zithers/Harpsichord%2C%20Flemish/Sustains/Low/HarpsiRH_Low_Far_C1_rr1.wav	
core	harpsichord-8ft	required	HarpsiRH_Low_Far_C2_rr1.wav	48	2934068	CC0-1.0	https://raw.githubusercontent.com/sgossner/VCSL/master/Chordophones/Zithers/Harpsichord%2C%20Flemish/Sustains/Low/HarpsiRH_Low_Far_C2_rr1.wav	
core	harpsichord-8ft	required	HarpsiRH_Low_Far_C3_rr1.wav	60	1876034	CC0-1.0	https://raw.githubusercontent.com/sgossner/VCSL/master/Chordophones/Zithers/Harpsichord%2C%20Flemish/Sustains/Low/HarpsiRH_Low_Far_C3_rr1.wav	
core	harpsichord-8ft	required	HarpsiRH_Low_Far_C4_rr1.wav	72	1272656	CC0-1.0	https://raw.githubusercontent.com/sgossner/VCSL/master/Chordophones/Zithers/Harpsichord%2C%20Flemish/Sustains/Low/HarpsiRH_Low_Far_C4_rr1.wav	
core	harpsichord-8ft	required	HarpsiRH_Low_Far_C5_rr1.wav	84	1321808	CC0-1.0	https://raw.githubusercontent.com/sgossner/VCSL/master/Chordophones/Zithers/Harpsichord%2C%20Flemish/Sustains/Low/HarpsiRH_Low_Far_C5_rr1.wav	
core	harpsichord-8ft	required	HarpsiRH_Low_Far_D1_rr1.wav	38	3583310	CC0-1.0	https://raw.githubusercontent.com/sgossner/VCSL/master/Chordophones/Zithers/Harpsichord%2C%20Flemish/Sustains/Low/HarpsiRH_Low_Far_D1_rr1.wav	
core	harpsichord-8ft	required	HarpsiRH_Low_Far_D2_rr1.wav	50	2186516	CC0-1.0	https://raw.githubusercontent.com/sgossner/VCSL/master/Chordophones/Zithers/Harpsichord%2C%20Flemish/Sustains/Low/HarpsiRH_Low_Far_D2_rr1.wav	
core	harpsichord-8ft	required	HarpsiRH_Low_Far_D3_rr1.wav	62	1689734	CC0-1.0	https://raw.githubusercontent.com/sgossner/VCSL/master/Chordophones/Zithers/Harpsichord%2C%20Flemish/Sustains/Low/HarpsiRH_Low_Far_D3_rr1.wav	
core	harpsichord-8ft	required	HarpsiRH_Low_Far_D4_rr1.wav	74	1323308	CC0-1.0	https://raw.githubusercontent.com/sgossner/VCSL/master/Chordophones/Zithers/Harpsichord%2C%20Flemish/Sustains/Low/HarpsiRH_Low_Far_D4_rr1.wav	
core	harpsichord-8ft	required	HarpsiRH_Low_Far_E1_rr1.wav	40	3385766	CC0-1.0	https://raw.githubusercontent.com/sgossner/VCSL/master/Chordophones/Zithers/Harpsichord%2C%20Flemish/Sustains/Low/HarpsiRH_Low_Far_E1_rr1.wav	
core	harpsichord-8ft	required	HarpsiRH_Low_Far_E2_rr1.wav	52	2661932	CC0-1.0	https://raw.githubusercontent.com/sgossner/VCSL/master/Chordophones/Zithers/Harpsichord%2C%20Flemish/Sustains/Low/HarpsiRH_Low_Far_E2_rr1.wav	
core	harpsichord-8ft	required	HarpsiRH_Low_Far_E3_rr1.wav	64	1335638	CC0-1.0	https://raw.githubusercontent.com/sgossner/VCSL/master/Chordophones/Zithers/Harpsichord%2C%20Flemish/Sustains/Low/HarpsiRH_Low_Far_E3_rr1.wav	
core	harpsichord-8ft	required	HarpsiRH_Low_Far_E4_rr1.wav	76	1361774	CC0-1.0	https://raw.githubusercontent.com/sgossner/VCSL/master/Chordophones/Zithers/Harpsichord%2C%20Flemish/Sustains/Low/HarpsiRH_Low_Far_E4_rr1.wav	
core	harpsichord-8ft	required	HarpsiRH_Low_Far_F#0_rr1.wav	30	4607504	CC0-1.0	https://raw.githubusercontent.com/sgossner/VCSL/master/Chordophones/Zithers/Harpsichord%2C%20Flemish/Sustains/Low/HarpsiRH_Low_Far_F%230_rr1.wav	
core	harpsichord-8ft	required	HarpsiRH_Low_Far_F#1_rr1.wav	42	3102818	CC0-1.0	https://raw.githubusercontent.com/sgossner/VCSL/master/Chordophones/Zithers/Harpsichord%2C%20Flemish/Sustains/Low/HarpsiRH_Low_Far_F%231_rr1.wav	
core	harpsichord-8ft	required	HarpsiRH_Low_Far_F#2_rr1.wav	54	2270888	CC0-1.0	https://raw.githubusercontent.com/sgossner/VCSL/master/Chordophones/Zithers/Harpsichord%2C%20Flemish/Sustains/Low/HarpsiRH_Low_Far_F%232_rr1.wav	
core	harpsichord-8ft	required	HarpsiRH_Low_Far_F#3_rr1.wav	66	1509170	CC0-1.0	https://raw.githubusercontent.com/sgossner/VCSL/master/Chordophones/Zithers/Harpsichord%2C%20Flemish/Sustains/Low/HarpsiRH_Low_Far_F%233_rr1.wav	
core	harpsichord-8ft	required	HarpsiRH_Low_Far_F#4_rr1.wav	78	1428578	CC0-1.0	https://raw.githubusercontent.com/sgossner/VCSL/master/Chordophones/Zithers/Harpsichord%2C%20Flemish/Sustains/Low/HarpsiRH_Low_Far_F%234_rr1.wav	
core	harpsichord-8ft	required	HarpsiRH_Low_Far_G#0_rr1.wav	32	3985484	CC0-1.0	https://raw.githubusercontent.com/sgossner/VCSL/master/Chordophones/Zithers/Harpsichord%2C%20Flemish/Sustains/Low/HarpsiRH_Low_Far_G%230_rr1.wav	
core	harpsichord-8ft	required	HarpsiRH_Low_Far_G#1_rr1.wav	44	3020948	CC0-1.0	https://raw.githubusercontent.com/sgossner/VCSL/master/Chordophones/Zithers/Harpsichord%2C%20Flemish/Sustains/Low/HarpsiRH_Low_Far_G%231_rr1.wav	
core	harpsichord-8ft	required	HarpsiRH_Low_Far_G#2_rr1.wav	56	2463542	CC0-1.0	https://raw.githubusercontent.com/sgossner/VCSL/master/Chordophones/Zithers/Harpsichord%2C%20Flemish/Sustains/Low/HarpsiRH_Low_Far_G%232_rr1.wav	
core	harpsichord-8ft	required	HarpsiRH_Low_Far_G#3_rr1.wav	68	1338662	CC0-1.0	https://raw.githubusercontent.com/sgossner/VCSL/master/Chordophones/Zithers/Harpsichord%2C%20Flemish/Sustains/Low/HarpsiRH_Low_Far_G%233_rr1.wav	
core	harpsichord-8ft	required	HarpsiRH_Low_Far_G#4_rr1.wav	80	1473302	CC0-1.0	https://raw.githubusercontent.com/sgossner/VCSL/master/Chordophones/Zithers/Harpsichord%2C%20Flemish/Sustains/Low/HarpsiRH_Low_Far_G%234_rr1.wav	
core	harpsichord-8ft-release	required	HarpsiRH_LowRel_Far_A#0_rr1.wav	34	246716	CC0-1.0	https://raw.githubusercontent.com/sgossner/VCSL/master/Chordophones/Zithers/Harpsichord%2C%20Flemish/Releases/Low/HarpsiRH_LowRel_Far_A%230_rr1.wav	
core	harpsichord-8ft-release	required	HarpsiRH_LowRel_Far_A#1_rr1.wav	46	178730	CC0-1.0	https://raw.githubusercontent.com/sgossner/VCSL/master/Chordophones/Zithers/Harpsichord%2C%20Flemish/Releases/Low/HarpsiRH_LowRel_Far_A%231_rr1.wav	
core	harpsichord-8ft-release	required	HarpsiRH_LowRel_Far_A#2_rr1.wav	58	168338	CC0-1.0	https://raw.githubusercontent.com/sgossner/VCSL/master/Chordophones/Zithers/Harpsichord%2C%20Flemish/Releases/Low/HarpsiRH_LowRel_Far_A%232_rr1.wav	
core	harpsichord-8ft-release	required	HarpsiRH_LowRel_Far_A#3_rr1.wav	70	223052	CC0-1.0	https://raw.githubusercontent.com/sgossner/VCSL/master/Chordophones/Zithers/Harpsichord%2C%20Flemish/Releases/Low/HarpsiRH_LowRel_Far_A%233_rr1.wav	
core	harpsichord-8ft-release	required	HarpsiRH_LowRel_Far_A#4_rr1.wav	82	448322	CC0-1.0	https://raw.githubusercontent.com/sgossner/VCSL/master/Chordophones/Zithers/Harpsichord%2C%20Flemish/Releases/Low/HarpsiRH_LowRel_Far_A%234_rr1.wav	
core	harpsichord-8ft-release	required	HarpsiRH_LowRel_Far_C1_rr1.wav	36	264398	CC0-1.0	https://raw.githubusercontent.com/sgossner/VCSL/master/Chordophones/Zithers/Harpsichord%2C%20Flemish/Releases/Low/HarpsiRH_LowRel_Far_C1_rr1.wav	
core	harpsichord-8ft-release	required	HarpsiRH_LowRel_Far_C2_rr1.wav	48	172370	CC0-1.0	https://raw.githubusercontent.com/sgossner/VCSL/master/Chordophones/Zithers/Harpsichord%2C%20Flemish/Releases/Low/HarpsiRH_LowRel_Far_C2_rr1.wav	
core	harpsichord-8ft-release	required	HarpsiRH_LowRel_Far_C3_rr1.wav	60	418316	CC0-1.0	https://raw.githubusercontent.com/sgossner/VCSL/master/Chordophones/Zithers/Harpsichord%2C%20Flemish/Releases/Low/HarpsiRH_LowRel_Far_C3_rr1.wav	
core	harpsichord-8ft-release	required	HarpsiRH_LowRel_Far_C4_rr1.wav	72	242696	CC0-1.0	https://raw.githubusercontent.com/sgossner/VCSL/master/Chordophones/Zithers/Harpsichord%2C%20Flemish/Releases/Low/HarpsiRH_LowRel_Far_C4_rr1.wav	
core	harpsichord-8ft-release	required	HarpsiRH_LowRel_Far_C5_rr1.wav	84	247952	CC0-1.0	https://raw.githubusercontent.com/sgossner/VCSL/master/Chordophones/Zithers/Harpsichord%2C%20Flemish/Releases/Low/HarpsiRH_LowRel_Far_C5_rr1.wav	
core	harpsichord-8ft-release	required	HarpsiRH_LowRel_Far_D1_rr1.wav	38	262340	CC0-1.0	https://raw.githubusercontent.com/sgossner/VCSL/master/Chordophones/Zithers/Harpsichord%2C%20Flemish/Releases/Low/HarpsiRH_LowRel_Far_D1_rr1.wav	
core	harpsichord-8ft-release	required	HarpsiRH_LowRel_Far_D2_rr1.wav	50	311084	CC0-1.0	https://raw.githubusercontent.com/sgossner/VCSL/master/Chordophones/Zithers/Harpsichord%2C%20Flemish/Releases/Low/HarpsiRH_LowRel_Far_D2_rr1.wav	
core	harpsichord-8ft-release	required	HarpsiRH_LowRel_Far_D3_rr1.wav	62	207866	CC0-1.0	https://raw.githubusercontent.com/sgossner/VCSL/master/Chordophones/Zithers/Harpsichord%2C%20Flemish/Releases/Low/HarpsiRH_LowRel_Far_D3_rr1.wav	
core	harpsichord-8ft-release	required	HarpsiRH_LowRel_Far_D4_rr1.wav	74	450518	CC0-1.0	https://raw.githubusercontent.com/sgossner/VCSL/master/Chordophones/Zithers/Harpsichord%2C%20Flemish/Releases/Low/HarpsiRH_LowRel_Far_D4_rr1.wav	
core	harpsichord-8ft-release	required	HarpsiRH_LowRel_Far_E1_rr1.wav	40	366560	CC0-1.0	https://raw.githubusercontent.com/sgossner/VCSL/master/Chordophones/Zithers/Harpsichord%2C%20Flemish/Releases/Low/HarpsiRH_LowRel_Far_E1_rr1.wav	
core	harpsichord-8ft-release	required	HarpsiRH_LowRel_Far_E2_rr1.wav	52	252446	CC0-1.0	https://raw.githubusercontent.com/sgossner/VCSL/master/Chordophones/Zithers/Harpsichord%2C%20Flemish/Releases/Low/HarpsiRH_LowRel_Far_E2_rr1.wav	
core	harpsichord-8ft-release	required	HarpsiRH_LowRel_Far_E3_rr1.wav	64	226700	CC0-1.0	https://raw.githubusercontent.com/sgossner/VCSL/master/Chordophones/Zithers/Harpsichord%2C%20Flemish/Releases/Low/HarpsiRH_LowRel_Far_E3_rr1.wav	
core	harpsichord-8ft-release	required	HarpsiRH_LowRel_Far_E4_rr1.wav	76	355802	CC0-1.0	https://raw.githubusercontent.com/sgossner/VCSL/master/Chordophones/Zithers/Harpsichord%2C%20Flemish/Releases/Low/HarpsiRH_LowRel_Far_E4_rr1.wav	
core	harpsichord-8ft-release	required	HarpsiRH_LowRel_Far_F#0_rr1.wav	30	347534	CC0-1.0	https://raw.githubusercontent.com/sgossner/VCSL/master/Chordophones/Zithers/Harpsichord%2C%20Flemish/Releases/Low/HarpsiRH_LowRel_Far_F%230_rr1.wav	
core	harpsichord-8ft-release	required	HarpsiRH_LowRel_Far_F#1_rr1.wav	42	267566	CC0-1.0	https://raw.githubusercontent.com/sgossner/VCSL/master/Chordophones/Zithers/Harpsichord%2C%20Flemish/Releases/Low/HarpsiRH_LowRel_Far_F%231_rr1.wav	
core	harpsichord-8ft-release	required	HarpsiRH_LowRel_Far_F#2_rr1.wav	54	214508	CC0-1.0	https://raw.githubusercontent.com/sgossner/VCSL/master/Chordophones/Zithers/Harpsichord%2C%20Flemish/Releases/Low/HarpsiRH_LowRel_Far_F%232_rr1.wav	
core	harpsichord-8ft-release	required	HarpsiRH_LowRel_Far_F#3_rr1.wav	66	374186	CC0-1.0	https://raw.githubusercontent.com/sgossner/VCSL/master/Chordophones/Zithers/Harpsichord%2C%20Flemish/Releases/Low/HarpsiRH_LowRel_Far_F%233_rr1.wav	
core	harpsichord-8ft-release	required	HarpsiRH_LowRel_Far_F#4_rr1.wav	78	309410	CC0-1.0	https://raw.githubusercontent.com/sgossner/VCSL/master/Chordophones/Zithers/Harpsichord%2C%20Flemish/Releases/Low/HarpsiRH_LowRel_Far_F%234_rr1.wav	
core	harpsichord-8ft-release	required	HarpsiRH_LowRel_Far_G#0_rr1.wav	32	245084	CC0-1.0	https://raw.githubusercontent.com/sgossner/VCSL/master/Chordophones/Zithers/Harpsichord%2C%20Flemish/Releases/Low/HarpsiRH_LowRel_Far_G%230_rr1.wav	
core	harpsichord-8ft-release	required	HarpsiRH_LowRel_Far_G#1_rr1.wav	44	394310	CC0-1.0	https://raw.githubusercontent.com/sgossner/VCSL/master/Chordophones/Zithers/Harpsichord%2C%20Flemish/Releases/Low/HarpsiRH_LowRel_Far_G%231_rr1.wav	
core	harpsichord-8ft-release	required	HarpsiRH_LowRel_Far_G#2_rr1.wav	56	253358	CC0-1.0	https://raw.githubusercontent.com/sgossner/VCSL/master/Chordophones/Zithers/Harpsichord%2C%20Flemish/Releases/Low/HarpsiRH_LowRel_Far_G%232_rr1.wav	
core	harpsichord-8ft-release	required	HarpsiRH_LowRel_Far_G#3_rr1.wav	68	368390	CC0-1.0	https://raw.githubusercontent.com/sgossner/VCSL/master/Chordophones/Zithers/Harpsichord%2C%20Flemish/Releases/Low/HarpsiRH_LowRel_Far_G%233_rr1.wav	
core	harpsichord-8ft-release	required	HarpsiRH_LowRel_Far_G#4_rr1.wav	80	361598	CC0-1.0	https://raw.githubusercontent.com/sgossner/VCSL/master/Chordophones/Zithers/Harpsichord%2C%20Flemish/Releases/Low/HarpsiRH_LowRel_Far_G%234_rr1.wav	
core	harpsichord-4ft	required	HarpsiRH_High_Far_A#1_rr1.wav	34	2787896	CC0-1.0	https://raw.githubusercontent.com/sgossner/VCSL/master/Chordophones/Zithers/Harpsichord%2C%20Flemish/Sustains/High/HarpsiRH_High_Far_A%231_rr1.wav	4-foot stop: sounds one octave above trigger_key
core	harpsichord-4ft	required	HarpsiRH_High_Far_A#2_rr1.wav	46	2401058	CC0-1.0	https://raw.githubusercontent.com/sgossner/VCSL/master/Chordophones/Zithers/Harpsichord%2C%20Flemish/Sustains/High/HarpsiRH_High_Far_A%232_rr1.wav	4-foot stop: sounds one octave above trigger_key
core	harpsichord-4ft	required	HarpsiRH_High_Far_A#4_rr1.wav	70	1476680	CC0-1.0	https://raw.githubusercontent.com/sgossner/VCSL/master/Chordophones/Zithers/Harpsichord%2C%20Flemish/Sustains/High/HarpsiRH_High_Far_A%234_rr1.wav	4-foot stop: sounds one octave above trigger_key
core	harpsichord-4ft	required	HarpsiRH_High_Far_A#5_rr1.wav	82	943616	CC0-1.0	https://raw.githubusercontent.com/sgossner/VCSL/master/Chordophones/Zithers/Harpsichord%2C%20Flemish/Sustains/High/HarpsiRH_High_Far_A%235_rr1.wav	4-foot stop: sounds one octave above trigger_key
core	harpsichord-4ft	required	HarpsiRH_High_Far_A3_rr2.wav	57	1548428	CC0-1.0	https://raw.githubusercontent.com/sgossner/VCSL/master/Chordophones/Zithers/Harpsichord%2C%20Flemish/Sustains/High/HarpsiRH_High_Far_A3_rr2.wav	4-foot stop: sounds one octave above trigger_key
core	harpsichord-4ft	required	HarpsiRH_High_Far_C#2_rr1.wav	37	3233084	CC0-1.0	https://raw.githubusercontent.com/sgossner/VCSL/master/Chordophones/Zithers/Harpsichord%2C%20Flemish/Sustains/High/HarpsiRH_High_Far_C%232_rr1.wav	4-foot stop: sounds one octave above trigger_key
core	harpsichord-4ft	required	HarpsiRH_High_Far_C#3_rr1.wav	49	2401148	CC0-1.0	https://raw.githubusercontent.com/sgossner/VCSL/master/Chordophones/Zithers/Harpsichord%2C%20Flemish/Sustains/High/HarpsiRH_High_Far_C%233_rr1.wav	4-foot stop: sounds one octave above trigger_key
core	harpsichord-4ft	required	HarpsiRH_High_Far_C#4_rr1.wav	61	1539866	CC0-1.0	https://raw.githubusercontent.com/sgossner/VCSL/master/Chordophones/Zithers/Harpsichord%2C%20Flemish/Sustains/High/HarpsiRH_High_Far_C%234_rr1.wav	4-foot stop: sounds one octave above trigger_key
core	harpsichord-4ft	required	HarpsiRH_High_Far_C5_rr1.wav	72	1083662	CC0-1.0	https://raw.githubusercontent.com/sgossner/VCSL/master/Chordophones/Zithers/Harpsichord%2C%20Flemish/Sustains/High/HarpsiRH_High_Far_C5_rr1.wav	4-foot stop: sounds one octave above trigger_key
core	harpsichord-4ft	required	HarpsiRH_High_Far_C6_rr1.wav	84	703394	CC0-1.0	https://raw.githubusercontent.com/sgossner/VCSL/master/Chordophones/Zithers/Harpsichord%2C%20Flemish/Sustains/High/HarpsiRH_High_Far_C6_rr1.wav	4-foot stop: sounds one octave above trigger_key
core	harpsichord-4ft	required	HarpsiRH_High_Far_D4_rr1.wav	62	1482914	CC0-1.0	https://raw.githubusercontent.com/sgossner/VCSL/master/Chordophones/Zithers/Harpsichord%2C%20Flemish/Sustains/High/HarpsiRH_High_Far_D4_rr1.wav	4-foot stop: sounds one octave above trigger_key
core	harpsichord-4ft	required	HarpsiRH_High_Far_D5_rr1.wav	74	1343132	CC0-1.0	https://raw.githubusercontent.com/sgossner/VCSL/master/Chordophones/Zithers/Harpsichord%2C%20Flemish/Sustains/High/HarpsiRH_High_Far_D5_rr1.wav	4-foot stop: sounds one octave above trigger_key
core	harpsichord-4ft	required	HarpsiRH_High_Far_E2_rr1.wav	40	2025134	CC0-1.0	https://raw.githubusercontent.com/sgossner/VCSL/master/Chordophones/Zithers/Harpsichord%2C%20Flemish/Sustains/High/HarpsiRH_High_Far_E2_rr1.wav	4-foot stop: sounds one octave above trigger_key
core	harpsichord-4ft	required	HarpsiRH_High_Far_E3_rr1.wav	52	2087318	CC0-1.0	https://raw.githubusercontent.com/sgossner/VCSL/master/Chordophones/Zithers/Harpsichord%2C%20Flemish/Sustains/High/HarpsiRH_High_Far_E3_rr1.wav	4-foot stop: sounds one octave above trigger_key
core	harpsichord-4ft	required	HarpsiRH_High_Far_E4_rr1.wav	64	1395476	CC0-1.0	https://raw.githubusercontent.com/sgossner/VCSL/master/Chordophones/Zithers/Harpsichord%2C%20Flemish/Sustains/High/HarpsiRH_High_Far_E4_rr1.wav	4-foot stop: sounds one octave above trigger_key
core	harpsichord-4ft	required	HarpsiRH_High_Far_E5_rr1.wav	76	1072022	CC0-1.0	https://raw.githubusercontent.com/sgossner/VCSL/master/Chordophones/Zithers/Harpsichord%2C%20Flemish/Sustains/High/HarpsiRH_High_Far_E5_rr1.wav	4-foot stop: sounds one octave above trigger_key
core	harpsichord-4ft	required	HarpsiRH_High_Far_F#1_rr1.wav	30	3262928	CC0-1.0	https://raw.githubusercontent.com/sgossner/VCSL/master/Chordophones/Zithers/Harpsichord%2C%20Flemish/Sustains/High/HarpsiRH_High_Far_F%231_rr1.wav	4-foot stop: sounds one octave above trigger_key
core	harpsichord-4ft	required	HarpsiRH_High_Far_F#2_rr1.wav	42	1847198	CC0-1.0	https://raw.githubusercontent.com/sgossner/VCSL/master/Chordophones/Zithers/Harpsichord%2C%20Flemish/Sustains/High/HarpsiRH_High_Far_F%232_rr1.wav	4-foot stop: sounds one octave above trigger_key
core	harpsichord-4ft	required	HarpsiRH_High_Far_F#3_rr1.wav	54	1765856	CC0-1.0	https://raw.githubusercontent.com/sgossner/VCSL/master/Chordophones/Zithers/Harpsichord%2C%20Flemish/Sustains/High/HarpsiRH_High_Far_F%233_rr1.wav	4-foot stop: sounds one octave above trigger_key
core	harpsichord-4ft	required	HarpsiRH_High_Far_F#4_rr1.wav	66	1482518	CC0-1.0	https://raw.githubusercontent.com/sgossner/VCSL/master/Chordophones/Zithers/Harpsichord%2C%20Flemish/Sustains/High/HarpsiRH_High_Far_F%234_rr1.wav	4-foot stop: sounds one octave above trigger_key
core	harpsichord-4ft	required	HarpsiRH_High_Far_F#5_rr1.wav	78	887846	CC0-1.0	https://raw.githubusercontent.com/sgossner/VCSL/master/Chordophones/Zithers/Harpsichord%2C%20Flemish/Sustains/High/HarpsiRH_High_Far_F%235_rr1.wav	4-foot stop: sounds one octave above trigger_key
core	harpsichord-4ft	required	HarpsiRH_High_Far_G#1_rr1.wav	32	2976002	CC0-1.0	https://raw.githubusercontent.com/sgossner/VCSL/master/Chordophones/Zithers/Harpsichord%2C%20Flemish/Sustains/High/HarpsiRH_High_Far_G%231_rr1.wav	4-foot stop: sounds one octave above trigger_key
core	harpsichord-4ft	required	HarpsiRH_High_Far_G#2_rr1.wav	44	1769330	CC0-1.0	https://raw.githubusercontent.com/sgossner/VCSL/master/Chordophones/Zithers/Harpsichord%2C%20Flemish/Sustains/High/HarpsiRH_High_Far_G%232_rr1.wav	4-foot stop: sounds one octave above trigger_key
core	harpsichord-4ft	required	HarpsiRH_High_Far_G#3_rr1.wav	56	1789502	CC0-1.0	https://raw.githubusercontent.com/sgossner/VCSL/master/Chordophones/Zithers/Harpsichord%2C%20Flemish/Sustains/High/HarpsiRH_High_Far_G%233_rr1.wav	4-foot stop: sounds one octave above trigger_key
core	harpsichord-4ft	required	HarpsiRH_High_Far_G#4_rr1.wav	68	1328282	CC0-1.0	https://raw.githubusercontent.com/sgossner/VCSL/master/Chordophones/Zithers/Harpsichord%2C%20Flemish/Sustains/High/HarpsiRH_High_Far_G%234_rr1.wav	4-foot stop: sounds one octave above trigger_key
core	harpsichord-4ft	required	HarpsiRH_High_Far_G#5_rr1.wav	80	936320	CC0-1.0	https://raw.githubusercontent.com/sgossner/VCSL/master/Chordophones/Zithers/Harpsichord%2C%20Flemish/Sustains/High/HarpsiRH_High_Far_G%235_rr1.wav	4-foot stop: sounds one octave above trigger_key
core	harpsichord-4ft-release	required	HarpsiRH_HighRel_Far_A#1_rr1.wav	34	221288	CC0-1.0	https://raw.githubusercontent.com/sgossner/VCSL/master/Chordophones/Zithers/Harpsichord%2C%20Flemish/Releases/High/HarpsiRH_HighRel_Far_A%231_rr1.wav	4-foot stop: sounds one octave above trigger_key
core	harpsichord-4ft-release	required	HarpsiRH_HighRel_Far_A#2_rr1.wav	46	218474	CC0-1.0	https://raw.githubusercontent.com/sgossner/VCSL/master/Chordophones/Zithers/Harpsichord%2C%20Flemish/Releases/High/HarpsiRH_HighRel_Far_A%232_rr1.wav	4-foot stop: sounds one octave above trigger_key
core	harpsichord-4ft-release	required	HarpsiRH_HighRel_Far_A#4_rr1.wav	70	190994	CC0-1.0	https://raw.githubusercontent.com/sgossner/VCSL/master/Chordophones/Zithers/Harpsichord%2C%20Flemish/Releases/High/HarpsiRH_HighRel_Far_A%234_rr1.wav	4-foot stop: sounds one octave above trigger_key
core	harpsichord-4ft-release	required	HarpsiRH_HighRel_Far_A#5_rr1.wav	82	200252	CC0-1.0	https://raw.githubusercontent.com/sgossner/VCSL/master/Chordophones/Zithers/Harpsichord%2C%20Flemish/Releases/High/HarpsiRH_HighRel_Far_A%235_rr1.wav	4-foot stop: sounds one octave above trigger_key
core	harpsichord-4ft-release	required	HarpsiRH_HighRel_Far_A3_rr1.wav	57	299906	CC0-1.0	https://raw.githubusercontent.com/sgossner/VCSL/master/Chordophones/Zithers/Harpsichord%2C%20Flemish/Releases/High/HarpsiRH_HighRel_Far_A3_rr1.wav	4-foot stop: sounds one octave above trigger_key
core	harpsichord-4ft-release	required	HarpsiRH_HighRel_Far_C#2_rr1.wav	37	228986	CC0-1.0	https://raw.githubusercontent.com/sgossner/VCSL/master/Chordophones/Zithers/Harpsichord%2C%20Flemish/Releases/High/HarpsiRH_HighRel_Far_C%232_rr1.wav	4-foot stop: sounds one octave above trigger_key
core	harpsichord-4ft-release	required	HarpsiRH_HighRel_Far_C#3_rr1.wav	49	246080	CC0-1.0	https://raw.githubusercontent.com/sgossner/VCSL/master/Chordophones/Zithers/Harpsichord%2C%20Flemish/Releases/High/HarpsiRH_HighRel_Far_C%233_rr1.wav	4-foot stop: sounds one octave above trigger_key
core	harpsichord-4ft-release	required	HarpsiRH_HighRel_Far_C#4_rr1.wav	61	306230	CC0-1.0	https://raw.githubusercontent.com/sgossner/VCSL/master/Chordophones/Zithers/Harpsichord%2C%20Flemish/Releases/High/HarpsiRH_HighRel_Far_C%234_rr1.wav	4-foot stop: sounds one octave above trigger_key
core	harpsichord-4ft-release	required	HarpsiRH_HighRel_Far_C5_rr1.wav	72	232424	CC0-1.0	https://raw.githubusercontent.com/sgossner/VCSL/master/Chordophones/Zithers/Harpsichord%2C%20Flemish/Releases/High/HarpsiRH_HighRel_Far_C5_rr1.wav	4-foot stop: sounds one octave above trigger_key
core	harpsichord-4ft-release	required	HarpsiRH_HighRel_Far_C6_rr1.wav	84	257456	CC0-1.0	https://raw.githubusercontent.com/sgossner/VCSL/master/Chordophones/Zithers/Harpsichord%2C%20Flemish/Releases/High/HarpsiRH_HighRel_Far_C6_rr1.wav	4-foot stop: sounds one octave above trigger_key
core	harpsichord-4ft-release	required	HarpsiRH_HighRel_Far_D4_rr1.wav	62	187310	CC0-1.0	https://raw.githubusercontent.com/sgossner/VCSL/master/Chordophones/Zithers/Harpsichord%2C%20Flemish/Releases/High/HarpsiRH_HighRel_Far_D4_rr1.wav	4-foot stop: sounds one octave above trigger_key
core	harpsichord-4ft-release	required	HarpsiRH_HighRel_Far_D5_rr1.wav	74	255068	CC0-1.0	https://raw.githubusercontent.com/sgossner/VCSL/master/Chordophones/Zithers/Harpsichord%2C%20Flemish/Releases/High/HarpsiRH_HighRel_Far_D5_rr1.wav	4-foot stop: sounds one octave above trigger_key
core	harpsichord-4ft-release	required	HarpsiRH_HighRel_Far_E2_rr1.wav	40	184886	CC0-1.0	https://raw.githubusercontent.com/sgossner/VCSL/master/Chordophones/Zithers/Harpsichord%2C%20Flemish/Releases/High/HarpsiRH_HighRel_Far_E2_rr1.wav	4-foot stop: sounds one octave above trigger_key
core	harpsichord-4ft-release	required	HarpsiRH_HighRel_Far_E3_rr1.wav	52	293708	CC0-1.0	https://raw.githubusercontent.com/sgossner/VCSL/master/Chordophones/Zithers/Harpsichord%2C%20Flemish/Releases/High/HarpsiRH_HighRel_Far_E3_rr1.wav	4-foot stop: sounds one octave above trigger_key
core	harpsichord-4ft-release	required	HarpsiRH_HighRel_Far_E4_rr1.wav	64	221060	CC0-1.0	https://raw.githubusercontent.com/sgossner/VCSL/master/Chordophones/Zithers/Harpsichord%2C%20Flemish/Releases/High/HarpsiRH_HighRel_Far_E4_rr1.wav	4-foot stop: sounds one octave above trigger_key
core	harpsichord-4ft-release	required	HarpsiRH_HighRel_Far_E5_rr1.wav	76	235058	CC0-1.0	https://raw.githubusercontent.com/sgossner/VCSL/master/Chordophones/Zithers/Harpsichord%2C%20Flemish/Releases/High/HarpsiRH_HighRel_Far_E5_rr1.wav	4-foot stop: sounds one octave above trigger_key
core	harpsichord-4ft-release	required	HarpsiRH_HighRel_Far_F#1_rr1.wav	30	326960	CC0-1.0	https://raw.githubusercontent.com/sgossner/VCSL/master/Chordophones/Zithers/Harpsichord%2C%20Flemish/Releases/High/HarpsiRH_HighRel_Far_F%231_rr1.wav	4-foot stop: sounds one octave above trigger_key
core	harpsichord-4ft-release	required	HarpsiRH_HighRel_Far_F#2_rr1.wav	42	206342	CC0-1.0	https://raw.githubusercontent.com/sgossner/VCSL/master/Chordophones/Zithers/Harpsichord%2C%20Flemish/Releases/High/HarpsiRH_HighRel_Far_F%232_rr1.wav	4-foot stop: sounds one octave above trigger_key
core	harpsichord-4ft-release	required	HarpsiRH_HighRel_Far_F#3_rr1.wav	54	232016	CC0-1.0	https://raw.githubusercontent.com/sgossner/VCSL/master/Chordophones/Zithers/Harpsichord%2C%20Flemish/Releases/High/HarpsiRH_HighRel_Far_F%233_rr1.wav	4-foot stop: sounds one octave above trigger_key
core	harpsichord-4ft-release	required	HarpsiRH_HighRel_Far_F#4_rr1.wav	66	387548	CC0-1.0	https://raw.githubusercontent.com/sgossner/VCSL/master/Chordophones/Zithers/Harpsichord%2C%20Flemish/Releases/High/HarpsiRH_HighRel_Far_F%234_rr1.wav	4-foot stop: sounds one octave above trigger_key
core	harpsichord-4ft-release	required	HarpsiRH_HighRel_Far_F#5_rr1.wav	78	237938	CC0-1.0	https://raw.githubusercontent.com/sgossner/VCSL/master/Chordophones/Zithers/Harpsichord%2C%20Flemish/Releases/High/HarpsiRH_HighRel_Far_F%235_rr1.wav	4-foot stop: sounds one octave above trigger_key
core	harpsichord-4ft-release	required	HarpsiRH_HighRel_Far_G#1_rr1.wav	32	216878	CC0-1.0	https://raw.githubusercontent.com/sgossner/VCSL/master/Chordophones/Zithers/Harpsichord%2C%20Flemish/Releases/High/HarpsiRH_HighRel_Far_G%231_rr1.wav	4-foot stop: sounds one octave above trigger_key
core	harpsichord-4ft-release	required	HarpsiRH_HighRel_Far_G#2_rr1.wav	44	247148	CC0-1.0	https://raw.githubusercontent.com/sgossner/VCSL/master/Chordophones/Zithers/Harpsichord%2C%20Flemish/Releases/High/HarpsiRH_HighRel_Far_G%232_rr1.wav	4-foot stop: sounds one octave above trigger_key
core	harpsichord-4ft-release	required	HarpsiRH_HighRel_Far_G#3_rr1.wav	56	494540	CC0-1.0	https://raw.githubusercontent.com/sgossner/VCSL/master/Chordophones/Zithers/Harpsichord%2C%20Flemish/Releases/High/HarpsiRH_HighRel_Far_G%233_rr1.wav	4-foot stop: sounds one octave above trigger_key
core	harpsichord-4ft-release	required	HarpsiRH_HighRel_Far_G#4_rr1.wav	68	234242	CC0-1.0	https://raw.githubusercontent.com/sgossner/VCSL/master/Chordophones/Zithers/Harpsichord%2C%20Flemish/Releases/High/HarpsiRH_HighRel_Far_G%234_rr1.wav	4-foot stop: sounds one octave above trigger_key
core	harpsichord-4ft-release	required	HarpsiRH_HighRel_Far_G#5_rr1.wav	80	224822	CC0-1.0	https://raw.githubusercontent.com/sgossner/VCSL/master/Chordophones/Zithers/Harpsichord%2C%20Flemish/Releases/High/HarpsiRH_HighRel_Far_G%235_rr1.wav	4-foot stop: sounds one octave above trigger_key
core	vcsl-sfz-maps	required	Upright Piano, Knight.sfz		21222	CC0-1.0	https://raw.githubusercontent.com/sgossner/VCSL/sfz/Chordophones/Zithers/Upright%20Piano%2C%20Knight.sfz	
core	vcsl-sfz-maps	required	Harpsichord, Flemish - Full.sfz		15136	CC0-1.0	https://raw.githubusercontent.com/sgossner/VCSL/sfz/Chordophones/Zithers/Harpsichord%2C%20Flemish%20-%20Full.sfz	
core	vcsl-sfz-maps	required	Harpsichord, Flemish - 4'.sfz		7326	CC0-1.0	https://raw.githubusercontent.com/sgossner/VCSL/sfz/Chordophones/Zithers/Harpsichord%2C%20Flemish%20-%204%27.sfz	
core	vcsl-sfz-maps	required	Harpsichord, Flemish - 8'.sfz		7810	CC0-1.0	https://raw.githubusercontent.com/sgossner/VCSL/sfz/Chordophones/Zithers/Harpsichord%2C%20Flemish%20-%208%27.sfz	
hd	grand-sustain-hd	required-if-HD	A0v2.flac	21	2179707	CC-BY-3.0 (author declared public domain 2022-03-04)	https://raw.githubusercontent.com/sfzinstruments/SalamanderGrandPiano/master/Samples/A0v2.flac	extra velocity layer for the 16-layer grand; trim with Data/vel_XX.txt
hd	grand-sustain-hd	required-if-HD	A0v3.flac	21	2346995	CC-BY-3.0 (author declared public domain 2022-03-04)	https://raw.githubusercontent.com/sfzinstruments/SalamanderGrandPiano/master/Samples/A0v3.flac	extra velocity layer for the 16-layer grand; trim with Data/vel_XX.txt
hd	grand-sustain-hd	required-if-HD	A0v5.flac	21	2638509	CC-BY-3.0 (author declared public domain 2022-03-04)	https://raw.githubusercontent.com/sfzinstruments/SalamanderGrandPiano/master/Samples/A0v5.flac	extra velocity layer for the 16-layer grand; trim with Data/vel_XX.txt
hd	grand-sustain-hd	required-if-HD	A0v6.flac	21	2634082	CC-BY-3.0 (author declared public domain 2022-03-04)	https://raw.githubusercontent.com/sfzinstruments/SalamanderGrandPiano/master/Samples/A0v6.flac	extra velocity layer for the 16-layer grand; trim with Data/vel_XX.txt
hd	grand-sustain-hd	required-if-HD	A0v8.flac	21	2685849	CC-BY-3.0 (author declared public domain 2022-03-04)	https://raw.githubusercontent.com/sfzinstruments/SalamanderGrandPiano/master/Samples/A0v8.flac	extra velocity layer for the 16-layer grand; trim with Data/vel_XX.txt
hd	grand-sustain-hd	required-if-HD	A0v9.flac	21	2727560	CC-BY-3.0 (author declared public domain 2022-03-04)	https://raw.githubusercontent.com/sfzinstruments/SalamanderGrandPiano/master/Samples/A0v9.flac	extra velocity layer for the 16-layer grand; trim with Data/vel_XX.txt
hd	grand-sustain-hd	required-if-HD	A0v11.flac	21	2734680	CC-BY-3.0 (author declared public domain 2022-03-04)	https://raw.githubusercontent.com/sfzinstruments/SalamanderGrandPiano/master/Samples/A0v11.flac	extra velocity layer for the 16-layer grand; trim with Data/vel_XX.txt
hd	grand-sustain-hd	required-if-HD	A0v12.flac	21	2785384	CC-BY-3.0 (author declared public domain 2022-03-04)	https://raw.githubusercontent.com/sfzinstruments/SalamanderGrandPiano/master/Samples/A0v12.flac	extra velocity layer for the 16-layer grand; trim with Data/vel_XX.txt
hd	grand-sustain-hd	required-if-HD	A0v14.flac	21	2730478	CC-BY-3.0 (author declared public domain 2022-03-04)	https://raw.githubusercontent.com/sfzinstruments/SalamanderGrandPiano/master/Samples/A0v14.flac	extra velocity layer for the 16-layer grand; trim with Data/vel_XX.txt
hd	grand-sustain-hd	required-if-HD	A0v15.flac	21	2740560	CC-BY-3.0 (author declared public domain 2022-03-04)	https://raw.githubusercontent.com/sfzinstruments/SalamanderGrandPiano/master/Samples/A0v15.flac	extra velocity layer for the 16-layer grand; trim with Data/vel_XX.txt
hd	grand-sustain-hd	required-if-HD	C1v2.flac	24	2442369	CC-BY-3.0 (author declared public domain 2022-03-04)	https://raw.githubusercontent.com/sfzinstruments/SalamanderGrandPiano/master/Samples/C1v2.flac	extra velocity layer for the 16-layer grand; trim with Data/vel_XX.txt
hd	grand-sustain-hd	required-if-HD	C1v3.flac	24	2472280	CC-BY-3.0 (author declared public domain 2022-03-04)	https://raw.githubusercontent.com/sfzinstruments/SalamanderGrandPiano/master/Samples/C1v3.flac	extra velocity layer for the 16-layer grand; trim with Data/vel_XX.txt
hd	grand-sustain-hd	required-if-HD	C1v5.flac	24	2498437	CC-BY-3.0 (author declared public domain 2022-03-04)	https://raw.githubusercontent.com/sfzinstruments/SalamanderGrandPiano/master/Samples/C1v5.flac	extra velocity layer for the 16-layer grand; trim with Data/vel_XX.txt
hd	grand-sustain-hd	required-if-HD	C1v6.flac	24	2510076	CC-BY-3.0 (author declared public domain 2022-03-04)	https://raw.githubusercontent.com/sfzinstruments/SalamanderGrandPiano/master/Samples/C1v6.flac	extra velocity layer for the 16-layer grand; trim with Data/vel_XX.txt
hd	grand-sustain-hd	required-if-HD	C1v8.flac	24	2514395	CC-BY-3.0 (author declared public domain 2022-03-04)	https://raw.githubusercontent.com/sfzinstruments/SalamanderGrandPiano/master/Samples/C1v8.flac	extra velocity layer for the 16-layer grand; trim with Data/vel_XX.txt
hd	grand-sustain-hd	required-if-HD	C1v9.flac	24	2508365	CC-BY-3.0 (author declared public domain 2022-03-04)	https://raw.githubusercontent.com/sfzinstruments/SalamanderGrandPiano/master/Samples/C1v9.flac	extra velocity layer for the 16-layer grand; trim with Data/vel_XX.txt
hd	grand-sustain-hd	required-if-HD	C1v11.flac	24	2534515	CC-BY-3.0 (author declared public domain 2022-03-04)	https://raw.githubusercontent.com/sfzinstruments/SalamanderGrandPiano/master/Samples/C1v11.flac	extra velocity layer for the 16-layer grand; trim with Data/vel_XX.txt
hd	grand-sustain-hd	required-if-HD	C1v12.flac	24	2540684	CC-BY-3.0 (author declared public domain 2022-03-04)	https://raw.githubusercontent.com/sfzinstruments/SalamanderGrandPiano/master/Samples/C1v12.flac	extra velocity layer for the 16-layer grand; trim with Data/vel_XX.txt
hd	grand-sustain-hd	required-if-HD	C1v14.flac	24	2584712	CC-BY-3.0 (author declared public domain 2022-03-04)	https://raw.githubusercontent.com/sfzinstruments/SalamanderGrandPiano/master/Samples/C1v14.flac	extra velocity layer for the 16-layer grand; trim with Data/vel_XX.txt
hd	grand-sustain-hd	required-if-HD	C1v15.flac	24	2616594	CC-BY-3.0 (author declared public domain 2022-03-04)	https://raw.githubusercontent.com/sfzinstruments/SalamanderGrandPiano/master/Samples/C1v15.flac	extra velocity layer for the 16-layer grand; trim with Data/vel_XX.txt
hd	grand-sustain-hd	required-if-HD	D#1v2.flac	27	2497323	CC-BY-3.0 (author declared public domain 2022-03-04)	https://raw.githubusercontent.com/sfzinstruments/SalamanderGrandPiano/master/Samples/D%231v2.flac	extra velocity layer for the 16-layer grand; trim with Data/vel_XX.txt
hd	grand-sustain-hd	required-if-HD	D#1v3.flac	27	2496013	CC-BY-3.0 (author declared public domain 2022-03-04)	https://raw.githubusercontent.com/sfzinstruments/SalamanderGrandPiano/master/Samples/D%231v3.flac	extra velocity layer for the 16-layer grand; trim with Data/vel_XX.txt
hd	grand-sustain-hd	required-if-HD	D#1v5.flac	27	2840893	CC-BY-3.0 (author declared public domain 2022-03-04)	https://raw.githubusercontent.com/sfzinstruments/SalamanderGrandPiano/master/Samples/D%231v5.flac	extra velocity layer for the 16-layer grand; trim with Data/vel_XX.txt
hd	grand-sustain-hd	required-if-HD	D#1v6.flac	27	2851218	CC-BY-3.0 (author declared public domain 2022-03-04)	https://raw.githubusercontent.com/sfzinstruments/SalamanderGrandPiano/master/Samples/D%231v6.flac	extra velocity layer for the 16-layer grand; trim with Data/vel_XX.txt
hd	grand-sustain-hd	required-if-HD	D#1v8.flac	27	2889777	CC-BY-3.0 (author declared public domain 2022-03-04)	https://raw.githubusercontent.com/sfzinstruments/SalamanderGrandPiano/master/Samples/D%231v8.flac	extra velocity layer for the 16-layer grand; trim with Data/vel_XX.txt
hd	grand-sustain-hd	required-if-HD	D#1v9.flac	27	2901002	CC-BY-3.0 (author declared public domain 2022-03-04)	https://raw.githubusercontent.com/sfzinstruments/SalamanderGrandPiano/master/Samples/D%231v9.flac	extra velocity layer for the 16-layer grand; trim with Data/vel_XX.txt
hd	grand-sustain-hd	required-if-HD	D#1v11.flac	27	2892784	CC-BY-3.0 (author declared public domain 2022-03-04)	https://raw.githubusercontent.com/sfzinstruments/SalamanderGrandPiano/master/Samples/D%231v11.flac	extra velocity layer for the 16-layer grand; trim with Data/vel_XX.txt
hd	grand-sustain-hd	required-if-HD	D#1v12.flac	27	2896372	CC-BY-3.0 (author declared public domain 2022-03-04)	https://raw.githubusercontent.com/sfzinstruments/SalamanderGrandPiano/master/Samples/D%231v12.flac	extra velocity layer for the 16-layer grand; trim with Data/vel_XX.txt
hd	grand-sustain-hd	required-if-HD	D#1v14.flac	27	2933400	CC-BY-3.0 (author declared public domain 2022-03-04)	https://raw.githubusercontent.com/sfzinstruments/SalamanderGrandPiano/master/Samples/D%231v14.flac	extra velocity layer for the 16-layer grand; trim with Data/vel_XX.txt
hd	grand-sustain-hd	required-if-HD	D#1v15.flac	27	2944808	CC-BY-3.0 (author declared public domain 2022-03-04)	https://raw.githubusercontent.com/sfzinstruments/SalamanderGrandPiano/master/Samples/D%231v15.flac	extra velocity layer for the 16-layer grand; trim with Data/vel_XX.txt
hd	grand-sustain-hd	required-if-HD	F#1v2.flac	30	2063507	CC-BY-3.0 (author declared public domain 2022-03-04)	https://raw.githubusercontent.com/sfzinstruments/SalamanderGrandPiano/master/Samples/F%231v2.flac	extra velocity layer for the 16-layer grand; trim with Data/vel_XX.txt
hd	grand-sustain-hd	required-if-HD	F#1v3.flac	30	2263896	CC-BY-3.0 (author declared public domain 2022-03-04)	https://raw.githubusercontent.com/sfzinstruments/SalamanderGrandPiano/master/Samples/F%231v3.flac	extra velocity layer for the 16-layer grand; trim with Data/vel_XX.txt
hd	grand-sustain-hd	required-if-HD	F#1v5.flac	30	2660928	CC-BY-3.0 (author declared public domain 2022-03-04)	https://raw.githubusercontent.com/sfzinstruments/SalamanderGrandPiano/master/Samples/F%231v5.flac	extra velocity layer for the 16-layer grand; trim with Data/vel_XX.txt
hd	grand-sustain-hd	required-if-HD	F#1v6.flac	30	2650092	CC-BY-3.0 (author declared public domain 2022-03-04)	https://raw.githubusercontent.com/sfzinstruments/SalamanderGrandPiano/master/Samples/F%231v6.flac	extra velocity layer for the 16-layer grand; trim with Data/vel_XX.txt
hd	grand-sustain-hd	required-if-HD	F#1v8.flac	30	2694821	CC-BY-3.0 (author declared public domain 2022-03-04)	https://raw.githubusercontent.com/sfzinstruments/SalamanderGrandPiano/master/Samples/F%231v8.flac	extra velocity layer for the 16-layer grand; trim with Data/vel_XX.txt
hd	grand-sustain-hd	required-if-HD	F#1v9.flac	30	2696747	CC-BY-3.0 (author declared public domain 2022-03-04)	https://raw.githubusercontent.com/sfzinstruments/SalamanderGrandPiano/master/Samples/F%231v9.flac	extra velocity layer for the 16-layer grand; trim with Data/vel_XX.txt
hd	grand-sustain-hd	required-if-HD	F#1v11.flac	30	2711519	CC-BY-3.0 (author declared public domain 2022-03-04)	https://raw.githubusercontent.com/sfzinstruments/SalamanderGrandPiano/master/Samples/F%231v11.flac	extra velocity layer for the 16-layer grand; trim with Data/vel_XX.txt
hd	grand-sustain-hd	required-if-HD	F#1v12.flac	30	2729124	CC-BY-3.0 (author declared public domain 2022-03-04)	https://raw.githubusercontent.com/sfzinstruments/SalamanderGrandPiano/master/Samples/F%231v12.flac	extra velocity layer for the 16-layer grand; trim with Data/vel_XX.txt
hd	grand-sustain-hd	required-if-HD	F#1v14.flac	30	2765040	CC-BY-3.0 (author declared public domain 2022-03-04)	https://raw.githubusercontent.com/sfzinstruments/SalamanderGrandPiano/master/Samples/F%231v14.flac	extra velocity layer for the 16-layer grand; trim with Data/vel_XX.txt
hd	grand-sustain-hd	required-if-HD	F#1v15.flac	30	2762913	CC-BY-3.0 (author declared public domain 2022-03-04)	https://raw.githubusercontent.com/sfzinstruments/SalamanderGrandPiano/master/Samples/F%231v15.flac	extra velocity layer for the 16-layer grand; trim with Data/vel_XX.txt
hd	grand-sustain-hd	required-if-HD	A1v2.flac	33	2186772	CC-BY-3.0 (author declared public domain 2022-03-04)	https://raw.githubusercontent.com/sfzinstruments/SalamanderGrandPiano/master/Samples/A1v2.flac	extra velocity layer for the 16-layer grand; trim with Data/vel_XX.txt
hd	grand-sustain-hd	required-if-HD	A1v3.flac	33	2262291	CC-BY-3.0 (author declared public domain 2022-03-04)	https://raw.githubusercontent.com/sfzinstruments/SalamanderGrandPiano/master/Samples/A1v3.flac	extra velocity layer for the 16-layer grand; trim with Data/vel_XX.txt
hd	grand-sustain-hd	required-if-HD	A1v5.flac	33	2402980	CC-BY-3.0 (author declared public domain 2022-03-04)	https://raw.githubusercontent.com/sfzinstruments/SalamanderGrandPiano/master/Samples/A1v5.flac	extra velocity layer for the 16-layer grand; trim with Data/vel_XX.txt
hd	grand-sustain-hd	required-if-HD	A1v6.flac	33	2691797	CC-BY-3.0 (author declared public domain 2022-03-04)	https://raw.githubusercontent.com/sfzinstruments/SalamanderGrandPiano/master/Samples/A1v6.flac	extra velocity layer for the 16-layer grand; trim with Data/vel_XX.txt
hd	grand-sustain-hd	required-if-HD	A1v8.flac	33	2707617	CC-BY-3.0 (author declared public domain 2022-03-04)	https://raw.githubusercontent.com/sfzinstruments/SalamanderGrandPiano/master/Samples/A1v8.flac	extra velocity layer for the 16-layer grand; trim with Data/vel_XX.txt
hd	grand-sustain-hd	required-if-HD	A1v9.flac	33	2707943	CC-BY-3.0 (author declared public domain 2022-03-04)	https://raw.githubusercontent.com/sfzinstruments/SalamanderGrandPiano/master/Samples/A1v9.flac	extra velocity layer for the 16-layer grand; trim with Data/vel_XX.txt
hd	grand-sustain-hd	required-if-HD	A1v11.flac	33	2732379	CC-BY-3.0 (author declared public domain 2022-03-04)	https://raw.githubusercontent.com/sfzinstruments/SalamanderGrandPiano/master/Samples/A1v11.flac	extra velocity layer for the 16-layer grand; trim with Data/vel_XX.txt
hd	grand-sustain-hd	required-if-HD	A1v12.flac	33	2786755	CC-BY-3.0 (author declared public domain 2022-03-04)	https://raw.githubusercontent.com/sfzinstruments/SalamanderGrandPiano/master/Samples/A1v12.flac	extra velocity layer for the 16-layer grand; trim with Data/vel_XX.txt
hd	grand-sustain-hd	required-if-HD	A1v14.flac	33	2782403	CC-BY-3.0 (author declared public domain 2022-03-04)	https://raw.githubusercontent.com/sfzinstruments/SalamanderGrandPiano/master/Samples/A1v14.flac	extra velocity layer for the 16-layer grand; trim with Data/vel_XX.txt
hd	grand-sustain-hd	required-if-HD	A1v15.flac	33	2823992	CC-BY-3.0 (author declared public domain 2022-03-04)	https://raw.githubusercontent.com/sfzinstruments/SalamanderGrandPiano/master/Samples/A1v15.flac	extra velocity layer for the 16-layer grand; trim with Data/vel_XX.txt
hd	grand-sustain-hd	required-if-HD	C2v2.flac	36	2100686	CC-BY-3.0 (author declared public domain 2022-03-04)	https://raw.githubusercontent.com/sfzinstruments/SalamanderGrandPiano/master/Samples/C2v2.flac	extra velocity layer for the 16-layer grand; trim with Data/vel_XX.txt
hd	grand-sustain-hd	required-if-HD	C2v3.flac	36	2252210	CC-BY-3.0 (author declared public domain 2022-03-04)	https://raw.githubusercontent.com/sfzinstruments/SalamanderGrandPiano/master/Samples/C2v3.flac	extra velocity layer for the 16-layer grand; trim with Data/vel_XX.txt
hd	grand-sustain-hd	required-if-HD	C2v5.flac	36	2510357	CC-BY-3.0 (author declared public domain 2022-03-04)	https://raw.githubusercontent.com/sfzinstruments/SalamanderGrandPiano/master/Samples/C2v5.flac	extra velocity layer for the 16-layer grand; trim with Data/vel_XX.txt
hd	grand-sustain-hd	required-if-HD	C2v6.flac	36	2532539	CC-BY-3.0 (author declared public domain 2022-03-04)	https://raw.githubusercontent.com/sfzinstruments/SalamanderGrandPiano/master/Samples/C2v6.flac	extra velocity layer for the 16-layer grand; trim with Data/vel_XX.txt
hd	grand-sustain-hd	required-if-HD	C2v8.flac	36	2561685	CC-BY-3.0 (author declared public domain 2022-03-04)	https://raw.githubusercontent.com/sfzinstruments/SalamanderGrandPiano/master/Samples/C2v8.flac	extra velocity layer for the 16-layer grand; trim with Data/vel_XX.txt
hd	grand-sustain-hd	required-if-HD	C2v9.flac	36	2564042	CC-BY-3.0 (author declared public domain 2022-03-04)	https://raw.githubusercontent.com/sfzinstruments/SalamanderGrandPiano/master/Samples/C2v9.flac	extra velocity layer for the 16-layer grand; trim with Data/vel_XX.txt
hd	grand-sustain-hd	required-if-HD	C2v11.flac	36	2596170	CC-BY-3.0 (author declared public domain 2022-03-04)	https://raw.githubusercontent.com/sfzinstruments/SalamanderGrandPiano/master/Samples/C2v11.flac	extra velocity layer for the 16-layer grand; trim with Data/vel_XX.txt
hd	grand-sustain-hd	required-if-HD	C2v12.flac	36	2608263	CC-BY-3.0 (author declared public domain 2022-03-04)	https://raw.githubusercontent.com/sfzinstruments/SalamanderGrandPiano/master/Samples/C2v12.flac	extra velocity layer for the 16-layer grand; trim with Data/vel_XX.txt
hd	grand-sustain-hd	required-if-HD	C2v14.flac	36	2642260	CC-BY-3.0 (author declared public domain 2022-03-04)	https://raw.githubusercontent.com/sfzinstruments/SalamanderGrandPiano/master/Samples/C2v14.flac	extra velocity layer for the 16-layer grand; trim with Data/vel_XX.txt
hd	grand-sustain-hd	required-if-HD	C2v15.flac	36	2680349	CC-BY-3.0 (author declared public domain 2022-03-04)	https://raw.githubusercontent.com/sfzinstruments/SalamanderGrandPiano/master/Samples/C2v15.flac	extra velocity layer for the 16-layer grand; trim with Data/vel_XX.txt
hd	grand-sustain-hd	required-if-HD	D#2v2.flac	39	2295789	CC-BY-3.0 (author declared public domain 2022-03-04)	https://raw.githubusercontent.com/sfzinstruments/SalamanderGrandPiano/master/Samples/D%232v2.flac	extra velocity layer for the 16-layer grand; trim with Data/vel_XX.txt
hd	grand-sustain-hd	required-if-HD	D#2v3.flac	39	2435017	CC-BY-3.0 (author declared public domain 2022-03-04)	https://raw.githubusercontent.com/sfzinstruments/SalamanderGrandPiano/master/Samples/D%232v3.flac	extra velocity layer for the 16-layer grand; trim with Data/vel_XX.txt
hd	grand-sustain-hd	required-if-HD	D#2v5.flac	39	2578767	CC-BY-3.0 (author declared public domain 2022-03-04)	https://raw.githubusercontent.com/sfzinstruments/SalamanderGrandPiano/master/Samples/D%232v5.flac	extra velocity layer for the 16-layer grand; trim with Data/vel_XX.txt
hd	grand-sustain-hd	required-if-HD	D#2v6.flac	39	2571610	CC-BY-3.0 (author declared public domain 2022-03-04)	https://raw.githubusercontent.com/sfzinstruments/SalamanderGrandPiano/master/Samples/D%232v6.flac	extra velocity layer for the 16-layer grand; trim with Data/vel_XX.txt
hd	grand-sustain-hd	required-if-HD	D#2v8.flac	39	2577675	CC-BY-3.0 (author declared public domain 2022-03-04)	https://raw.githubusercontent.com/sfzinstruments/SalamanderGrandPiano/master/Samples/D%232v8.flac	extra velocity layer for the 16-layer grand; trim with Data/vel_XX.txt
hd	grand-sustain-hd	required-if-HD	D#2v9.flac	39	2579428	CC-BY-3.0 (author declared public domain 2022-03-04)	https://raw.githubusercontent.com/sfzinstruments/SalamanderGrandPiano/master/Samples/D%232v9.flac	extra velocity layer for the 16-layer grand; trim with Data/vel_XX.txt
hd	grand-sustain-hd	required-if-HD	D#2v11.flac	39	2575005	CC-BY-3.0 (author declared public domain 2022-03-04)	https://raw.githubusercontent.com/sfzinstruments/SalamanderGrandPiano/master/Samples/D%232v11.flac	extra velocity layer for the 16-layer grand; trim with Data/vel_XX.txt
hd	grand-sustain-hd	required-if-HD	D#2v12.flac	39	2579711	CC-BY-3.0 (author declared public domain 2022-03-04)	https://raw.githubusercontent.com/sfzinstruments/SalamanderGrandPiano/master/Samples/D%232v12.flac	extra velocity layer for the 16-layer grand; trim with Data/vel_XX.txt
hd	grand-sustain-hd	required-if-HD	D#2v14.flac	39	2621999	CC-BY-3.0 (author declared public domain 2022-03-04)	https://raw.githubusercontent.com/sfzinstruments/SalamanderGrandPiano/master/Samples/D%232v14.flac	extra velocity layer for the 16-layer grand; trim with Data/vel_XX.txt
hd	grand-sustain-hd	required-if-HD	D#2v15.flac	39	2693272	CC-BY-3.0 (author declared public domain 2022-03-04)	https://raw.githubusercontent.com/sfzinstruments/SalamanderGrandPiano/master/Samples/D%232v15.flac	extra velocity layer for the 16-layer grand; trim with Data/vel_XX.txt
hd	grand-sustain-hd	required-if-HD	F#2v2.flac	42	1983201	CC-BY-3.0 (author declared public domain 2022-03-04)	https://raw.githubusercontent.com/sfzinstruments/SalamanderGrandPiano/master/Samples/F%232v2.flac	extra velocity layer for the 16-layer grand; trim with Data/vel_XX.txt
hd	grand-sustain-hd	required-if-HD	F#2v3.flac	42	2163309	CC-BY-3.0 (author declared public domain 2022-03-04)	https://raw.githubusercontent.com/sfzinstruments/SalamanderGrandPiano/master/Samples/F%232v3.flac	extra velocity layer for the 16-layer grand; trim with Data/vel_XX.txt
hd	grand-sustain-hd	required-if-HD	F#2v5.flac	42	2314774	CC-BY-3.0 (author declared public domain 2022-03-04)	https://raw.githubusercontent.com/sfzinstruments/SalamanderGrandPiano/master/Samples/F%232v5.flac	extra velocity layer for the 16-layer grand; trim with Data/vel_XX.txt
hd	grand-sustain-hd	required-if-HD	F#2v6.flac	42	2338769	CC-BY-3.0 (author declared public domain 2022-03-04)	https://raw.githubusercontent.com/sfzinstruments/SalamanderGrandPiano/master/Samples/F%232v6.flac	extra velocity layer for the 16-layer grand; trim with Data/vel_XX.txt
hd	grand-sustain-hd	required-if-HD	F#2v8.flac	42	2331259	CC-BY-3.0 (author declared public domain 2022-03-04)	https://raw.githubusercontent.com/sfzinstruments/SalamanderGrandPiano/master/Samples/F%232v8.flac	extra velocity layer for the 16-layer grand; trim with Data/vel_XX.txt
hd	grand-sustain-hd	required-if-HD	F#2v9.flac	42	2339282	CC-BY-3.0 (author declared public domain 2022-03-04)	https://raw.githubusercontent.com/sfzinstruments/SalamanderGrandPiano/master/Samples/F%232v9.flac	extra velocity layer for the 16-layer grand; trim with Data/vel_XX.txt
hd	grand-sustain-hd	required-if-HD	F#2v11.flac	42	2376880	CC-BY-3.0 (author declared public domain 2022-03-04)	https://raw.githubusercontent.com/sfzinstruments/SalamanderGrandPiano/master/Samples/F%232v11.flac	extra velocity layer for the 16-layer grand; trim with Data/vel_XX.txt
hd	grand-sustain-hd	required-if-HD	F#2v12.flac	42	2363308	CC-BY-3.0 (author declared public domain 2022-03-04)	https://raw.githubusercontent.com/sfzinstruments/SalamanderGrandPiano/master/Samples/F%232v12.flac	extra velocity layer for the 16-layer grand; trim with Data/vel_XX.txt
hd	grand-sustain-hd	required-if-HD	F#2v14.flac	42	2405155	CC-BY-3.0 (author declared public domain 2022-03-04)	https://raw.githubusercontent.com/sfzinstruments/SalamanderGrandPiano/master/Samples/F%232v14.flac	extra velocity layer for the 16-layer grand; trim with Data/vel_XX.txt
hd	grand-sustain-hd	required-if-HD	F#2v15.flac	42	2430966	CC-BY-3.0 (author declared public domain 2022-03-04)	https://raw.githubusercontent.com/sfzinstruments/SalamanderGrandPiano/master/Samples/F%232v15.flac	extra velocity layer for the 16-layer grand; trim with Data/vel_XX.txt
hd	grand-sustain-hd	required-if-HD	A2v2.flac	45	1856830	CC-BY-3.0 (author declared public domain 2022-03-04)	https://raw.githubusercontent.com/sfzinstruments/SalamanderGrandPiano/master/Samples/A2v2.flac	extra velocity layer for the 16-layer grand; trim with Data/vel_XX.txt
hd	grand-sustain-hd	required-if-HD	A2v3.flac	45	1838734	CC-BY-3.0 (author declared public domain 2022-03-04)	https://raw.githubusercontent.com/sfzinstruments/SalamanderGrandPiano/master/Samples/A2v3.flac	extra velocity layer for the 16-layer grand; trim with Data/vel_XX.txt
hd	grand-sustain-hd	required-if-HD	A2v5.flac	45	1887699	CC-BY-3.0 (author declared public domain 2022-03-04)	https://raw.githubusercontent.com/sfzinstruments/SalamanderGrandPiano/master/Samples/A2v5.flac	extra velocity layer for the 16-layer grand; trim with Data/vel_XX.txt
hd	grand-sustain-hd	required-if-HD	A2v6.flac	45	1877093	CC-BY-3.0 (author declared public domain 2022-03-04)	https://raw.githubusercontent.com/sfzinstruments/SalamanderGrandPiano/master/Samples/A2v6.flac	extra velocity layer for the 16-layer grand; trim with Data/vel_XX.txt
hd	grand-sustain-hd	required-if-HD	A2v8.flac	45	1901758	CC-BY-3.0 (author declared public domain 2022-03-04)	https://raw.githubusercontent.com/sfzinstruments/SalamanderGrandPiano/master/Samples/A2v8.flac	extra velocity layer for the 16-layer grand; trim with Data/vel_XX.txt
hd	grand-sustain-hd	required-if-HD	A2v9.flac	45	1945375	CC-BY-3.0 (author declared public domain 2022-03-04)	https://raw.githubusercontent.com/sfzinstruments/SalamanderGrandPiano/master/Samples/A2v9.flac	extra velocity layer for the 16-layer grand; trim with Data/vel_XX.txt
hd	grand-sustain-hd	required-if-HD	A2v11.flac	45	1928332	CC-BY-3.0 (author declared public domain 2022-03-04)	https://raw.githubusercontent.com/sfzinstruments/SalamanderGrandPiano/master/Samples/A2v11.flac	extra velocity layer for the 16-layer grand; trim with Data/vel_XX.txt
hd	grand-sustain-hd	required-if-HD	A2v12.flac	45	1976480	CC-BY-3.0 (author declared public domain 2022-03-04)	https://raw.githubusercontent.com/sfzinstruments/SalamanderGrandPiano/master/Samples/A2v12.flac	extra velocity layer for the 16-layer grand; trim with Data/vel_XX.txt
hd	grand-sustain-hd	required-if-HD	A2v14.flac	45	1991765	CC-BY-3.0 (author declared public domain 2022-03-04)	https://raw.githubusercontent.com/sfzinstruments/SalamanderGrandPiano/master/Samples/A2v14.flac	extra velocity layer for the 16-layer grand; trim with Data/vel_XX.txt
hd	grand-sustain-hd	required-if-HD	A2v15.flac	45	2049937	CC-BY-3.0 (author declared public domain 2022-03-04)	https://raw.githubusercontent.com/sfzinstruments/SalamanderGrandPiano/master/Samples/A2v15.flac	extra velocity layer for the 16-layer grand; trim with Data/vel_XX.txt
hd	grand-sustain-hd	required-if-HD	C3v2.flac	48	1651757	CC-BY-3.0 (author declared public domain 2022-03-04)	https://raw.githubusercontent.com/sfzinstruments/SalamanderGrandPiano/master/Samples/C3v2.flac	extra velocity layer for the 16-layer grand; trim with Data/vel_XX.txt
hd	grand-sustain-hd	required-if-HD	C3v3.flac	48	1689056	CC-BY-3.0 (author declared public domain 2022-03-04)	https://raw.githubusercontent.com/sfzinstruments/SalamanderGrandPiano/master/Samples/C3v3.flac	extra velocity layer for the 16-layer grand; trim with Data/vel_XX.txt
hd	grand-sustain-hd	required-if-HD	C3v5.flac	48	1731432	CC-BY-3.0 (author declared public domain 2022-03-04)	https://raw.githubusercontent.com/sfzinstruments/SalamanderGrandPiano/master/Samples/C3v5.flac	extra velocity layer for the 16-layer grand; trim with Data/vel_XX.txt
hd	grand-sustain-hd	required-if-HD	C3v6.flac	48	1737740	CC-BY-3.0 (author declared public domain 2022-03-04)	https://raw.githubusercontent.com/sfzinstruments/SalamanderGrandPiano/master/Samples/C3v6.flac	extra velocity layer for the 16-layer grand; trim with Data/vel_XX.txt
hd	grand-sustain-hd	required-if-HD	C3v8.flac	48	1741485	CC-BY-3.0 (author declared public domain 2022-03-04)	https://raw.githubusercontent.com/sfzinstruments/SalamanderGrandPiano/master/Samples/C3v8.flac	extra velocity layer for the 16-layer grand; trim with Data/vel_XX.txt
hd	grand-sustain-hd	required-if-HD	C3v9.flac	48	1759949	CC-BY-3.0 (author declared public domain 2022-03-04)	https://raw.githubusercontent.com/sfzinstruments/SalamanderGrandPiano/master/Samples/C3v9.flac	extra velocity layer for the 16-layer grand; trim with Data/vel_XX.txt
hd	grand-sustain-hd	required-if-HD	C3v11.flac	48	1756061	CC-BY-3.0 (author declared public domain 2022-03-04)	https://raw.githubusercontent.com/sfzinstruments/SalamanderGrandPiano/master/Samples/C3v11.flac	extra velocity layer for the 16-layer grand; trim with Data/vel_XX.txt
hd	grand-sustain-hd	required-if-HD	C3v12.flac	48	1753840	CC-BY-3.0 (author declared public domain 2022-03-04)	https://raw.githubusercontent.com/sfzinstruments/SalamanderGrandPiano/master/Samples/C3v12.flac	extra velocity layer for the 16-layer grand; trim with Data/vel_XX.txt
hd	grand-sustain-hd	required-if-HD	C3v14.flac	48	1801932	CC-BY-3.0 (author declared public domain 2022-03-04)	https://raw.githubusercontent.com/sfzinstruments/SalamanderGrandPiano/master/Samples/C3v14.flac	extra velocity layer for the 16-layer grand; trim with Data/vel_XX.txt
hd	grand-sustain-hd	required-if-HD	C3v15.flac	48	1854312	CC-BY-3.0 (author declared public domain 2022-03-04)	https://raw.githubusercontent.com/sfzinstruments/SalamanderGrandPiano/master/Samples/C3v15.flac	extra velocity layer for the 16-layer grand; trim with Data/vel_XX.txt
hd	grand-sustain-hd	required-if-HD	D#3v2.flac	51	1580308	CC-BY-3.0 (author declared public domain 2022-03-04)	https://raw.githubusercontent.com/sfzinstruments/SalamanderGrandPiano/master/Samples/D%233v2.flac	extra velocity layer for the 16-layer grand; trim with Data/vel_XX.txt
hd	grand-sustain-hd	required-if-HD	D#3v3.flac	51	1743106	CC-BY-3.0 (author declared public domain 2022-03-04)	https://raw.githubusercontent.com/sfzinstruments/SalamanderGrandPiano/master/Samples/D%233v3.flac	extra velocity layer for the 16-layer grand; trim with Data/vel_XX.txt
hd	grand-sustain-hd	required-if-HD	D#3v5.flac	51	1790253	CC-BY-3.0 (author declared public domain 2022-03-04)	https://raw.githubusercontent.com/sfzinstruments/SalamanderGrandPiano/master/Samples/D%233v5.flac	extra velocity layer for the 16-layer grand; trim with Data/vel_XX.txt
hd	grand-sustain-hd	required-if-HD	D#3v6.flac	51	1745644	CC-BY-3.0 (author declared public domain 2022-03-04)	https://raw.githubusercontent.com/sfzinstruments/SalamanderGrandPiano/master/Samples/D%233v6.flac	extra velocity layer for the 16-layer grand; trim with Data/vel_XX.txt
hd	grand-sustain-hd	required-if-HD	D#3v8.flac	51	1770977	CC-BY-3.0 (author declared public domain 2022-03-04)	https://raw.githubusercontent.com/sfzinstruments/SalamanderGrandPiano/master/Samples/D%233v8.flac	extra velocity layer for the 16-layer grand; trim with Data/vel_XX.txt
hd	grand-sustain-hd	required-if-HD	D#3v9.flac	51	1772749	CC-BY-3.0 (author declared public domain 2022-03-04)	https://raw.githubusercontent.com/sfzinstruments/SalamanderGrandPiano/master/Samples/D%233v9.flac	extra velocity layer for the 16-layer grand; trim with Data/vel_XX.txt
hd	grand-sustain-hd	required-if-HD	D#3v11.flac	51	1815803	CC-BY-3.0 (author declared public domain 2022-03-04)	https://raw.githubusercontent.com/sfzinstruments/SalamanderGrandPiano/master/Samples/D%233v11.flac	extra velocity layer for the 16-layer grand; trim with Data/vel_XX.txt
hd	grand-sustain-hd	required-if-HD	D#3v12.flac	51	1769835	CC-BY-3.0 (author declared public domain 2022-03-04)	https://raw.githubusercontent.com/sfzinstruments/SalamanderGrandPiano/master/Samples/D%233v12.flac	extra velocity layer for the 16-layer grand; trim with Data/vel_XX.txt
hd	grand-sustain-hd	required-if-HD	D#3v14.flac	51	1842436	CC-BY-3.0 (author declared public domain 2022-03-04)	https://raw.githubusercontent.com/sfzinstruments/SalamanderGrandPiano/master/Samples/D%233v14.flac	extra velocity layer for the 16-layer grand; trim with Data/vel_XX.txt
hd	grand-sustain-hd	required-if-HD	D#3v15.flac	51	1860531	CC-BY-3.0 (author declared public domain 2022-03-04)	https://raw.githubusercontent.com/sfzinstruments/SalamanderGrandPiano/master/Samples/D%233v15.flac	extra velocity layer for the 16-layer grand; trim with Data/vel_XX.txt
hd	grand-sustain-hd	required-if-HD	F#3v2.flac	54	1506111	CC-BY-3.0 (author declared public domain 2022-03-04)	https://raw.githubusercontent.com/sfzinstruments/SalamanderGrandPiano/master/Samples/F%233v2.flac	extra velocity layer for the 16-layer grand; trim with Data/vel_XX.txt
hd	grand-sustain-hd	required-if-HD	F#3v3.flac	54	1754406	CC-BY-3.0 (author declared public domain 2022-03-04)	https://raw.githubusercontent.com/sfzinstruments/SalamanderGrandPiano/master/Samples/F%233v3.flac	extra velocity layer for the 16-layer grand; trim with Data/vel_XX.txt
hd	grand-sustain-hd	required-if-HD	F#3v5.flac	54	1775604	CC-BY-3.0 (author declared public domain 2022-03-04)	https://raw.githubusercontent.com/sfzinstruments/SalamanderGrandPiano/master/Samples/F%233v5.flac	extra velocity layer for the 16-layer grand; trim with Data/vel_XX.txt
hd	grand-sustain-hd	required-if-HD	F#3v6.flac	54	1802747	CC-BY-3.0 (author declared public domain 2022-03-04)	https://raw.githubusercontent.com/sfzinstruments/SalamanderGrandPiano/master/Samples/F%233v6.flac	extra velocity layer for the 16-layer grand; trim with Data/vel_XX.txt
hd	grand-sustain-hd	required-if-HD	F#3v8.flac	54	1805025	CC-BY-3.0 (author declared public domain 2022-03-04)	https://raw.githubusercontent.com/sfzinstruments/SalamanderGrandPiano/master/Samples/F%233v8.flac	extra velocity layer for the 16-layer grand; trim with Data/vel_XX.txt
hd	grand-sustain-hd	required-if-HD	F#3v9.flac	54	1822051	CC-BY-3.0 (author declared public domain 2022-03-04)	https://raw.githubusercontent.com/sfzinstruments/SalamanderGrandPiano/master/Samples/F%233v9.flac	extra velocity layer for the 16-layer grand; trim with Data/vel_XX.txt
hd	grand-sustain-hd	required-if-HD	F#3v11.flac	54	1796864	CC-BY-3.0 (author declared public domain 2022-03-04)	https://raw.githubusercontent.com/sfzinstruments/SalamanderGrandPiano/master/Samples/F%233v11.flac	extra velocity layer for the 16-layer grand; trim with Data/vel_XX.txt
hd	grand-sustain-hd	required-if-HD	F#3v12.flac	54	1806073	CC-BY-3.0 (author declared public domain 2022-03-04)	https://raw.githubusercontent.com/sfzinstruments/SalamanderGrandPiano/master/Samples/F%233v12.flac	extra velocity layer for the 16-layer grand; trim with Data/vel_XX.txt
hd	grand-sustain-hd	required-if-HD	F#3v14.flac	54	1830639	CC-BY-3.0 (author declared public domain 2022-03-04)	https://raw.githubusercontent.com/sfzinstruments/SalamanderGrandPiano/master/Samples/F%233v14.flac	extra velocity layer for the 16-layer grand; trim with Data/vel_XX.txt
hd	grand-sustain-hd	required-if-HD	F#3v15.flac	54	1854286	CC-BY-3.0 (author declared public domain 2022-03-04)	https://raw.githubusercontent.com/sfzinstruments/SalamanderGrandPiano/master/Samples/F%233v15.flac	extra velocity layer for the 16-layer grand; trim with Data/vel_XX.txt
hd	grand-sustain-hd	required-if-HD	A3v2.flac	57	1568956	CC-BY-3.0 (author declared public domain 2022-03-04)	https://raw.githubusercontent.com/sfzinstruments/SalamanderGrandPiano/master/Samples/A3v2.flac	extra velocity layer for the 16-layer grand; trim with Data/vel_XX.txt
hd	grand-sustain-hd	required-if-HD	A3v3.flac	57	1660396	CC-BY-3.0 (author declared public domain 2022-03-04)	https://raw.githubusercontent.com/sfzinstruments/SalamanderGrandPiano/master/Samples/A3v3.flac	extra velocity layer for the 16-layer grand; trim with Data/vel_XX.txt
hd	grand-sustain-hd	required-if-HD	A3v5.flac	57	1738211	CC-BY-3.0 (author declared public domain 2022-03-04)	https://raw.githubusercontent.com/sfzinstruments/SalamanderGrandPiano/master/Samples/A3v5.flac	extra velocity layer for the 16-layer grand; trim with Data/vel_XX.txt
hd	grand-sustain-hd	required-if-HD	A3v6.flac	57	1763993	CC-BY-3.0 (author declared public domain 2022-03-04)	https://raw.githubusercontent.com/sfzinstruments/SalamanderGrandPiano/master/Samples/A3v6.flac	extra velocity layer for the 16-layer grand; trim with Data/vel_XX.txt
hd	grand-sustain-hd	required-if-HD	A3v8.flac	57	1787465	CC-BY-3.0 (author declared public domain 2022-03-04)	https://raw.githubusercontent.com/sfzinstruments/SalamanderGrandPiano/master/Samples/A3v8.flac	extra velocity layer for the 16-layer grand; trim with Data/vel_XX.txt
hd	grand-sustain-hd	required-if-HD	A3v9.flac	57	1796674	CC-BY-3.0 (author declared public domain 2022-03-04)	https://raw.githubusercontent.com/sfzinstruments/SalamanderGrandPiano/master/Samples/A3v9.flac	extra velocity layer for the 16-layer grand; trim with Data/vel_XX.txt
hd	grand-sustain-hd	required-if-HD	A3v11.flac	57	1790713	CC-BY-3.0 (author declared public domain 2022-03-04)	https://raw.githubusercontent.com/sfzinstruments/SalamanderGrandPiano/master/Samples/A3v11.flac	extra velocity layer for the 16-layer grand; trim with Data/vel_XX.txt
hd	grand-sustain-hd	required-if-HD	A3v12.flac	57	1788330	CC-BY-3.0 (author declared public domain 2022-03-04)	https://raw.githubusercontent.com/sfzinstruments/SalamanderGrandPiano/master/Samples/A3v12.flac	extra velocity layer for the 16-layer grand; trim with Data/vel_XX.txt
hd	grand-sustain-hd	required-if-HD	A3v14.flac	57	1814660	CC-BY-3.0 (author declared public domain 2022-03-04)	https://raw.githubusercontent.com/sfzinstruments/SalamanderGrandPiano/master/Samples/A3v14.flac	extra velocity layer for the 16-layer grand; trim with Data/vel_XX.txt
hd	grand-sustain-hd	required-if-HD	A3v15.flac	57	1874239	CC-BY-3.0 (author declared public domain 2022-03-04)	https://raw.githubusercontent.com/sfzinstruments/SalamanderGrandPiano/master/Samples/A3v15.flac	extra velocity layer for the 16-layer grand; trim with Data/vel_XX.txt
hd	grand-sustain-hd	required-if-HD	C4v2.flac	60	1448551	CC-BY-3.0 (author declared public domain 2022-03-04)	https://raw.githubusercontent.com/sfzinstruments/SalamanderGrandPiano/master/Samples/C4v2.flac	extra velocity layer for the 16-layer grand; trim with Data/vel_XX.txt
hd	grand-sustain-hd	required-if-HD	C4v3.flac	60	1697814	CC-BY-3.0 (author declared public domain 2022-03-04)	https://raw.githubusercontent.com/sfzinstruments/SalamanderGrandPiano/master/Samples/C4v3.flac	extra velocity layer for the 16-layer grand; trim with Data/vel_XX.txt
hd	grand-sustain-hd	required-if-HD	C4v5.flac	60	1685205	CC-BY-3.0 (author declared public domain 2022-03-04)	https://raw.githubusercontent.com/sfzinstruments/SalamanderGrandPiano/master/Samples/C4v5.flac	extra velocity layer for the 16-layer grand; trim with Data/vel_XX.txt
hd	grand-sustain-hd	required-if-HD	C4v6.flac	60	1728236	CC-BY-3.0 (author declared public domain 2022-03-04)	https://raw.githubusercontent.com/sfzinstruments/SalamanderGrandPiano/master/Samples/C4v6.flac	extra velocity layer for the 16-layer grand; trim with Data/vel_XX.txt
hd	grand-sustain-hd	required-if-HD	C4v8.flac	60	1774472	CC-BY-3.0 (author declared public domain 2022-03-04)	https://raw.githubusercontent.com/sfzinstruments/SalamanderGrandPiano/master/Samples/C4v8.flac	extra velocity layer for the 16-layer grand; trim with Data/vel_XX.txt
hd	grand-sustain-hd	required-if-HD	C4v9.flac	60	1747731	CC-BY-3.0 (author declared public domain 2022-03-04)	https://raw.githubusercontent.com/sfzinstruments/SalamanderGrandPiano/master/Samples/C4v9.flac	extra velocity layer for the 16-layer grand; trim with Data/vel_XX.txt
hd	grand-sustain-hd	required-if-HD	C4v11.flac	60	1818768	CC-BY-3.0 (author declared public domain 2022-03-04)	https://raw.githubusercontent.com/sfzinstruments/SalamanderGrandPiano/master/Samples/C4v11.flac	extra velocity layer for the 16-layer grand; trim with Data/vel_XX.txt
hd	grand-sustain-hd	required-if-HD	C4v12.flac	60	1776181	CC-BY-3.0 (author declared public domain 2022-03-04)	https://raw.githubusercontent.com/sfzinstruments/SalamanderGrandPiano/master/Samples/C4v12.flac	extra velocity layer for the 16-layer grand; trim with Data/vel_XX.txt
hd	grand-sustain-hd	required-if-HD	C4v14.flac	60	1787908	CC-BY-3.0 (author declared public domain 2022-03-04)	https://raw.githubusercontent.com/sfzinstruments/SalamanderGrandPiano/master/Samples/C4v14.flac	extra velocity layer for the 16-layer grand; trim with Data/vel_XX.txt
hd	grand-sustain-hd	required-if-HD	C4v15.flac	60	1829283	CC-BY-3.0 (author declared public domain 2022-03-04)	https://raw.githubusercontent.com/sfzinstruments/SalamanderGrandPiano/master/Samples/C4v15.flac	extra velocity layer for the 16-layer grand; trim with Data/vel_XX.txt
hd	grand-sustain-hd	required-if-HD	D#4v2.flac	63	1365324	CC-BY-3.0 (author declared public domain 2022-03-04)	https://raw.githubusercontent.com/sfzinstruments/SalamanderGrandPiano/master/Samples/D%234v2.flac	extra velocity layer for the 16-layer grand; trim with Data/vel_XX.txt
hd	grand-sustain-hd	required-if-HD	D#4v3.flac	63	1448930	CC-BY-3.0 (author declared public domain 2022-03-04)	https://raw.githubusercontent.com/sfzinstruments/SalamanderGrandPiano/master/Samples/D%234v3.flac	extra velocity layer for the 16-layer grand; trim with Data/vel_XX.txt
hd	grand-sustain-hd	required-if-HD	D#4v5.flac	63	1529007	CC-BY-3.0 (author declared public domain 2022-03-04)	https://raw.githubusercontent.com/sfzinstruments/SalamanderGrandPiano/master/Samples/D%234v5.flac	extra velocity layer for the 16-layer grand; trim with Data/vel_XX.txt
hd	grand-sustain-hd	required-if-HD	D#4v6.flac	63	1526123	CC-BY-3.0 (author declared public domain 2022-03-04)	https://raw.githubusercontent.com/sfzinstruments/SalamanderGrandPiano/master/Samples/D%234v6.flac	extra velocity layer for the 16-layer grand; trim with Data/vel_XX.txt
hd	grand-sustain-hd	required-if-HD	D#4v8.flac	63	1652067	CC-BY-3.0 (author declared public domain 2022-03-04)	https://raw.githubusercontent.com/sfzinstruments/SalamanderGrandPiano/master/Samples/D%234v8.flac	extra velocity layer for the 16-layer grand; trim with Data/vel_XX.txt
hd	grand-sustain-hd	required-if-HD	D#4v9.flac	63	1583173	CC-BY-3.0 (author declared public domain 2022-03-04)	https://raw.githubusercontent.com/sfzinstruments/SalamanderGrandPiano/master/Samples/D%234v9.flac	extra velocity layer for the 16-layer grand; trim with Data/vel_XX.txt
hd	grand-sustain-hd	required-if-HD	D#4v11.flac	63	1572307	CC-BY-3.0 (author declared public domain 2022-03-04)	https://raw.githubusercontent.com/sfzinstruments/SalamanderGrandPiano/master/Samples/D%234v11.flac	extra velocity layer for the 16-layer grand; trim with Data/vel_XX.txt
hd	grand-sustain-hd	required-if-HD	D#4v12.flac	63	1645028	CC-BY-3.0 (author declared public domain 2022-03-04)	https://raw.githubusercontent.com/sfzinstruments/SalamanderGrandPiano/master/Samples/D%234v12.flac	extra velocity layer for the 16-layer grand; trim with Data/vel_XX.txt
hd	grand-sustain-hd	required-if-HD	D#4v14.flac	63	1691587	CC-BY-3.0 (author declared public domain 2022-03-04)	https://raw.githubusercontent.com/sfzinstruments/SalamanderGrandPiano/master/Samples/D%234v14.flac	extra velocity layer for the 16-layer grand; trim with Data/vel_XX.txt
hd	grand-sustain-hd	required-if-HD	D#4v15.flac	63	1619221	CC-BY-3.0 (author declared public domain 2022-03-04)	https://raw.githubusercontent.com/sfzinstruments/SalamanderGrandPiano/master/Samples/D%234v15.flac	extra velocity layer for the 16-layer grand; trim with Data/vel_XX.txt
hd	grand-sustain-hd	required-if-HD	F#4v2.flac	66	1301432	CC-BY-3.0 (author declared public domain 2022-03-04)	https://raw.githubusercontent.com/sfzinstruments/SalamanderGrandPiano/master/Samples/F%234v2.flac	extra velocity layer for the 16-layer grand; trim with Data/vel_XX.txt
hd	grand-sustain-hd	required-if-HD	F#4v3.flac	66	1338739	CC-BY-3.0 (author declared public domain 2022-03-04)	https://raw.githubusercontent.com/sfzinstruments/SalamanderGrandPiano/master/Samples/F%234v3.flac	extra velocity layer for the 16-layer grand; trim with Data/vel_XX.txt
hd	grand-sustain-hd	required-if-HD	F#4v5.flac	66	1441445	CC-BY-3.0 (author declared public domain 2022-03-04)	https://raw.githubusercontent.com/sfzinstruments/SalamanderGrandPiano/master/Samples/F%234v5.flac	extra velocity layer for the 16-layer grand; trim with Data/vel_XX.txt
hd	grand-sustain-hd	required-if-HD	F#4v6.flac	66	1453107	CC-BY-3.0 (author declared public domain 2022-03-04)	https://raw.githubusercontent.com/sfzinstruments/SalamanderGrandPiano/master/Samples/F%234v6.flac	extra velocity layer for the 16-layer grand; trim with Data/vel_XX.txt
hd	grand-sustain-hd	required-if-HD	F#4v8.flac	66	1495175	CC-BY-3.0 (author declared public domain 2022-03-04)	https://raw.githubusercontent.com/sfzinstruments/SalamanderGrandPiano/master/Samples/F%234v8.flac	extra velocity layer for the 16-layer grand; trim with Data/vel_XX.txt
hd	grand-sustain-hd	required-if-HD	F#4v9.flac	66	1516761	CC-BY-3.0 (author declared public domain 2022-03-04)	https://raw.githubusercontent.com/sfzinstruments/SalamanderGrandPiano/master/Samples/F%234v9.flac	extra velocity layer for the 16-layer grand; trim with Data/vel_XX.txt
hd	grand-sustain-hd	required-if-HD	F#4v11.flac	66	1481344	CC-BY-3.0 (author declared public domain 2022-03-04)	https://raw.githubusercontent.com/sfzinstruments/SalamanderGrandPiano/master/Samples/F%234v11.flac	extra velocity layer for the 16-layer grand; trim with Data/vel_XX.txt
hd	grand-sustain-hd	required-if-HD	F#4v12.flac	66	1549067	CC-BY-3.0 (author declared public domain 2022-03-04)	https://raw.githubusercontent.com/sfzinstruments/SalamanderGrandPiano/master/Samples/F%234v12.flac	extra velocity layer for the 16-layer grand; trim with Data/vel_XX.txt
hd	grand-sustain-hd	required-if-HD	F#4v14.flac	66	1571127	CC-BY-3.0 (author declared public domain 2022-03-04)	https://raw.githubusercontent.com/sfzinstruments/SalamanderGrandPiano/master/Samples/F%234v14.flac	extra velocity layer for the 16-layer grand; trim with Data/vel_XX.txt
hd	grand-sustain-hd	required-if-HD	F#4v15.flac	66	1556619	CC-BY-3.0 (author declared public domain 2022-03-04)	https://raw.githubusercontent.com/sfzinstruments/SalamanderGrandPiano/master/Samples/F%234v15.flac	extra velocity layer for the 16-layer grand; trim with Data/vel_XX.txt
hd	grand-sustain-hd	required-if-HD	A4v2.flac	69	1308537	CC-BY-3.0 (author declared public domain 2022-03-04)	https://raw.githubusercontent.com/sfzinstruments/SalamanderGrandPiano/master/Samples/A4v2.flac	extra velocity layer for the 16-layer grand; trim with Data/vel_XX.txt
hd	grand-sustain-hd	required-if-HD	A4v3.flac	69	1353378	CC-BY-3.0 (author declared public domain 2022-03-04)	https://raw.githubusercontent.com/sfzinstruments/SalamanderGrandPiano/master/Samples/A4v3.flac	extra velocity layer for the 16-layer grand; trim with Data/vel_XX.txt
hd	grand-sustain-hd	required-if-HD	A4v5.flac	69	1389193	CC-BY-3.0 (author declared public domain 2022-03-04)	https://raw.githubusercontent.com/sfzinstruments/SalamanderGrandPiano/master/Samples/A4v5.flac	extra velocity layer for the 16-layer grand; trim with Data/vel_XX.txt
hd	grand-sustain-hd	required-if-HD	A4v6.flac	69	1412851	CC-BY-3.0 (author declared public domain 2022-03-04)	https://raw.githubusercontent.com/sfzinstruments/SalamanderGrandPiano/master/Samples/A4v6.flac	extra velocity layer for the 16-layer grand; trim with Data/vel_XX.txt
hd	grand-sustain-hd	required-if-HD	A4v8.flac	69	1382828	CC-BY-3.0 (author declared public domain 2022-03-04)	https://raw.githubusercontent.com/sfzinstruments/SalamanderGrandPiano/master/Samples/A4v8.flac	extra velocity layer for the 16-layer grand; trim with Data/vel_XX.txt
hd	grand-sustain-hd	required-if-HD	A4v9.flac	69	1412927	CC-BY-3.0 (author declared public domain 2022-03-04)	https://raw.githubusercontent.com/sfzinstruments/SalamanderGrandPiano/master/Samples/A4v9.flac	extra velocity layer for the 16-layer grand; trim with Data/vel_XX.txt
hd	grand-sustain-hd	required-if-HD	A4v11.flac	69	1452468	CC-BY-3.0 (author declared public domain 2022-03-04)	https://raw.githubusercontent.com/sfzinstruments/SalamanderGrandPiano/master/Samples/A4v11.flac	extra velocity layer for the 16-layer grand; trim with Data/vel_XX.txt
hd	grand-sustain-hd	required-if-HD	A4v12.flac	69	1451680	CC-BY-3.0 (author declared public domain 2022-03-04)	https://raw.githubusercontent.com/sfzinstruments/SalamanderGrandPiano/master/Samples/A4v12.flac	extra velocity layer for the 16-layer grand; trim with Data/vel_XX.txt
hd	grand-sustain-hd	required-if-HD	A4v14.flac	69	1480560	CC-BY-3.0 (author declared public domain 2022-03-04)	https://raw.githubusercontent.com/sfzinstruments/SalamanderGrandPiano/master/Samples/A4v14.flac	extra velocity layer for the 16-layer grand; trim with Data/vel_XX.txt
hd	grand-sustain-hd	required-if-HD	A4v15.flac	69	1531315	CC-BY-3.0 (author declared public domain 2022-03-04)	https://raw.githubusercontent.com/sfzinstruments/SalamanderGrandPiano/master/Samples/A4v15.flac	extra velocity layer for the 16-layer grand; trim with Data/vel_XX.txt
hd	grand-sustain-hd	required-if-HD	C5v2.flac	72	1355346	CC-BY-3.0 (author declared public domain 2022-03-04)	https://raw.githubusercontent.com/sfzinstruments/SalamanderGrandPiano/master/Samples/C5v2.flac	extra velocity layer for the 16-layer grand; trim with Data/vel_XX.txt
hd	grand-sustain-hd	required-if-HD	C5v3.flac	72	1378629	CC-BY-3.0 (author declared public domain 2022-03-04)	https://raw.githubusercontent.com/sfzinstruments/SalamanderGrandPiano/master/Samples/C5v3.flac	extra velocity layer for the 16-layer grand; trim with Data/vel_XX.txt
hd	grand-sustain-hd	required-if-HD	C5v5.flac	72	1532927	CC-BY-3.0 (author declared public domain 2022-03-04)	https://raw.githubusercontent.com/sfzinstruments/SalamanderGrandPiano/master/Samples/C5v5.flac	extra velocity layer for the 16-layer grand; trim with Data/vel_XX.txt
hd	grand-sustain-hd	required-if-HD	C5v6.flac	72	1529239	CC-BY-3.0 (author declared public domain 2022-03-04)	https://raw.githubusercontent.com/sfzinstruments/SalamanderGrandPiano/master/Samples/C5v6.flac	extra velocity layer for the 16-layer grand; trim with Data/vel_XX.txt
hd	grand-sustain-hd	required-if-HD	C5v8.flac	72	1516971	CC-BY-3.0 (author declared public domain 2022-03-04)	https://raw.githubusercontent.com/sfzinstruments/SalamanderGrandPiano/master/Samples/C5v8.flac	extra velocity layer for the 16-layer grand; trim with Data/vel_XX.txt
hd	grand-sustain-hd	required-if-HD	C5v9.flac	72	1542971	CC-BY-3.0 (author declared public domain 2022-03-04)	https://raw.githubusercontent.com/sfzinstruments/SalamanderGrandPiano/master/Samples/C5v9.flac	extra velocity layer for the 16-layer grand; trim with Data/vel_XX.txt
hd	grand-sustain-hd	required-if-HD	C5v11.flac	72	1464734	CC-BY-3.0 (author declared public domain 2022-03-04)	https://raw.githubusercontent.com/sfzinstruments/SalamanderGrandPiano/master/Samples/C5v11.flac	extra velocity layer for the 16-layer grand; trim with Data/vel_XX.txt
hd	grand-sustain-hd	required-if-HD	C5v12.flac	72	1537892	CC-BY-3.0 (author declared public domain 2022-03-04)	https://raw.githubusercontent.com/sfzinstruments/SalamanderGrandPiano/master/Samples/C5v12.flac	extra velocity layer for the 16-layer grand; trim with Data/vel_XX.txt
hd	grand-sustain-hd	required-if-HD	C5v14.flac	72	1534248	CC-BY-3.0 (author declared public domain 2022-03-04)	https://raw.githubusercontent.com/sfzinstruments/SalamanderGrandPiano/master/Samples/C5v14.flac	extra velocity layer for the 16-layer grand; trim with Data/vel_XX.txt
hd	grand-sustain-hd	required-if-HD	C5v15.flac	72	1492303	CC-BY-3.0 (author declared public domain 2022-03-04)	https://raw.githubusercontent.com/sfzinstruments/SalamanderGrandPiano/master/Samples/C5v15.flac	extra velocity layer for the 16-layer grand; trim with Data/vel_XX.txt
hd	grand-sustain-hd	required-if-HD	D#5v2.flac	75	1226144	CC-BY-3.0 (author declared public domain 2022-03-04)	https://raw.githubusercontent.com/sfzinstruments/SalamanderGrandPiano/master/Samples/D%235v2.flac	extra velocity layer for the 16-layer grand; trim with Data/vel_XX.txt
hd	grand-sustain-hd	required-if-HD	D#5v3.flac	75	1232031	CC-BY-3.0 (author declared public domain 2022-03-04)	https://raw.githubusercontent.com/sfzinstruments/SalamanderGrandPiano/master/Samples/D%235v3.flac	extra velocity layer for the 16-layer grand; trim with Data/vel_XX.txt
hd	grand-sustain-hd	required-if-HD	D#5v5.flac	75	1234965	CC-BY-3.0 (author declared public domain 2022-03-04)	https://raw.githubusercontent.com/sfzinstruments/SalamanderGrandPiano/master/Samples/D%235v5.flac	extra velocity layer for the 16-layer grand; trim with Data/vel_XX.txt
hd	grand-sustain-hd	required-if-HD	D#5v6.flac	75	1274068	CC-BY-3.0 (author declared public domain 2022-03-04)	https://raw.githubusercontent.com/sfzinstruments/SalamanderGrandPiano/master/Samples/D%235v6.flac	extra velocity layer for the 16-layer grand; trim with Data/vel_XX.txt
hd	grand-sustain-hd	required-if-HD	D#5v8.flac	75	1276573	CC-BY-3.0 (author declared public domain 2022-03-04)	https://raw.githubusercontent.com/sfzinstruments/SalamanderGrandPiano/master/Samples/D%235v8.flac	extra velocity layer for the 16-layer grand; trim with Data/vel_XX.txt
hd	grand-sustain-hd	required-if-HD	D#5v9.flac	75	1305830	CC-BY-3.0 (author declared public domain 2022-03-04)	https://raw.githubusercontent.com/sfzinstruments/SalamanderGrandPiano/master/Samples/D%235v9.flac	extra velocity layer for the 16-layer grand; trim with Data/vel_XX.txt
hd	grand-sustain-hd	required-if-HD	D#5v11.flac	75	1333643	CC-BY-3.0 (author declared public domain 2022-03-04)	https://raw.githubusercontent.com/sfzinstruments/SalamanderGrandPiano/master/Samples/D%235v11.flac	extra velocity layer for the 16-layer grand; trim with Data/vel_XX.txt
hd	grand-sustain-hd	required-if-HD	D#5v12.flac	75	1346881	CC-BY-3.0 (author declared public domain 2022-03-04)	https://raw.githubusercontent.com/sfzinstruments/SalamanderGrandPiano/master/Samples/D%235v12.flac	extra velocity layer for the 16-layer grand; trim with Data/vel_XX.txt
hd	grand-sustain-hd	required-if-HD	D#5v14.flac	75	1371140	CC-BY-3.0 (author declared public domain 2022-03-04)	https://raw.githubusercontent.com/sfzinstruments/SalamanderGrandPiano/master/Samples/D%235v14.flac	extra velocity layer for the 16-layer grand; trim with Data/vel_XX.txt
hd	grand-sustain-hd	required-if-HD	D#5v15.flac	75	1375399	CC-BY-3.0 (author declared public domain 2022-03-04)	https://raw.githubusercontent.com/sfzinstruments/SalamanderGrandPiano/master/Samples/D%235v15.flac	extra velocity layer for the 16-layer grand; trim with Data/vel_XX.txt
hd	grand-sustain-hd	required-if-HD	F#5v2.flac	78	1073200	CC-BY-3.0 (author declared public domain 2022-03-04)	https://raw.githubusercontent.com/sfzinstruments/SalamanderGrandPiano/master/Samples/F%235v2.flac	extra velocity layer for the 16-layer grand; trim with Data/vel_XX.txt
hd	grand-sustain-hd	required-if-HD	F#5v3.flac	78	1114230	CC-BY-3.0 (author declared public domain 2022-03-04)	https://raw.githubusercontent.com/sfzinstruments/SalamanderGrandPiano/master/Samples/F%235v3.flac	extra velocity layer for the 16-layer grand; trim with Data/vel_XX.txt
hd	grand-sustain-hd	required-if-HD	F#5v5.flac	78	1145753	CC-BY-3.0 (author declared public domain 2022-03-04)	https://raw.githubusercontent.com/sfzinstruments/SalamanderGrandPiano/master/Samples/F%235v5.flac	extra velocity layer for the 16-layer grand; trim with Data/vel_XX.txt
hd	grand-sustain-hd	required-if-HD	F#5v6.flac	78	1180064	CC-BY-3.0 (author declared public domain 2022-03-04)	https://raw.githubusercontent.com/sfzinstruments/SalamanderGrandPiano/master/Samples/F%235v6.flac	extra velocity layer for the 16-layer grand; trim with Data/vel_XX.txt
hd	grand-sustain-hd	required-if-HD	F#5v8.flac	78	1164441	CC-BY-3.0 (author declared public domain 2022-03-04)	https://raw.githubusercontent.com/sfzinstruments/SalamanderGrandPiano/master/Samples/F%235v8.flac	extra velocity layer for the 16-layer grand; trim with Data/vel_XX.txt
hd	grand-sustain-hd	required-if-HD	F#5v9.flac	78	1173927	CC-BY-3.0 (author declared public domain 2022-03-04)	https://raw.githubusercontent.com/sfzinstruments/SalamanderGrandPiano/master/Samples/F%235v9.flac	extra velocity layer for the 16-layer grand; trim with Data/vel_XX.txt
hd	grand-sustain-hd	required-if-HD	F#5v11.flac	78	1162182	CC-BY-3.0 (author declared public domain 2022-03-04)	https://raw.githubusercontent.com/sfzinstruments/SalamanderGrandPiano/master/Samples/F%235v11.flac	extra velocity layer for the 16-layer grand; trim with Data/vel_XX.txt
hd	grand-sustain-hd	required-if-HD	F#5v12.flac	78	1169784	CC-BY-3.0 (author declared public domain 2022-03-04)	https://raw.githubusercontent.com/sfzinstruments/SalamanderGrandPiano/master/Samples/F%235v12.flac	extra velocity layer for the 16-layer grand; trim with Data/vel_XX.txt
hd	grand-sustain-hd	required-if-HD	F#5v14.flac	78	1238210	CC-BY-3.0 (author declared public domain 2022-03-04)	https://raw.githubusercontent.com/sfzinstruments/SalamanderGrandPiano/master/Samples/F%235v14.flac	extra velocity layer for the 16-layer grand; trim with Data/vel_XX.txt
hd	grand-sustain-hd	required-if-HD	F#5v15.flac	78	1219482	CC-BY-3.0 (author declared public domain 2022-03-04)	https://raw.githubusercontent.com/sfzinstruments/SalamanderGrandPiano/master/Samples/F%235v15.flac	extra velocity layer for the 16-layer grand; trim with Data/vel_XX.txt
hd	grand-sustain-hd	required-if-HD	A5v2.flac	81	692482	CC-BY-3.0 (author declared public domain 2022-03-04)	https://raw.githubusercontent.com/sfzinstruments/SalamanderGrandPiano/master/Samples/A5v2.flac	extra velocity layer for the 16-layer grand; trim with Data/vel_XX.txt
hd	grand-sustain-hd	required-if-HD	A5v3.flac	81	698413	CC-BY-3.0 (author declared public domain 2022-03-04)	https://raw.githubusercontent.com/sfzinstruments/SalamanderGrandPiano/master/Samples/A5v3.flac	extra velocity layer for the 16-layer grand; trim with Data/vel_XX.txt
hd	grand-sustain-hd	required-if-HD	A5v5.flac	81	893488	CC-BY-3.0 (author declared public domain 2022-03-04)	https://raw.githubusercontent.com/sfzinstruments/SalamanderGrandPiano/master/Samples/A5v5.flac	extra velocity layer for the 16-layer grand; trim with Data/vel_XX.txt
hd	grand-sustain-hd	required-if-HD	A5v6.flac	81	1023382	CC-BY-3.0 (author declared public domain 2022-03-04)	https://raw.githubusercontent.com/sfzinstruments/SalamanderGrandPiano/master/Samples/A5v6.flac	extra velocity layer for the 16-layer grand; trim with Data/vel_XX.txt
hd	grand-sustain-hd	required-if-HD	A5v8.flac	81	1109347	CC-BY-3.0 (author declared public domain 2022-03-04)	https://raw.githubusercontent.com/sfzinstruments/SalamanderGrandPiano/master/Samples/A5v8.flac	extra velocity layer for the 16-layer grand; trim with Data/vel_XX.txt
hd	grand-sustain-hd	required-if-HD	A5v9.flac	81	1109304	CC-BY-3.0 (author declared public domain 2022-03-04)	https://raw.githubusercontent.com/sfzinstruments/SalamanderGrandPiano/master/Samples/A5v9.flac	extra velocity layer for the 16-layer grand; trim with Data/vel_XX.txt
hd	grand-sustain-hd	required-if-HD	A5v11.flac	81	1108296	CC-BY-3.0 (author declared public domain 2022-03-04)	https://raw.githubusercontent.com/sfzinstruments/SalamanderGrandPiano/master/Samples/A5v11.flac	extra velocity layer for the 16-layer grand; trim with Data/vel_XX.txt
hd	grand-sustain-hd	required-if-HD	A5v12.flac	81	1119370	CC-BY-3.0 (author declared public domain 2022-03-04)	https://raw.githubusercontent.com/sfzinstruments/SalamanderGrandPiano/master/Samples/A5v12.flac	extra velocity layer for the 16-layer grand; trim with Data/vel_XX.txt
hd	grand-sustain-hd	required-if-HD	A5v14.flac	81	1162414	CC-BY-3.0 (author declared public domain 2022-03-04)	https://raw.githubusercontent.com/sfzinstruments/SalamanderGrandPiano/master/Samples/A5v14.flac	extra velocity layer for the 16-layer grand; trim with Data/vel_XX.txt
hd	grand-sustain-hd	required-if-HD	A5v15.flac	81	1126306	CC-BY-3.0 (author declared public domain 2022-03-04)	https://raw.githubusercontent.com/sfzinstruments/SalamanderGrandPiano/master/Samples/A5v15.flac	extra velocity layer for the 16-layer grand; trim with Data/vel_XX.txt
hd	grand-sustain-hd	required-if-HD	C6v2.flac	84	534649	CC-BY-3.0 (author declared public domain 2022-03-04)	https://raw.githubusercontent.com/sfzinstruments/SalamanderGrandPiano/master/Samples/C6v2.flac	extra velocity layer for the 16-layer grand; trim with Data/vel_XX.txt
hd	grand-sustain-hd	required-if-HD	C6v3.flac	84	553119	CC-BY-3.0 (author declared public domain 2022-03-04)	https://raw.githubusercontent.com/sfzinstruments/SalamanderGrandPiano/master/Samples/C6v3.flac	extra velocity layer for the 16-layer grand; trim with Data/vel_XX.txt
hd	grand-sustain-hd	required-if-HD	C6v5.flac	84	642347	CC-BY-3.0 (author declared public domain 2022-03-04)	https://raw.githubusercontent.com/sfzinstruments/SalamanderGrandPiano/master/Samples/C6v5.flac	extra velocity layer for the 16-layer grand; trim with Data/vel_XX.txt
hd	grand-sustain-hd	required-if-HD	C6v6.flac	84	667159	CC-BY-3.0 (author declared public domain 2022-03-04)	https://raw.githubusercontent.com/sfzinstruments/SalamanderGrandPiano/master/Samples/C6v6.flac	extra velocity layer for the 16-layer grand; trim with Data/vel_XX.txt
hd	grand-sustain-hd	required-if-HD	C6v8.flac	84	695617	CC-BY-3.0 (author declared public domain 2022-03-04)	https://raw.githubusercontent.com/sfzinstruments/SalamanderGrandPiano/master/Samples/C6v8.flac	extra velocity layer for the 16-layer grand; trim with Data/vel_XX.txt
hd	grand-sustain-hd	required-if-HD	C6v9.flac	84	689941	CC-BY-3.0 (author declared public domain 2022-03-04)	https://raw.githubusercontent.com/sfzinstruments/SalamanderGrandPiano/master/Samples/C6v9.flac	extra velocity layer for the 16-layer grand; trim with Data/vel_XX.txt
hd	grand-sustain-hd	required-if-HD	C6v11.flac	84	727868	CC-BY-3.0 (author declared public domain 2022-03-04)	https://raw.githubusercontent.com/sfzinstruments/SalamanderGrandPiano/master/Samples/C6v11.flac	extra velocity layer for the 16-layer grand; trim with Data/vel_XX.txt
hd	grand-sustain-hd	required-if-HD	C6v12.flac	84	722945	CC-BY-3.0 (author declared public domain 2022-03-04)	https://raw.githubusercontent.com/sfzinstruments/SalamanderGrandPiano/master/Samples/C6v12.flac	extra velocity layer for the 16-layer grand; trim with Data/vel_XX.txt
hd	grand-sustain-hd	required-if-HD	C6v14.flac	84	709598	CC-BY-3.0 (author declared public domain 2022-03-04)	https://raw.githubusercontent.com/sfzinstruments/SalamanderGrandPiano/master/Samples/C6v14.flac	extra velocity layer for the 16-layer grand; trim with Data/vel_XX.txt
hd	grand-sustain-hd	required-if-HD	C6v15.flac	84	722505	CC-BY-3.0 (author declared public domain 2022-03-04)	https://raw.githubusercontent.com/sfzinstruments/SalamanderGrandPiano/master/Samples/C6v15.flac	extra velocity layer for the 16-layer grand; trim with Data/vel_XX.txt
hd	grand-sustain-hd	required-if-HD	D#6v2.flac	87	745050	CC-BY-3.0 (author declared public domain 2022-03-04)	https://raw.githubusercontent.com/sfzinstruments/SalamanderGrandPiano/master/Samples/D%236v2.flac	extra velocity layer for the 16-layer grand; trim with Data/vel_XX.txt
hd	grand-sustain-hd	required-if-HD	D#6v3.flac	87	749154	CC-BY-3.0 (author declared public domain 2022-03-04)	https://raw.githubusercontent.com/sfzinstruments/SalamanderGrandPiano/master/Samples/D%236v3.flac	extra velocity layer for the 16-layer grand; trim with Data/vel_XX.txt
hd	grand-sustain-hd	required-if-HD	D#6v5.flac	87	776942	CC-BY-3.0 (author declared public domain 2022-03-04)	https://raw.githubusercontent.com/sfzinstruments/SalamanderGrandPiano/master/Samples/D%236v5.flac	extra velocity layer for the 16-layer grand; trim with Data/vel_XX.txt
hd	grand-sustain-hd	required-if-HD	D#6v6.flac	87	748419	CC-BY-3.0 (author declared public domain 2022-03-04)	https://raw.githubusercontent.com/sfzinstruments/SalamanderGrandPiano/master/Samples/D%236v6.flac	extra velocity layer for the 16-layer grand; trim with Data/vel_XX.txt
hd	grand-sustain-hd	required-if-HD	D#6v8.flac	87	778561	CC-BY-3.0 (author declared public domain 2022-03-04)	https://raw.githubusercontent.com/sfzinstruments/SalamanderGrandPiano/master/Samples/D%236v8.flac	extra velocity layer for the 16-layer grand; trim with Data/vel_XX.txt
hd	grand-sustain-hd	required-if-HD	D#6v9.flac	87	774129	CC-BY-3.0 (author declared public domain 2022-03-04)	https://raw.githubusercontent.com/sfzinstruments/SalamanderGrandPiano/master/Samples/D%236v9.flac	extra velocity layer for the 16-layer grand; trim with Data/vel_XX.txt
hd	grand-sustain-hd	required-if-HD	D#6v11.flac	87	810901	CC-BY-3.0 (author declared public domain 2022-03-04)	https://raw.githubusercontent.com/sfzinstruments/SalamanderGrandPiano/master/Samples/D%236v11.flac	extra velocity layer for the 16-layer grand; trim with Data/vel_XX.txt
hd	grand-sustain-hd	required-if-HD	D#6v12.flac	87	804486	CC-BY-3.0 (author declared public domain 2022-03-04)	https://raw.githubusercontent.com/sfzinstruments/SalamanderGrandPiano/master/Samples/D%236v12.flac	extra velocity layer for the 16-layer grand; trim with Data/vel_XX.txt
hd	grand-sustain-hd	required-if-HD	D#6v14.flac	87	784144	CC-BY-3.0 (author declared public domain 2022-03-04)	https://raw.githubusercontent.com/sfzinstruments/SalamanderGrandPiano/master/Samples/D%236v14.flac	extra velocity layer for the 16-layer grand; trim with Data/vel_XX.txt
hd	grand-sustain-hd	required-if-HD	D#6v15.flac	87	817807	CC-BY-3.0 (author declared public domain 2022-03-04)	https://raw.githubusercontent.com/sfzinstruments/SalamanderGrandPiano/master/Samples/D%236v15.flac	extra velocity layer for the 16-layer grand; trim with Data/vel_XX.txt
hd	grand-sustain-hd	required-if-HD	F#6v2.flac	90	471711	CC-BY-3.0 (author declared public domain 2022-03-04)	https://raw.githubusercontent.com/sfzinstruments/SalamanderGrandPiano/master/Samples/F%236v2.flac	extra velocity layer for the 16-layer grand; trim with Data/vel_XX.txt
hd	grand-sustain-hd	required-if-HD	F#6v3.flac	90	596575	CC-BY-3.0 (author declared public domain 2022-03-04)	https://raw.githubusercontent.com/sfzinstruments/SalamanderGrandPiano/master/Samples/F%236v3.flac	extra velocity layer for the 16-layer grand; trim with Data/vel_XX.txt
hd	grand-sustain-hd	required-if-HD	F#6v5.flac	90	618762	CC-BY-3.0 (author declared public domain 2022-03-04)	https://raw.githubusercontent.com/sfzinstruments/SalamanderGrandPiano/master/Samples/F%236v5.flac	extra velocity layer for the 16-layer grand; trim with Data/vel_XX.txt
hd	grand-sustain-hd	required-if-HD	F#6v6.flac	90	665664	CC-BY-3.0 (author declared public domain 2022-03-04)	https://raw.githubusercontent.com/sfzinstruments/SalamanderGrandPiano/master/Samples/F%236v6.flac	extra velocity layer for the 16-layer grand; trim with Data/vel_XX.txt
hd	grand-sustain-hd	required-if-HD	F#6v8.flac	90	655340	CC-BY-3.0 (author declared public domain 2022-03-04)	https://raw.githubusercontent.com/sfzinstruments/SalamanderGrandPiano/master/Samples/F%236v8.flac	extra velocity layer for the 16-layer grand; trim with Data/vel_XX.txt
hd	grand-sustain-hd	required-if-HD	F#6v9.flac	90	661406	CC-BY-3.0 (author declared public domain 2022-03-04)	https://raw.githubusercontent.com/sfzinstruments/SalamanderGrandPiano/master/Samples/F%236v9.flac	extra velocity layer for the 16-layer grand; trim with Data/vel_XX.txt
hd	grand-sustain-hd	required-if-HD	F#6v11.flac	90	679207	CC-BY-3.0 (author declared public domain 2022-03-04)	https://raw.githubusercontent.com/sfzinstruments/SalamanderGrandPiano/master/Samples/F%236v11.flac	extra velocity layer for the 16-layer grand; trim with Data/vel_XX.txt
hd	grand-sustain-hd	required-if-HD	F#6v12.flac	90	698769	CC-BY-3.0 (author declared public domain 2022-03-04)	https://raw.githubusercontent.com/sfzinstruments/SalamanderGrandPiano/master/Samples/F%236v12.flac	extra velocity layer for the 16-layer grand; trim with Data/vel_XX.txt
hd	grand-sustain-hd	required-if-HD	F#6v14.flac	90	703793	CC-BY-3.0 (author declared public domain 2022-03-04)	https://raw.githubusercontent.com/sfzinstruments/SalamanderGrandPiano/master/Samples/F%236v14.flac	extra velocity layer for the 16-layer grand; trim with Data/vel_XX.txt
hd	grand-sustain-hd	required-if-HD	F#6v15.flac	90	682072	CC-BY-3.0 (author declared public domain 2022-03-04)	https://raw.githubusercontent.com/sfzinstruments/SalamanderGrandPiano/master/Samples/F%236v15.flac	extra velocity layer for the 16-layer grand; trim with Data/vel_XX.txt
hd	grand-sustain-hd	required-if-HD	A6v2.flac	93	571359	CC-BY-3.0 (author declared public domain 2022-03-04)	https://raw.githubusercontent.com/sfzinstruments/SalamanderGrandPiano/master/Samples/A6v2.flac	extra velocity layer for the 16-layer grand; trim with Data/vel_XX.txt
hd	grand-sustain-hd	required-if-HD	A6v3.flac	93	565397	CC-BY-3.0 (author declared public domain 2022-03-04)	https://raw.githubusercontent.com/sfzinstruments/SalamanderGrandPiano/master/Samples/A6v3.flac	extra velocity layer for the 16-layer grand; trim with Data/vel_XX.txt
hd	grand-sustain-hd	required-if-HD	A6v5.flac	93	665943	CC-BY-3.0 (author declared public domain 2022-03-04)	https://raw.githubusercontent.com/sfzinstruments/SalamanderGrandPiano/master/Samples/A6v5.flac	extra velocity layer for the 16-layer grand; trim with Data/vel_XX.txt
hd	grand-sustain-hd	required-if-HD	A6v6.flac	93	651860	CC-BY-3.0 (author declared public domain 2022-03-04)	https://raw.githubusercontent.com/sfzinstruments/SalamanderGrandPiano/master/Samples/A6v6.flac	extra velocity layer for the 16-layer grand; trim with Data/vel_XX.txt
hd	grand-sustain-hd	required-if-HD	A6v8.flac	93	681474	CC-BY-3.0 (author declared public domain 2022-03-04)	https://raw.githubusercontent.com/sfzinstruments/SalamanderGrandPiano/master/Samples/A6v8.flac	extra velocity layer for the 16-layer grand; trim with Data/vel_XX.txt
hd	grand-sustain-hd	required-if-HD	A6v9.flac	93	667115	CC-BY-3.0 (author declared public domain 2022-03-04)	https://raw.githubusercontent.com/sfzinstruments/SalamanderGrandPiano/master/Samples/A6v9.flac	extra velocity layer for the 16-layer grand; trim with Data/vel_XX.txt
hd	grand-sustain-hd	required-if-HD	A6v11.flac	93	657585	CC-BY-3.0 (author declared public domain 2022-03-04)	https://raw.githubusercontent.com/sfzinstruments/SalamanderGrandPiano/master/Samples/A6v11.flac	extra velocity layer for the 16-layer grand; trim with Data/vel_XX.txt
hd	grand-sustain-hd	required-if-HD	A6v12.flac	93	681845	CC-BY-3.0 (author declared public domain 2022-03-04)	https://raw.githubusercontent.com/sfzinstruments/SalamanderGrandPiano/master/Samples/A6v12.flac	extra velocity layer for the 16-layer grand; trim with Data/vel_XX.txt
hd	grand-sustain-hd	required-if-HD	A6v14.flac	93	691884	CC-BY-3.0 (author declared public domain 2022-03-04)	https://raw.githubusercontent.com/sfzinstruments/SalamanderGrandPiano/master/Samples/A6v14.flac	extra velocity layer for the 16-layer grand; trim with Data/vel_XX.txt
hd	grand-sustain-hd	required-if-HD	A6v15.flac	93	698766	CC-BY-3.0 (author declared public domain 2022-03-04)	https://raw.githubusercontent.com/sfzinstruments/SalamanderGrandPiano/master/Samples/A6v15.flac	extra velocity layer for the 16-layer grand; trim with Data/vel_XX.txt
hd	grand-sustain-hd	required-if-HD	C7v2.flac	96	405498	CC-BY-3.0 (author declared public domain 2022-03-04)	https://raw.githubusercontent.com/sfzinstruments/SalamanderGrandPiano/master/Samples/C7v2.flac	extra velocity layer for the 16-layer grand; trim with Data/vel_XX.txt
hd	grand-sustain-hd	required-if-HD	C7v3.flac	96	434222	CC-BY-3.0 (author declared public domain 2022-03-04)	https://raw.githubusercontent.com/sfzinstruments/SalamanderGrandPiano/master/Samples/C7v3.flac	extra velocity layer for the 16-layer grand; trim with Data/vel_XX.txt
hd	grand-sustain-hd	required-if-HD	C7v5.flac	96	414109	CC-BY-3.0 (author declared public domain 2022-03-04)	https://raw.githubusercontent.com/sfzinstruments/SalamanderGrandPiano/master/Samples/C7v5.flac	extra velocity layer for the 16-layer grand; trim with Data/vel_XX.txt
hd	grand-sustain-hd	required-if-HD	C7v6.flac	96	419770	CC-BY-3.0 (author declared public domain 2022-03-04)	https://raw.githubusercontent.com/sfzinstruments/SalamanderGrandPiano/master/Samples/C7v6.flac	extra velocity layer for the 16-layer grand; trim with Data/vel_XX.txt
hd	grand-sustain-hd	required-if-HD	C7v8.flac	96	412115	CC-BY-3.0 (author declared public domain 2022-03-04)	https://raw.githubusercontent.com/sfzinstruments/SalamanderGrandPiano/master/Samples/C7v8.flac	extra velocity layer for the 16-layer grand; trim with Data/vel_XX.txt
hd	grand-sustain-hd	required-if-HD	C7v9.flac	96	413637	CC-BY-3.0 (author declared public domain 2022-03-04)	https://raw.githubusercontent.com/sfzinstruments/SalamanderGrandPiano/master/Samples/C7v9.flac	extra velocity layer for the 16-layer grand; trim with Data/vel_XX.txt
hd	grand-sustain-hd	required-if-HD	C7v11.flac	96	444551	CC-BY-3.0 (author declared public domain 2022-03-04)	https://raw.githubusercontent.com/sfzinstruments/SalamanderGrandPiano/master/Samples/C7v11.flac	extra velocity layer for the 16-layer grand; trim with Data/vel_XX.txt
hd	grand-sustain-hd	required-if-HD	C7v12.flac	96	459884	CC-BY-3.0 (author declared public domain 2022-03-04)	https://raw.githubusercontent.com/sfzinstruments/SalamanderGrandPiano/master/Samples/C7v12.flac	extra velocity layer for the 16-layer grand; trim with Data/vel_XX.txt
hd	grand-sustain-hd	required-if-HD	C7v14.flac	96	427030	CC-BY-3.0 (author declared public domain 2022-03-04)	https://raw.githubusercontent.com/sfzinstruments/SalamanderGrandPiano/master/Samples/C7v14.flac	extra velocity layer for the 16-layer grand; trim with Data/vel_XX.txt
hd	grand-sustain-hd	required-if-HD	C7v15.flac	96	444280	CC-BY-3.0 (author declared public domain 2022-03-04)	https://raw.githubusercontent.com/sfzinstruments/SalamanderGrandPiano/master/Samples/C7v15.flac	extra velocity layer for the 16-layer grand; trim with Data/vel_XX.txt
hd	grand-sustain-hd	required-if-HD	D#7v2.flac	99	497381	CC-BY-3.0 (author declared public domain 2022-03-04)	https://raw.githubusercontent.com/sfzinstruments/SalamanderGrandPiano/master/Samples/D%237v2.flac	extra velocity layer for the 16-layer grand; trim with Data/vel_XX.txt
hd	grand-sustain-hd	required-if-HD	D#7v3.flac	99	490560	CC-BY-3.0 (author declared public domain 2022-03-04)	https://raw.githubusercontent.com/sfzinstruments/SalamanderGrandPiano/master/Samples/D%237v3.flac	extra velocity layer for the 16-layer grand; trim with Data/vel_XX.txt
hd	grand-sustain-hd	required-if-HD	D#7v5.flac	99	472541	CC-BY-3.0 (author declared public domain 2022-03-04)	https://raw.githubusercontent.com/sfzinstruments/SalamanderGrandPiano/master/Samples/D%237v5.flac	extra velocity layer for the 16-layer grand; trim with Data/vel_XX.txt
hd	grand-sustain-hd	required-if-HD	D#7v6.flac	99	461818	CC-BY-3.0 (author declared public domain 2022-03-04)	https://raw.githubusercontent.com/sfzinstruments/SalamanderGrandPiano/master/Samples/D%237v6.flac	extra velocity layer for the 16-layer grand; trim with Data/vel_XX.txt
hd	grand-sustain-hd	required-if-HD	D#7v8.flac	99	485801	CC-BY-3.0 (author declared public domain 2022-03-04)	https://raw.githubusercontent.com/sfzinstruments/SalamanderGrandPiano/master/Samples/D%237v8.flac	extra velocity layer for the 16-layer grand; trim with Data/vel_XX.txt
hd	grand-sustain-hd	required-if-HD	D#7v9.flac	99	478906	CC-BY-3.0 (author declared public domain 2022-03-04)	https://raw.githubusercontent.com/sfzinstruments/SalamanderGrandPiano/master/Samples/D%237v9.flac	extra velocity layer for the 16-layer grand; trim with Data/vel_XX.txt
hd	grand-sustain-hd	required-if-HD	D#7v11.flac	99	515419	CC-BY-3.0 (author declared public domain 2022-03-04)	https://raw.githubusercontent.com/sfzinstruments/SalamanderGrandPiano/master/Samples/D%237v11.flac	extra velocity layer for the 16-layer grand; trim with Data/vel_XX.txt
hd	grand-sustain-hd	required-if-HD	D#7v12.flac	99	514343	CC-BY-3.0 (author declared public domain 2022-03-04)	https://raw.githubusercontent.com/sfzinstruments/SalamanderGrandPiano/master/Samples/D%237v12.flac	extra velocity layer for the 16-layer grand; trim with Data/vel_XX.txt
hd	grand-sustain-hd	required-if-HD	D#7v14.flac	99	493124	CC-BY-3.0 (author declared public domain 2022-03-04)	https://raw.githubusercontent.com/sfzinstruments/SalamanderGrandPiano/master/Samples/D%237v14.flac	extra velocity layer for the 16-layer grand; trim with Data/vel_XX.txt
hd	grand-sustain-hd	required-if-HD	D#7v15.flac	99	534846	CC-BY-3.0 (author declared public domain 2022-03-04)	https://raw.githubusercontent.com/sfzinstruments/SalamanderGrandPiano/master/Samples/D%237v15.flac	extra velocity layer for the 16-layer grand; trim with Data/vel_XX.txt
hd	grand-sustain-hd	required-if-HD	F#7v2.flac	102	542101	CC-BY-3.0 (author declared public domain 2022-03-04)	https://raw.githubusercontent.com/sfzinstruments/SalamanderGrandPiano/master/Samples/F%237v2.flac	extra velocity layer for the 16-layer grand; trim with Data/vel_XX.txt
hd	grand-sustain-hd	required-if-HD	F#7v3.flac	102	551382	CC-BY-3.0 (author declared public domain 2022-03-04)	https://raw.githubusercontent.com/sfzinstruments/SalamanderGrandPiano/master/Samples/F%237v3.flac	extra velocity layer for the 16-layer grand; trim with Data/vel_XX.txt
hd	grand-sustain-hd	required-if-HD	F#7v5.flac	102	548407	CC-BY-3.0 (author declared public domain 2022-03-04)	https://raw.githubusercontent.com/sfzinstruments/SalamanderGrandPiano/master/Samples/F%237v5.flac	extra velocity layer for the 16-layer grand; trim with Data/vel_XX.txt
hd	grand-sustain-hd	required-if-HD	F#7v6.flac	102	546743	CC-BY-3.0 (author declared public domain 2022-03-04)	https://raw.githubusercontent.com/sfzinstruments/SalamanderGrandPiano/master/Samples/F%237v6.flac	extra velocity layer for the 16-layer grand; trim with Data/vel_XX.txt
hd	grand-sustain-hd	required-if-HD	F#7v8.flac	102	582250	CC-BY-3.0 (author declared public domain 2022-03-04)	https://raw.githubusercontent.com/sfzinstruments/SalamanderGrandPiano/master/Samples/F%237v8.flac	extra velocity layer for the 16-layer grand; trim with Data/vel_XX.txt
hd	grand-sustain-hd	required-if-HD	F#7v9.flac	102	541733	CC-BY-3.0 (author declared public domain 2022-03-04)	https://raw.githubusercontent.com/sfzinstruments/SalamanderGrandPiano/master/Samples/F%237v9.flac	extra velocity layer for the 16-layer grand; trim with Data/vel_XX.txt
hd	grand-sustain-hd	required-if-HD	F#7v11.flac	102	592865	CC-BY-3.0 (author declared public domain 2022-03-04)	https://raw.githubusercontent.com/sfzinstruments/SalamanderGrandPiano/master/Samples/F%237v11.flac	extra velocity layer for the 16-layer grand; trim with Data/vel_XX.txt
hd	grand-sustain-hd	required-if-HD	F#7v12.flac	102	587353	CC-BY-3.0 (author declared public domain 2022-03-04)	https://raw.githubusercontent.com/sfzinstruments/SalamanderGrandPiano/master/Samples/F%237v12.flac	extra velocity layer for the 16-layer grand; trim with Data/vel_XX.txt
hd	grand-sustain-hd	required-if-HD	F#7v14.flac	102	580297	CC-BY-3.0 (author declared public domain 2022-03-04)	https://raw.githubusercontent.com/sfzinstruments/SalamanderGrandPiano/master/Samples/F%237v14.flac	extra velocity layer for the 16-layer grand; trim with Data/vel_XX.txt
hd	grand-sustain-hd	required-if-HD	F#7v15.flac	102	589555	CC-BY-3.0 (author declared public domain 2022-03-04)	https://raw.githubusercontent.com/sfzinstruments/SalamanderGrandPiano/master/Samples/F%237v15.flac	extra velocity layer for the 16-layer grand; trim with Data/vel_XX.txt
hd	grand-sustain-hd	required-if-HD	A7v2.flac	105	330590	CC-BY-3.0 (author declared public domain 2022-03-04)	https://raw.githubusercontent.com/sfzinstruments/SalamanderGrandPiano/master/Samples/A7v2.flac	extra velocity layer for the 16-layer grand; trim with Data/vel_XX.txt
hd	grand-sustain-hd	required-if-HD	A7v3.flac	105	366359	CC-BY-3.0 (author declared public domain 2022-03-04)	https://raw.githubusercontent.com/sfzinstruments/SalamanderGrandPiano/master/Samples/A7v3.flac	extra velocity layer for the 16-layer grand; trim with Data/vel_XX.txt
hd	grand-sustain-hd	required-if-HD	A7v5.flac	105	365182	CC-BY-3.0 (author declared public domain 2022-03-04)	https://raw.githubusercontent.com/sfzinstruments/SalamanderGrandPiano/master/Samples/A7v5.flac	extra velocity layer for the 16-layer grand; trim with Data/vel_XX.txt
hd	grand-sustain-hd	required-if-HD	A7v6.flac	105	360892	CC-BY-3.0 (author declared public domain 2022-03-04)	https://raw.githubusercontent.com/sfzinstruments/SalamanderGrandPiano/master/Samples/A7v6.flac	extra velocity layer for the 16-layer grand; trim with Data/vel_XX.txt
hd	grand-sustain-hd	required-if-HD	A7v8.flac	105	392082	CC-BY-3.0 (author declared public domain 2022-03-04)	https://raw.githubusercontent.com/sfzinstruments/SalamanderGrandPiano/master/Samples/A7v8.flac	extra velocity layer for the 16-layer grand; trim with Data/vel_XX.txt
hd	grand-sustain-hd	required-if-HD	A7v9.flac	105	356638	CC-BY-3.0 (author declared public domain 2022-03-04)	https://raw.githubusercontent.com/sfzinstruments/SalamanderGrandPiano/master/Samples/A7v9.flac	extra velocity layer for the 16-layer grand; trim with Data/vel_XX.txt
hd	grand-sustain-hd	required-if-HD	A7v11.flac	105	377168	CC-BY-3.0 (author declared public domain 2022-03-04)	https://raw.githubusercontent.com/sfzinstruments/SalamanderGrandPiano/master/Samples/A7v11.flac	extra velocity layer for the 16-layer grand; trim with Data/vel_XX.txt
hd	grand-sustain-hd	required-if-HD	A7v12.flac	105	374698	CC-BY-3.0 (author declared public domain 2022-03-04)	https://raw.githubusercontent.com/sfzinstruments/SalamanderGrandPiano/master/Samples/A7v12.flac	extra velocity layer for the 16-layer grand; trim with Data/vel_XX.txt
hd	grand-sustain-hd	required-if-HD	A7v14.flac	105	363441	CC-BY-3.0 (author declared public domain 2022-03-04)	https://raw.githubusercontent.com/sfzinstruments/SalamanderGrandPiano/master/Samples/A7v14.flac	extra velocity layer for the 16-layer grand; trim with Data/vel_XX.txt
hd	grand-sustain-hd	required-if-HD	A7v15.flac	105	370376	CC-BY-3.0 (author declared public domain 2022-03-04)	https://raw.githubusercontent.com/sfzinstruments/SalamanderGrandPiano/master/Samples/A7v15.flac	extra velocity layer for the 16-layer grand; trim with Data/vel_XX.txt
hd	grand-sustain-hd	required-if-HD	C8v2.flac	108	347437	CC-BY-3.0 (author declared public domain 2022-03-04)	https://raw.githubusercontent.com/sfzinstruments/SalamanderGrandPiano/master/Samples/C8v2.flac	extra velocity layer for the 16-layer grand; trim with Data/vel_XX.txt
hd	grand-sustain-hd	required-if-HD	C8v3.flac	108	302459	CC-BY-3.0 (author declared public domain 2022-03-04)	https://raw.githubusercontent.com/sfzinstruments/SalamanderGrandPiano/master/Samples/C8v3.flac	extra velocity layer for the 16-layer grand; trim with Data/vel_XX.txt
hd	grand-sustain-hd	required-if-HD	C8v5.flac	108	302658	CC-BY-3.0 (author declared public domain 2022-03-04)	https://raw.githubusercontent.com/sfzinstruments/SalamanderGrandPiano/master/Samples/C8v5.flac	extra velocity layer for the 16-layer grand; trim with Data/vel_XX.txt
hd	grand-sustain-hd	required-if-HD	C8v6.flac	108	402315	CC-BY-3.0 (author declared public domain 2022-03-04)	https://raw.githubusercontent.com/sfzinstruments/SalamanderGrandPiano/master/Samples/C8v6.flac	extra velocity layer for the 16-layer grand; trim with Data/vel_XX.txt
hd	grand-sustain-hd	required-if-HD	C8v8.flac	108	428472	CC-BY-3.0 (author declared public domain 2022-03-04)	https://raw.githubusercontent.com/sfzinstruments/SalamanderGrandPiano/master/Samples/C8v8.flac	extra velocity layer for the 16-layer grand; trim with Data/vel_XX.txt
hd	grand-sustain-hd	required-if-HD	C8v9.flac	108	426387	CC-BY-3.0 (author declared public domain 2022-03-04)	https://raw.githubusercontent.com/sfzinstruments/SalamanderGrandPiano/master/Samples/C8v9.flac	extra velocity layer for the 16-layer grand; trim with Data/vel_XX.txt
hd	grand-sustain-hd	required-if-HD	C8v11.flac	108	430355	CC-BY-3.0 (author declared public domain 2022-03-04)	https://raw.githubusercontent.com/sfzinstruments/SalamanderGrandPiano/master/Samples/C8v11.flac	extra velocity layer for the 16-layer grand; trim with Data/vel_XX.txt
hd	grand-sustain-hd	required-if-HD	C8v12.flac	108	401592	CC-BY-3.0 (author declared public domain 2022-03-04)	https://raw.githubusercontent.com/sfzinstruments/SalamanderGrandPiano/master/Samples/C8v12.flac	extra velocity layer for the 16-layer grand; trim with Data/vel_XX.txt
hd	grand-sustain-hd	required-if-HD	C8v14.flac	108	455589	CC-BY-3.0 (author declared public domain 2022-03-04)	https://raw.githubusercontent.com/sfzinstruments/SalamanderGrandPiano/master/Samples/C8v14.flac	extra velocity layer for the 16-layer grand; trim with Data/vel_XX.txt
hd	grand-sustain-hd	required-if-HD	C8v15.flac	108	458197	CC-BY-3.0 (author declared public domain 2022-03-04)	https://raw.githubusercontent.com/sfzinstruments/SalamanderGrandPiano/master/Samples/C8v15.flac	extra velocity layer for the 16-layer grand; trim with Data/vel_XX.txt
