group	need	filename	trigger_key	bytes	licence	url	remark
grand-sustain	required	A0v1.flac	21	2164885	CC-BY-3.0 (author declared public domain 2022-03-04)	https://raw.githubusercontent.com/sfzinstruments/SalamanderGrandPiano/master/Samples/A0v1.flac	leading-silence trim: see Data/vel_XX.txt $OFFnn (samples @48k)
grand-sustain	required	A0v4.flac	21	2607698	CC-BY-3.0 (author declared public domain 2022-03-04)	https://raw.githubusercontent.com/sfzinstruments/SalamanderGrandPiano/master/Samples/A0v4.flac	leading-silence trim: see Data/vel_XX.txt $OFFnn (samples @48k)
grand-sustain	required	A0v7.flac	21	2764837	CC-BY-3.0 (author declared public domain 2022-03-04)	https://raw.githubusercontent.com/sfzinstruments/SalamanderGrandPiano/master/Samples/A0v7.flac	leading-silence trim: see Data/vel_XX.txt $OFFnn (samples @48k)
grand-sustain	required	A0v10.flac	21	2799401	CC-BY-3.0 (author declared public domain 2022-03-04)	https://raw.githubusercontent.com/sfzinstruments/SalamanderGrandPiano/master/Samples/A0v10.flac	leading-silence trim: see Data/vel_XX.txt $OFFnn (samples @48k)
grand-sustain	required	A0v13.flac	21	2814539	CC-BY-3.0 (author declared public domain 2022-03-04)	https://raw.githubusercontent.com/sfzinstruments/SalamanderGrandPiano/master/Samples/A0v13.flac	leading-silence trim: see Data/vel_XX.txt $OFFnn (samples @48k)
grand-sustain	required	A0v16.flac	21	2864588	CC-BY-3.0 (author declared public domain 2022-03-04)	https://raw.githubusercontent.com/sfzinstruments/SalamanderGrandPiano/master/Samples/A0v16.flac	leading-silence trim: see Data/vel_XX.txt $OFFnn (samples @48k)
grand-sustain	required	C1v1.flac	24	2438456	CC-BY-3.0 (author declared public domain 2022-03-04)	https://raw.githubusercontent.com/sfzinstruments/SalamanderGrandPiano/master/Samples/C1v1.flac	leading-silence trim: see Data/vel_XX.txt $OFFnn (samples @48k)
grand-sustain	required	C1v4.flac	24	2479481	CC-BY-3.0 (author declared public domain 2022-03-04)	https://raw.githubusercontent.com/sfzinstruments/SalamanderGrandPiano/master/Samples/C1v4.flac	leading-silence trim: see Data/vel_XX.txt $OFFnn (samples @48k)
grand-sustain	required	C1v7.flac	24	2507952	CC-BY-3.0 (author declared public domain 2022-03-04)	https://raw.githubusercontent.com/sfzinstruments/SalamanderGrandPiano/master/Samples/C1v7.flac	leading-silence trim: see Data/vel_XX.txt $OFFnn (samples @48k)
grand-sustain	required	C1v10.flac	24	2522080	CC-BY-3.0 (author declared public domain 2022-03-04)	https://raw.githubusercontent.com/sfzinstruments/SalamanderGrandPiano/master/Samples/C1v10.flac	leading-silence trim: see Data/vel_XX.txt $OFFnn (samples @48k)
grand-sustain	required	C1v13.flac	24	2551193	CC-BY-3.0 (author declared public domain 2022-03-04)	https://raw.githubusercontent.com/sfzinstruments/SalamanderGrandPiano/master/Samples/C1v13.flac	leading-silence trim: see Data/vel_XX.txt $OFFnn (samples @48k)
grand-sustain	required	C1v16.flac	24	2585455	CC-BY-3.0 (author declared public domain 2022-03-04)	https://raw.githubusercontent.com/sfzinstruments/SalamanderGrandPiano/master/Samples/C1v16.flac	leading-silence trim: see Data/vel_XX.txt $OFFnn (samples @48k)
grand-sustain	required	D#1v1.flac	27	2169326	CC-BY-3.0 (author declared public domain 2022-03-04)	https://raw.githubusercontent.com/sfzinstruments/SalamanderGrandPiano/master/Samples/D%231v1.flac	leading-silence trim: see Data/vel_XX.txt $OFFnn (samples @48k)
grand-sustain	required	D#1v4.flac	27	2570362	CC-BY-3.0 (author declared public domain 2022-03-04)	https://raw.githubusercontent.com/sfzinstruments/SalamanderGrandPiano/master/Samples/D%231v4.flac	leading-silence trim: see Data/vel_XX.txt $OFFnn (samples @48k)
grand-sustain	required	D#1v7.flac	27	2847777	CC-BY-3.0 (author declared public domain 2022-03-04)	https://raw.githubusercontent.com/sfzinstruments/SalamanderGrandPiano/master/Samples/D%231v7.flac	leading-silence trim: see Data/vel_XX.txt $OFFnn (samples @48k)
grand-sustain	required	D#1v10.flac	27	2876881	CC-BY-3.0 (author declared public domain 2022-03-04)	https://raw.githubusercontent.com/sfzinstruments/SalamanderGrandPiano/master/Samples/D%231v10.flac	leading-silence trim: see Data/vel_XX.txt $OFFnn (samples @48k)
grand-sustain	required	D#1v13.flac	27	2921669	CC-BY-3.0 (author declared public domain 2022-03-04)	https://raw.githubusercontent.com/sfzinstruments/SalamanderGrandPiano/master/Samples/D%231v13.flac	leading-silence trim: see Data/vel_XX.txt $OFFnn (samples @48k)
grand-sustain	required	D#1v16.flac	27	2983375	CC-BY-3.0 (author declared public domain 2022-03-04)	https://raw.githubusercontent.com/sfzinstruments/SalamanderGrandPiano/master/Samples/D%231v16.flac	leading-silence trim: see Data/vel_XX.txt $OFFnn (samples @48k)
grand-sustain	required	F#1v1.flac	30	1768820	CC-BY-3.0 (author declared public domain 2022-03-04)	https://raw.githubusercontent.com/sfzinstruments/SalamanderGrandPiano/master/Samples/F%231v1.flac	leading-silence trim: see Data/vel_XX.txt $OFFnn (samples @48k)
grand-sustain	required	F#1v4.flac	30	2613244	CC-BY-3.0 (author declared public domain 2022-03-04)	https://raw.githubusercontent.com/sfzinstruments/SalamanderGrandPiano/master/Samples/F%231v4.flac	leading-silence trim: see Data/vel_XX.txt $OFFnn (samples @48k)
grand-sustain	required	F#1v7.flac	30	2684060	CC-BY-3.0 (author declared public domain 2022-03-04)	https://raw.githubusercontent.com/sfzinstruments/SalamanderGrandPiano/master/Samples/F%231v7.flac	leading-silence trim: see Data/vel_XX.txt $OFFnn (samples @48k)
grand-sustain	required	F#1v10.flac	30	2690006	CC-BY-3.0 (author declared public domain 2022-03-04)	https://raw.githubusercontent.com/sfzinstruments/SalamanderGrandPiano/master/Samples/F%231v10.flac	leading-silence trim: see Data/vel_XX.txt $OFFnn (samples @48k)
grand-sustain	required	F#1v13.flac	30	2727847	CC-BY-3.0 (author declared public domain 2022-03-04)	https://raw.githubusercontent.com/sfzinstruments/SalamanderGrandPiano/master/Samples/F%231v13.flac	leading-silence trim: see Data/vel_XX.txt $OFFnn (samples @48k)
grand-sustain	required	F#1v16.flac	30	2792731	CC-BY-3.0 (author declared public domain 2022-03-04)	https://raw.githubusercontent.com/sfzinstruments/SalamanderGrandPiano/master/Samples/F%231v16.flac	leading-silence trim: see Data/vel_XX.txt $OFFnn (samples @48k)
grand-sustain	required	A1v1.flac	33	2166601	CC-BY-3.0 (author declared public domain 2022-03-04)	https://raw.githubusercontent.com/sfzinstruments/SalamanderGrandPiano/master/Samples/A1v1.flac	leading-silence trim: see Data/vel_XX.txt $OFFnn (samples @48k)
grand-sustain	required	A1v4.flac	33	2242163	CC-BY-3.0 (author declared public domain 2022-03-04)	https://raw.githubusercontent.com/sfzinstruments/SalamanderGrandPiano/master/Samples/A1v4.flac	leading-silence trim: see Data/vel_XX.txt $OFFnn (samples @48k)
grand-sustain	required	A1v7.flac	33	2668737	CC-BY-3.0 (author declared public domain 2022-03-04)	https://raw.githubusercontent.com/sfzinstruments/SalamanderGrandPiano/master/Samples/A1v7.flac	leading-silence trim: see Data/vel_XX.txt $OFFnn (samples @48k)
grand-sustain	required	A1v10.flac	33	2709073	CC-BY-3.0 (author declared public domain 2022-03-04)	https://raw.githubusercontent.com/sfzinstruments/SalamanderGrandPiano/master/Samples/A1v10.flac	leading-silence trim: see Data/vel_XX.txt $OFFnn (samples @48k)
grand-sustain	required	A1v13.flac	33	2779724	CC-BY-3.0 (author declared public domain 2022-03-04)	https://raw.githubusercontent.com/sfzinstruments/SalamanderGrandPiano/master/Samples/A1v13.flac	leading-silence trim: see Data/vel_XX.txt $OFFnn (samples @48k)
grand-sustain	required	A1v16.flac	33	2879654	CC-BY-3.0 (author declared public domain 2022-03-04)	https://raw.githubusercontent.com/sfzinstruments/SalamanderGrandPiano/master/Samples/A1v16.flac	leading-silence trim: see Data/vel_XX.txt $OFFnn (samples @48k)
grand-sustain	required	C2v1.flac	36	1980907	CC-BY-3.0 (author declared public domain 2022-03-04)	https://raw.githubusercontent.com/sfzinstruments/SalamanderGrandPiano/master/Samples/C2v1.flac	leading-silence trim: see Data/vel_XX.txt $OFFnn (samples @48k)
grand-sustain	required	C2v4.flac	36	2222842	CC-BY-3.0 (author declared public domain 2022-03-04)	https://raw.githubusercontent.com/sfzinstruments/SalamanderGrandPiano/master/Samples/C2v4.flac	leading-silence trim: see Data/vel_XX.txt $OFFnn (samples @48k)
grand-sustain	required	C2v7.flac	36	2540876	CC-BY-3.0 (author declared public domain 2022-03-04)	https://raw.githubusercontent.com/sfzinstruments/SalamanderGrandPiano/master/Samples/C2v7.flac	leading-silence trim: see Data/vel_XX.txt $OFFnn (samples @48k)
grand-sustain	required	C2v10.flac	36	2571694	CC-BY-3.0 (author declared public domain 2022-03-04)	https://raw.githubusercontent.com/sfzinstruments/SalamanderGrandPiano/master/Samples/C2v10.flac	leading-silence trim: see Data/vel_XX.txt $OFFnn (samples @48k)
grand-sustain	required	C2v13.flac	36	2624902	CC-BY-3.0 (author declared public domain 2022-03-04)	https://raw.githubusercontent.com/sfzinstruments/SalamanderGrandPiano/master/Samples/C2v13.flac	leading-silence trim: see Data/vel_XX.txt $OFFnn (samples @48k)
grand-sustain	required	C2v16.flac	36	2698276	CC-BY-3.0 (author declared public domain 2022-03-04)	https://raw.githubusercontent.com/sfzinstruments/SalamanderGrandPiano/master/Samples/C2v16.flac	leading-silence trim: see Data/vel_XX.txt $OFFnn (samples @48k)
grand-sustain	required	D#2v1.flac	39	2087725	CC-BY-3.0 (author declared public domain 2022-03-04)	https://raw.githubusercontent.com/sfzinstruments/SalamanderGrandPiano/master/Samples/D%232v1.flac	leading-silence trim: see Data/vel_XX.txt $OFFnn (samples @48k)
grand-sustain	required	D#2v4.flac	39	2546475	CC-BY-3.0 (author declared public domain 2022-03-04)	https://raw.githubusercontent.com/sfzinstruments/SalamanderGrandPiano/master/Samples/D%232v4.flac	leading-silence trim: see Data/vel_XX.txt $OFFnn (samples @48k)
grand-sustain	required	D#2v7.flac	39	2586193	CC-BY-3.0 (author declared public domain 2022-03-04)	https://raw.githubusercontent.com/sfzinstruments/SalamanderGrandPiano/master/Samples/D%232v7.flac	leading-silence trim: see Data/vel_XX.txt $OFFnn (samples @48k)
grand-sustain	required	D#2v10.flac	39	2606773	CC-BY-3.0 (author declared public domain 2022-03-04)	https://raw.githubusercontent.com/sfzinstruments/SalamanderGrandPiano/master/Samples/D%232v10.flac	leading-silence trim: see Data/vel_XX.txt $OFFnn (samples @48k)
grand-sustain	required	D#2v13.flac	39	2611764	CC-BY-3.0 (author declared public domain 2022-03-04)	https://raw.githubusercontent.com/sfzinstruments/SalamanderGrandPiano/master/Samples/D%232v13.flac	leading-silence trim: see Data/vel_XX.txt $OFFnn (samples @48k)
grand-sustain	required	D#2v16.flac	39	2700194	CC-BY-3.0 (author declared public domain 2022-03-04)	https://raw.githubusercontent.com/sfzinstruments/SalamanderGrandPiano/master/Samples/D%232v16.flac	leading-silence trim: see Data/vel_XX.txt $OFFnn (samples @48k)
grand-sustain	required	F#2v1.flac	42	1846818	CC-BY-3.0 (author declared public domain 2022-03-04)	https://raw.githubusercontent.com/sfzinstruments/SalamanderGrandPiano/master/Samples/F%232v1.flac	leading-silence trim: see Data/vel_XX.txt $OFFnn (samples @48k)
grand-sustain	required	F#2v4.flac	42	2174299	CC-BY-3.0 (author declared public domain 2022-03-04)	https://raw.githubusercontent.com/sfzinstruments/SalamanderGrandPiano/master/Samples/F%232v4.flac	leading-silence trim: see Data/vel_XX.txt $OFFnn (samples @48k)
grand-sustain	required	F#2v7.flac	42	2307655	CC-BY-3.0 (author declared public domain 2022-03-04)	https://raw.githubusercontent.com/sfzinstruments/SalamanderGrandPiano/master/Samples/F%232v7.flac	leading-silence trim: see Data/vel_XX.txt $OFFnn (samples @48k)
grand-sustain	required	F#2v10.flac	42	2343261	CC-BY-3.0 (author declared public domain 2022-03-04)	https://raw.githubusercontent.com/sfzinstruments/SalamanderGrandPiano/master/Samples/F%232v10.flac	leading-silence trim: see Data/vel_XX.txt $OFFnn (samples @48k)
grand-sustain	required	F#2v13.flac	42	2407608	CC-BY-3.0 (author declared public domain 2022-03-04)	https://raw.githubusercontent.com/sfzinstruments/SalamanderGrandPiano/master/Samples/F%232v13.flac	leading-silence trim: see Data/vel_XX.txt $OFFnn (samples @48k)
grand-sustain	required	F#2v16.flac	42	2490944	CC-BY-3.0 (author declared public domain 2022-03-04)	https://raw.githubusercontent.com/sfzinstruments/SalamanderGrandPiano/master/Samples/F%232v16.flac	leading-silence trim: see Data/vel_XX.txt $OFFnn (samples @48k)
grand-sustain	required	A2v1.flac	45	1823625	CC-BY-3.0 (author declared public domain 2022-03-04)	https://raw.githubusercontent.com/sfzinstruments/SalamanderGrandPiano/master/Samples/A2v1.flac	leading-silence trim: see Data/vel_XX.txt $OFFnn (samples @48k)
grand-sustain	required	A2v4.flac	45	1898385	CC-BY-3.0 (author declared public domain 2022-03-04)	https://raw.githubusercontent.com/sfzinstruments/SalamanderGrandPiano/master/Samples/A2v4.flac	leading-silence trim: see Data/vel_XX.txt $OFFnn (samples @48k)
grand-sustain	required	A2v7.flac	45	1903028	CC-BY-3.0 (author declared public domain 2022-03-04)	https://raw.githubusercontent.com/sfzinstruments/SalamanderGrandPiano/master/Samples/A2v7.flac	leading-silence trim: see Data/vel_XX.txt $OFFnn (samples @48k)
grand-sustain	required	A2v10.flac	45	1931380	CC-BY-3.0 (author declared public domain 2022-03-04)	https://raw.githubusercontent.com/sfzinstruments/SalamanderGrandPiano/master/Samples/A2v10.flac	leading-silence trim: see Data/vel_XX.txt $OFFnn (samples @48k)
grand-sustain	required	A2v13.flac	45	2011461	CC-BY-3.0 (author declared public domain 2022-03-04)	https://raw.githubusercontent.com/sfzinstruments/SalamanderGrandPiano/master/Samples/A2v13.flac	leading-silence trim: see Data/vel_XX.txt $OFFnn (samples @48k)
grand-sustain	required	A2v16.flac	45	2086327	CC-BY-3.0 (author declared public domain 2022-03-04)	https://raw.githubusercontent.com/sfzinstruments/SalamanderGrandPiano/master/Samples/A2v16.flac	leading-silence trim: see Data/vel_XX.txt $OFFnn (samples @48k)
grand-sustain	required	C3v1.flac	48	1624899	CC-BY-3.0 (author declared public domain 2022-03-04)	https://raw.githubusercontent.com/sfzinstruments/SalamanderGrandPiano/master/Samples/C3v1.flac	leading-silence trim: see Data/vel_XX.txt $OFFnn (samples @48k)
grand-sustain	required	C3v4.flac	48	1689449	CC-BY-3.0 (author declared public domain 2022-03-04)	https://raw.githubusercontent.com/sfzinstruments/SalamanderGrandPiano/master/Samples/C3v4.flac	leading-silence trim: see Data/vel_XX.txt $OFFnn (samples @48k)
grand-sustain	required	C3v7.flac	48	1724174	CC-BY-3.0 (author declared public domain 2022-03-04)	https://raw.githubusercontent.com/sfzinstruments/SalamanderGrandPiano/master/Samples/C3v7.flac	leading-silence trim: see Data/vel_XX.txt $OFFnn (samples @48k)
grand-sustain	required	C3v10.flac	48	1745075	CC-BY-3.0 (author declared public domain 2022-03-04)	https://raw.githubusercontent.com/sfzinstruments/SalamanderGrandPiano/master/Samples/C3v10.flac	leading-silence trim: see Data/vel_XX.txt $OFFnn (samples @48k)
grand-sustain	required	C3v13.flac	48	1803471	CC-BY-3.0 (author declared public domain 2022-03-04)	https://raw.githubusercontent.com/sfzinstruments/SalamanderGrandPiano/master/Samples/C3v13.flac	leading-silence trim: see Data/vel_XX.txt $OFFnn (samples @48k)
grand-sustain	required	C3v16.flac	48	1875350	CC-BY-3.0 (author declared public domain 2022-03-04)	https://raw.githubusercontent.com/sfzinstruments/SalamanderGrandPiano/master/Samples/C3v16.flac	leading-silence trim: see Data/vel_XX.txt $OFFnn (samples @48k)
grand-sustain	required	D#3v1.flac	51	1381434	CC-BY-3.0 (author declared public domain 2022-03-04)	https://raw.githubusercontent.com/sfzinstruments/SalamanderGrandPiano/master/Samples/D%233v1.flac	leading-silence trim: see Data/vel_XX.txt $OFFnn (samples @48k)
grand-sustain	required	D#3v4.flac	51	1746227	CC-BY-3.0 (author declared public domain 2022-03-04)	https://raw.githubusercontent.com/sfzinstruments/SalamanderGrandPiano/master/Samples/D%233v4.flac	leading-silence trim: see Data/vel_XX.txt $OFFnn (samples @48k)
grand-sustain	required	D#3v7.flac	51	1748888	CC-BY-3.0 (author declared public domain 2022-03-04)	https://raw.githubusercontent.com/sfzinstruments/SalamanderGrandPiano/master/Samples/D%233v7.flac	leading-silence trim: see Data/vel_XX.txt $OFFnn (samples @48k)
grand-sustain	required	D#3v10.flac	51	1809266	CC-BY-3.0 (author declared public domain 2022-03-04)	https://raw.githubusercontent.com/sfzinstruments/SalamanderGrandPiano/master/Samples/D%233v10.flac	leading-silence trim: see Data/vel_XX.txt $OFFnn (samples @48k)
grand-sustain	required	D#3v13.flac	51	1790968	CC-BY-3.0 (author declared public domain 2022-03-04)	https://raw.githubusercontent.com/sfzinstruments/SalamanderGrandPiano/master/Samples/D%233v13.flac	leading-silence trim: see Data/vel_XX.txt $OFFnn (samples @48k)
grand-sustain	required	D#3v16.flac	51	1861439	CC-BY-3.0 (author declared public domain 2022-03-04)	https://raw.githubusercontent.com/sfzinstruments/SalamanderGrandPiano/master/Samples/D%233v16.flac	leading-silence trim: see Data/vel_XX.txt $OFFnn (samples @48k)
grand-sustain	required	F#3v1.flac	54	1664654	CC-BY-3.0 (author declared public domain 2022-03-04)	https://raw.githubusercontent.com/sfzinstruments/SalamanderGrandPiano/master/Samples/F%233v1.flac	leading-silence trim: see Data/vel_XX.txt $OFFnn (samples @48k)
grand-sustain	required	F#3v4.flac	54	1767209	CC-BY-3.0 (author declared public domain 2022-03-04)	https://raw.githubusercontent.com/sfzinstruments/SalamanderGrandPiano/master/Samples/F%233v4.flac	leading-silence trim: see Data/vel_XX.txt $OFFnn (samples @48k)
grand-sustain	required	F#3v7.flac	54	1800780	CC-BY-3.0 (author declared public domain 2022-03-04)	https://raw.githubusercontent.com/sfzinstruments/SalamanderGrandPiano/master/Samples/F%233v7.flac	leading-silence trim: see Data/vel_XX.txt $OFFnn (samples @48k)
grand-sustain	required	F#3v10.flac	54	1816439	CC-BY-3.0 (author declared public domain 2022-03-04)	https://raw.githubusercontent.com/sfzinstruments/SalamanderGrandPiano/master/Samples/F%233v10.flac	leading-silence trim: see Data/vel_XX.txt $OFFnn (samples @48k)
grand-sustain	required	F#3v13.flac	54	1816533	CC-BY-3.0 (author declared public domain 2022-03-04)	https://raw.githubusercontent.com/sfzinstruments/SalamanderGrandPiano/master/Samples/F%233v13.flac	leading-silence trim: see Data/vel_XX.txt $OFFnn (samples @48k)
grand-sustain	required	F#3v16.flac	54	1815793	CC-BY-3.0 (author declared public domain 2022-03-04)	https://raw.githubusercontent.com/sfzinstruments/SalamanderGrandPiano/master/Samples/F%233v16.flac	leading-silence trim: see Data/vel_XX.txt $OFFnn (samples @48k)
grand-sustain	required	A3v1.flac	57	1423583	CC-BY-3.0 (author declared public domain 2022-03-04)	https://raw.githubusercontent.com/sfzinstruments/SalamanderGrandPiano/master/Samples/A3v1.flac	leading-silence trim: see Data/vel_XX.txt $OFFnn (samples @48k)
grand-sustain	required	A3v4.flac	57	1757672	CC-BY-3.0 (author declared public domain 2022-03-04)	https://raw.githubusercontent.com/sfzinstruments/SalamanderGrandPiano/master/Samples/A3v4.flac	leading-silence trim: see Data/vel_XX.txt $OFFnn (samples @48k)
grand-sustain	required	A3v7.flac	57	1813811	CC-BY-3.0 (author declared public domain 2022-03-04)	https://raw.githubusercontent.com/sfzinstruments/SalamanderGrandPiano/master/Samples/A3v7.flac	leading-silence trim: see Data/vel_XX.txt $OFFnn (samples @48k)
grand-sustain	required	A3v10.flac	57	1758312	CC-BY-3.0 (author declared public domain 2022-03-04)	https://raw.githubusercontent.com/sfzinstruments/SalamanderGrandPiano/master/Samples/A3v10.flac	leading-silence trim: see Data/vel_XX.txt $OFFnn (samples @48k)
grand-sustain	required	A3v13.flac	57	1814316	CC-BY-3.0 (author declared public domain 2022-03-04)	https://raw.githubusercontent.com/sfzinstruments/SalamanderGrandPiano/master/Samples/A3v13.flac	leading-silence trim: see Data/vel_XX.txt $OFFnn (samples @48k)
grand-sustain	required	A3v16.flac	57	1901195	CC-BY-3.0 (author declared public domain 2022-03-04)	https://raw.githubusercontent.com/sfzinstruments/SalamanderGrandPiano/master/Samples/A3v16.flac	leading-silence trim: see Data/vel_XX.txt $OFFnn (samples @48k)
grand-sustain	required	C4v1.flac	60	1265676	CC-BY-3.0 (author declared public domain 2022-03-04)	https://raw.githubusercontent.com/sfzinstruments/SalamanderGrandPiano/master/Samples/C4v1.flac	leading-silence trim: see Data/vel_XX.txt $OFFnn (samples @48k)
grand-sustain	required	C4v4.flac	60	1628805	CC-BY-3.0 (author declared public domain 2022-03-04)	https://raw.githubusercontent.com/sfzinstruments/SalamanderGrandPiano/master/Samples/C4v4.flac	leading-silence trim: see Data/vel_XX.txt $OFFnn (samples @48k)
grand-sustain	required	C4v7.flac	60	1716540	CC-BY-3.0 (author declared public domain 2022-03-04)	https://raw.githubusercontent.com/sfzinstruments/SalamanderGrandPiano/master/Samples/C4v7.flac	leading-silence trim: see Data/vel_XX.txt $OFFnn (samples @48k)
grand-sustain	required	C4v10.flac	60	1817704	CC-BY-3.0 (author declared public domain 2022-03-04)	https://raw.githubusercontent.com/sfzinstruments/SalamanderGrandPiano/master/Samples/C4v10.flac	leading-silence trim: see Data/vel_XX.txt $OFFnn (samples @48k)
grand-sustain	required	C4v13.flac	60	1768613	CC-BY-3.0 (author declared public domain 2022-03-04)	https://raw.githubusercontent.com/sfzinstruments/SalamanderGrandPiano/master/Samples/C4v13.flac	leading-silence trim: see Data/vel_XX.txt $OFFnn (samples @48k)
grand-sustain	required	C4v16.flac	60	1772214	CC-BY-3.0 (author declared public domain 2022-03-04)	https://raw.githubusercontent.com/sfzinstruments/SalamanderGrandPiano/master/Samples/C4v16.flac	leading-silence trim: see Data/vel_XX.txt $OFFnn (samples @48k)
grand-sustain	required	D#4v1.flac	63	1329951	CC-BY-3.0 (author declared public domain 2022-03-04)	https://raw.githubusercontent.com/sfzinstruments/SalamanderGrandPiano/master/Samples/D%234v1.flac	leading-silence trim: see Data/vel_XX.txt $OFFnn (samples @48k)
grand-sustain	required	D#4v4.flac	63	1550296	CC-BY-3.0 (author declared public domain 2022-03-04)	https://raw.githubusercontent.com/sfzinstruments/SalamanderGrandPiano/master/Samples/D%234v4.flac	leading-silence trim: see Data/vel_XX.txt $OFFnn (samples @48k)
grand-sustain	required	D#4v7.flac	63	1568599	CC-BY-3.0 (author declared public domain 2022-03-04)	https://raw.githubusercontent.com/sfzinstruments/SalamanderGrandPiano/master/Samples/D%234v7.flac	leading-silence trim: see Data/vel_XX.txt $OFFnn (samples @48k)
grand-sustain	required	D#4v10.flac	63	1553345	CC-BY-3.0 (author declared public domain 2022-03-04)	https://raw.githubusercontent.com/sfzinstruments/SalamanderGrandPiano/master/Samples/D%234v10.flac	leading-silence trim: see Data/vel_XX.txt $OFFnn (samples @48k)
grand-sustain	required	D#4v13.flac	63	1674994	CC-BY-3.0 (author declared public domain 2022-03-04)	https://raw.githubusercontent.com/sfzinstruments/SalamanderGrandPiano/master/Samples/D%234v13.flac	leading-silence trim: see Data/vel_XX.txt $OFFnn (samples @48k)
grand-sustain	required	D#4v16.flac	63	1617165	CC-BY-3.0 (author declared public domain 2022-03-04)	https://raw.githubusercontent.com/sfzinstruments/SalamanderGrandPiano/master/Samples/D%234v16.flac	leading-silence trim: see Data/vel_XX.txt $OFFnn (samples @48k)
grand-sustain	required	F#4v1.flac	66	1199292	CC-BY-3.0 (author declared public domain 2022-03-04)	https://raw.githubusercontent.com/sfzinstruments/SalamanderGrandPiano/master/Samples/F%234v1.flac	leading-silence trim: see Data/vel_XX.txt $OFFnn (samples @48k)
grand-sustain	required	F#4v4.flac	66	1317911	CC-BY-3.0 (author declared public domain 2022-03-04)	https://raw.githubusercontent.com/sfzinstruments/SalamanderGrandPiano/master/Samples/F%234v4.flac	leading-silence trim: see Data/vel_XX.txt $OFFnn (samples @48k)
grand-sustain	required	F#4v7.flac	66	1484679	CC-BY-3.0 (author declared public domain 2022-03-04)	https://raw.githubusercontent.com/sfzinstruments/SalamanderGrandPiano/master/Samples/F%234v7.flac	leading-silence trim: see Data/vel_XX.txt $OFFnn (samples @48k)
grand-sustain	required	F#4v10.flac	66	1495027	CC-BY-3.0 (author declared public domain 2022-03-04)	https://raw.githubusercontent.com/sfzinstruments/SalamanderGrandPiano/master/Samples/F%234v10.flac	leading-silence trim: see Data/vel_XX.txt $OFFnn (samples @48k)
grand-sustain	required	F#4v13.flac	66	1491508	CC-BY-3.0 (author declared public domain 2022-03-04)	https://raw.githubusercontent.com/sfzinstruments/SalamanderGrandPiano/master/Samples/F%234v13.flac	leading-silence trim: see Data/vel_XX.txt $OFFnn (samples @48k)
grand-sustain	required	F#4v16.flac	66	1554241	CC-BY-3.0 (author declared public domain 2022-03-04)	https://raw.githubusercontent.com/sfzinstruments/SalamanderGrandPiano/master/Samples/F%234v16.flac	leading-silence trim: see Data/vel_XX.txt $OFFnn (samples @48k)
grand-sustain	required	A4v1.flac	69	1302933	CC-BY-3.0 (author declared public domain 2022-03-04)	https://raw.githubusercontent.com/sfzinstruments/SalamanderGrandPiano/master/Samples/A4v1.flac	leading-silence trim: see Data/vel_XX.txt $OFFnn (samples @48k)
grand-sustain	required	A4v4.flac	69	1383657	CC-BY-3.0 (author declared public domain 2022-03-04)	https://raw.githubusercontent.com/sfzinstruments/SalamanderGrandPiano/master/Samples/A4v4.flac	leading-silence trim: see Data/vel_XX.txt $OFFnn (samples @48k)
grand-sustain	required	A4v7.flac	69	1395306	CC-BY-3.0 (author declared public domain 2022-03-04)	https://raw.githubusercontent.com/sfzinstruments/SalamanderGrandPiano/master/Samples/A4v7.flac	leading-silence trim: see Data/vel_XX.txt $OFFnn (samples @48k)
grand-sustain	required	A4v10.flac	69	1442501	CC-BY-3.0 (author declared public domain 2022-03-04)	https://raw.githubusercontent.com/sfzinstruments/SalamanderGrandPiano/master/Samples/A4v10.flac	leading-silence trim: see Data/vel_XX.txt $OFFnn (samples @48k)
grand-sustain	required	A4v13.flac	69	1468684	CC-BY-3.0 (author declared public domain 2022-03-04)	https://raw.githubusercontent.com/sfzinstruments/SalamanderGrandPiano/master/Samples/A4v13.flac	leading-silence trim: see Data/vel_XX.txt $OFFnn (samples @48k)
grand-sustain	required	A4v16.flac	69	1602001	CC-BY-3.0 (author declared public domain 2022-03-04)	https://raw.githubusercontent.com/sfzinstruments/SalamanderGrandPiano/master/Samples/A4v16.flac	leading-silence trim: see Data/vel_XX.txt $OFFnn (samples @48k)
grand-sustain	required	C5v1.flac	72	1238975	CC-BY-3.0 (author declared public domain 2022-03-04)	https://raw.githubusercontent.com/sfzinstruments/SalamanderGrandPiano/master/Samples/C5v1.flac	leading-silence trim: see Data/vel_XX.txt $OFFnn (samples @48k)
grand-sustain	required	C5v4.flac	72	1468588	CC-BY-3.0 (author declared public domain 2022-03-04)	https://raw.githubusercontent.com/sfzinstruments/SalamanderGrandPiano/master/Samples/C5v4.flac	leading-silence trim: see Data/vel_XX.txt $OFFnn (samples @48k)
grand-sustain	required	C5v7.flac	72	1543329	CC-BY-3.0 (author declared public domain 2022-03-04)	https://raw.githubusercontent.com/sfzinstruments/SalamanderGrandPiano/master/Samples/C5v7.flac	leading-silence trim: see Data/vel_XX.txt $OFFnn (samples @48k)
grand-sustain	required	C5v10.flac	72	1545522	CC-BY-3.0 (author declared public domain 2022-03-04)	https://raw.githubusercontent.com/sfzinstruments/SalamanderGrandPiano/master/Samples/C5v10.flac	leading-silence trim: see Data/vel_XX.txt $OFFnn (samples @48k)
grand-sustain	required	C5v13.flac	72	1498911	CC-BY-3.0 (author declared public domain 2022-03-04)	https://raw.githubusercontent.com/sfzinstruments/SalamanderGrandPiano/master/Samples/C5v13.flac	leading-silence trim: see Data/vel_XX.txt $OFFnn (samples @48k)
grand-sustain	required	C5v16.flac	72	1531778	CC-BY-3.0 (author declared public domain 2022-03-04)	https://raw.githubusercontent.com/sfzinstruments/SalamanderGrandPiano/master/Samples/C5v16.flac	leading-silence trim: see Data/vel_XX.txt $OFFnn (samples @48k)
grand-sustain	required	D#5v1.flac	75	1198920	CC-BY-3.0 (author declared public domain 2022-03-04)	https://raw.githubusercontent.com/sfzinstruments/SalamanderGrandPiano/master/Samples/D%235v1.flac	leading-silence trim: see Data/vel_XX.txt $OFFnn (samples @48k)
grand-sustain	required	D#5v4.flac	75	1263747	CC-BY-3.0 (author declared public domain 2022-03-04)	https://raw.githubusercontent.com/sfzinstruments/SalamanderGrandPiano/master/Samples/D%235v4.flac	leading-silence trim: see Data/vel_XX.txt $OFFnn (samples @48k)
grand-sustain	required	D#5v7.flac	75	1240910	CC-BY-3.0 (author declared public domain 2022-03-04)	https://raw.githubusercontent.com/sfzinstruments/SalamanderGrandPiano/master/Samples/D%235v7.flac	leading-silence trim: see Data/vel_XX.txt $OFFnn (samples @48k)
grand-sustain	required	D#5v10.flac	75	1299972	CC-BY-3.0 (author declared public domain 2022-03-04)	https://raw.githubusercontent.com/sfzinstruments/SalamanderGrandPiano/master/Samples/D%235v10.flac	leading-silence trim: see Data/vel_XX.txt $OFFnn (samples @48k)
grand-sustain	required	D#5v13.flac	75	1308203	CC-BY-3.0 (author declared public domain 2022-03-04)	https://raw.githubusercontent.com/sfzinstruments/SalamanderGrandPiano/master/Samples/D%235v13.flac	leading-silence trim: see Data/vel_XX.txt $OFFnn (samples @48k)
grand-sustain	required	D#5v16.flac	75	1413841	CC-BY-3.0 (author declared public domain 2022-03-04)	https://raw.githubusercontent.com/sfzinstruments/SalamanderGrandPiano/master/Samples/D%235v16.flac	leading-silence trim: see Data/vel_XX.txt $OFFnn (samples @48k)
grand-sustain	required	F#5v1.flac	78	1040868	CC-BY-3.0 (author declared public domain 2022-03-04)	https://raw.githubusercontent.com/sfzinstruments/SalamanderGrandPiano/master/Samples/F%235v1.flac	leading-silence trim: see Data/vel_XX.txt $OFFnn (samples @48k)
grand-sustain	required	F#5v4.flac	78	1119439	CC-BY-3.0 (author declared public domain 2022-03-04)	https://raw.githubusercontent.com/sfzinstruments/SalamanderGrandPiano/master/Samples/F%235v4.flac	leading-silence trim: see Data/vel_XX.txt $OFFnn (samples @48k)
grand-sustain	required	F#5v7.flac	78	1189998	CC-BY-3.0 (author declared public domain 2022-03-04)	https://raw.githubusercontent.com/sfzinstruments/SalamanderGrandPiano/master/Samples/F%235v7.flac	leading-silence trim: see Data/vel_XX.txt $OFFnn (samples @48k)
grand-sustain	required	F#5v10.flac	78	1147890	CC-BY-3.0 (author declared public domain 2022-03-04)	https://raw.githubusercontent.com/sfzinstruments/SalamanderGrandPiano/master/Samples/F%235v10.flac	leading-silence trim: see Data/vel_XX.txt $OFFnn (samples @48k)
grand-sustain	required	F#5v13.flac	78	1155608	CC-BY-3.0 (author declared public domain 2022-03-04)	https://raw.githubusercontent.com/sfzinstruments/SalamanderGrandPiano/master/Samples/F%235v13.flac	leading-silence trim: see Data/vel_XX.txt $OFFnn (samples @48k)
grand-sustain	required	F#5v16.flac	78	1258455	CC-BY-3.0 (author declared public domain 2022-03-04)	https://raw.githubusercontent.com/sfzinstruments/SalamanderGrandPiano/master/Samples/F%235v16.flac	leading-silence trim: see Data/vel_XX.txt $OFFnn (samples @48k)
grand-sustain	required	A5v1.flac	81	697245	CC-BY-3.0 (author declared public domain 2022-03-04)	https://raw.githubusercontent.com/sfzinstruments/SalamanderGrandPiano/master/Samples/A5v1.flac	leading-silence trim: see Data/vel_XX.txt $OFFnn (samples @48k)
grand-sustain	required	A5v4.flac	81	717980	CC-BY-3.0 (author declared public domain 2022-03-04)	https://raw.githubusercontent.com/sfzinstruments/SalamanderGrandPiano/master/Samples/A5v4.flac	leading-silence trim: see Data/vel_XX.txt $OFFnn (samples @48k)
grand-sustain	required	A5v7.flac	81	1093287	CC-BY-3.0 (author declared public domain 2022-03-04)	https://raw.githubusercontent.com/sfzinstruments/SalamanderGrandPiano/master/Samples/A5v7.flac	leading-silence trim: see Data/vel_XX.txt $OFFnn (samples @48k)
grand-sustain	required	A5v10.flac	81	1123676	CC-BY-3.0 (author declared public domain 2022-03-04)	https://raw.githubusercontent.com/sfzinstruments/SalamanderGrandPiano/master/Samples/A5v10.flac	leading-silence trim: see Data/vel_XX.txt $OFFnn (samples @48k)
grand-sustain	required	A5v13.flac	81	1107301	CC-BY-3.0 (author declared public domain 2022-03-04)	https://raw.githubusercontent.com/sfzinstruments/SalamanderGrandPiano/master/Samples/A5v13.flac	leading-silence trim: see Data/vel_XX.txt $OFFnn (samples @48k)
grand-sustain	required	A5v16.flac	81	1170434	CC-BY-3.0 (author declared public domain 2022-03-04)	https://raw.githubusercontent.com/sfzinstruments/SalamanderGrandPiano/master/Samples/A5v16.flac	leading-silence trim: see Data/vel_XX.txt $OFFnn (samples @48k)
grand-sustain	required	C6v1.flac	84	567727	CC-BY-3.0 (author declared public domain 2022-03-04)	https://raw.githubusercontent.com/sfzinstruments/SalamanderGrandPiano/master/Samples/C6v1.flac	leading-silence trim: see Data/vel_XX.txt $OFFnn (samples @48k)
grand-sustain	required	C6v4.flac	84	601137	CC-BY-3.0 (author declared public domain 2022-03-04)	https://raw.githubusercontent.com/sfzinstruments/SalamanderGrandPiano/master/Samples/C6v4.flac	leading-silence trim: see Data/vel_XX.txt $OFFnn (samples @48k)
grand-sustain	required	C6v7.flac	84	689877	CC-BY-3.0 (author declared public domain 2022-03-04)	https://raw.githubusercontent.com/sfzinstruments/SalamanderGrandPiano/master/Samples/C6v7.flac	leading-silence trim: see Data/vel_XX.txt $OFFnn (samples @48k)
grand-sustain	required	C6v10.flac	84	692563	CC-BY-3.0 (author declared public domain 2022-03-04)	https://raw.githubusercontent.com/sfzinstruments/SalamanderGrandPiano/master/Samples/C6v10.flac	leading-silence trim: see Data/vel_XX.txt $OFFnn (samples @48k)
grand-sustain	required	C6v13.flac	84	701778	CC-BY-3.0 (author declared public domain 2022-03-04)	https://raw.githubusercontent.com/sfzinstruments/SalamanderGrandPiano/master/Samples/C6v13.flac	leading-silence trim: see Data/vel_XX.txt $OFFnn (samples @48k)
grand-sustain	required	C6v16.flac	84	730412	CC-BY-3.0 (author declared public domain 2022-03-04)	https://raw.githubusercontent.com/sfzinstruments/SalamanderGrandPiano/master/Samples/C6v16.flac	leading-silence trim: see Data/vel_XX.txt $OFFnn (samples @48k)
grand-sustain	required	D#6v1.flac	87	767576	CC-BY-3.0 (author declared public domain 2022-03-04)	https://raw.githubusercontent.com/sfzinstruments/SalamanderGrandPiano/master/Samples/D%236v1.flac	leading-silence trim: see Data/vel_XX.txt $OFFnn (samples @48k)
grand-sustain	required	D#6v4.flac	87	743953	CC-BY-3.0 (author declared public domain 2022-03-04)	https://raw.githubusercontent.com/sfzinstruments/SalamanderGrandPiano/master/Samples/D%236v4.flac	leading-silence trim: see Data/vel_XX.txt $OFFnn (samples @48k)
grand-sustain	required	D#6v7.flac	87	771589	CC-BY-3.0 (author declared public domain 2022-03-04)	https://raw.githubusercontent.com/sfzinstruments/SalamanderGrandPiano/master/Samples/D%236v7.flac	leading-silence trim: see Data/vel_XX.txt $OFFnn (samples @48k)
grand-sustain	required	D#6v10.flac	87	783385	CC-BY-3.0 (author declared public domain 2022-03-04)	https://raw.githubusercontent.com/sfzinstruments/SalamanderGrandPiano/master/Samples/D%236v10.flac	leading-silence trim: see Data/vel_XX.txt $OFFnn (samples @48k)
grand-sustain	required	D#6v13.flac	87	805108	CC-BY-3.0 (author declared public domain 2022-03-04)	https://raw.githubusercontent.com/sfzinstruments/SalamanderGrandPiano/master/Samples/D%236v13.flac	leading-silence trim: see Data/vel_XX.txt $OFFnn (samples @48k)
grand-sustain	required	D#6v16.flac	87	781652	CC-BY-3.0 (author declared public domain 2022-03-04)	https://raw.githubusercontent.com/sfzinstruments/SalamanderGrandPiano/master/Samples/D%236v16.flac	leading-silence trim: see Data/vel_XX.txt $OFFnn (samples @48k)
grand-sustain	required	F#6v1.flac	90	458733	CC-BY-3.0 (author declared public domain 2022-03-04)	https://raw.githubusercontent.com/sfzinstruments/SalamanderGrandPiano/master/Samples/F%236v1.flac	leading-silence trim: see Data/vel_XX.txt $OFFnn (samples @48k)
grand-sustain	required	F#6v4.flac	90	605865	CC-BY-3.0 (author declared public domain 2022-03-04)	https://raw.githubusercontent.com/sfzinstruments/SalamanderGrandPiano/master/Samples/F%236v4.flac	leading-silence trim: see Data/vel_XX.txt $OFFnn (samples @48k)
grand-sustain	required	F#6v7.flac	90	682900	CC-BY-3.0 (author declared public domain 2022-03-04)	https://raw.githubusercontent.com/sfzinstruments/SalamanderGrandPiano/master/Samples/F%236v7.flac	leading-silence trim: see Data/vel_XX.txt $OFFnn (samples @48k)
grand-sustain	required	F#6v10.flac	90	696164	CC-BY-3.0 (author declared public domain 2022-03-04)	https://raw.githubusercontent.com/sfzinstruments/SalamanderGrandPiano/master/Samples/F%236v10.flac	leading-silence trim: see Data/vel_XX.txt $OFFnn (samples @48k)
grand-sustain	required	F#6v13.flac	90	655144	CC-BY-3.0 (author declared public domain 2022-03-04)	https://raw.githubusercontent.com/sfzinstruments/SalamanderGrandPiano/master/Samples/F%236v13.flac	leading-silence trim: see Data/vel_XX.txt $OFFnn (samples @48k)
grand-sustain	required	F#6v16.flac	90	701195	CC-BY-3.0 (author declared public domain 2022-03-04)	https://raw.githubusercontent.com/sfzinstruments/SalamanderGrandPiano/master/Samples/F%236v16.flac	leading-silence trim: see Data/vel_XX.txt $OFFnn (samples @48k)
grand-sustain	required	A6v1.flac	93	526856	CC-BY-3.0 (author declared public domain 2022-03-04)	https://raw.githubusercontent.com/sfzinstruments/SalamanderGrandPiano/master/Samples/A6v1.flac	leading-silence trim: see Data/vel_XX.txt $OFFnn (samples @48k)
grand-sustain	required	A6v4.flac	93	620431	CC-BY-3.0 (author declared public domain 2022-03-04)	https://raw.githubusercontent.com/sfzinstruments/SalamanderGrandPiano/master/Samples/A6v4.flac	leading-silence trim: see Data/vel_XX.txt $OFFnn (samples @48k)
grand-sustain	required	A6v7.flac	93	667567	CC-BY-3.0 (author declared public domain 2022-03-04)	https://raw.githubusercontent.com/sfzinstruments/SalamanderGrandPiano/master/Samples/A6v7.flac	leading-silence trim: see Data/vel_XX.txt $OFFnn (samples @48k)
grand-sustain	required	A6v10.flac	93	677301	CC-BY-3.0 (author declared public domain 2022-03-04)	https://raw.githubusercontent.com/sfzinstruments/SalamanderGrandPiano/master/Samples/A6v10.flac	leading-silence trim: see Data/vel_XX.txt $OFFnn (samples @48k)
grand-sustain	required	A6v13.flac	93	670257	CC-BY-3.0 (author declared public domain 2022-03-04)	https://raw.githubusercontent.com/sfzinstruments/SalamanderGrandPiano/master/Samples/A6v13.flac	leading-silence trim: see Data/vel_XX.txt $OFFnn (samples @48k)
grand-sustain	required	A6v16.flac	93	724195	CC-BY-3.0 (author declared public domain 2022-03-04)	https://raw.githubusercontent.com/sfzinstruments/SalamanderGrandPiano/master/Samples/A6v16.flac	leading-silence trim: see Data/vel_XX.txt $OFFnn (samples @48k)
grand-sustain	required	C7v1.flac	96	405957	CC-BY-3.0 (author declared public domain 2022-03-04)	https://raw.githubusercontent.com/sfzinstruments/SalamanderGrandPiano/master/Samples/C7v1.flac	leading-silence trim: see Data/vel_XX.txt $OFFnn (samples @48k)
grand-sustain	required	C7v4.flac	96	401277	CC-BY-3.0 (author declared public domain 2022-03-04)	https://raw.githubusercontent.com/sfzinstruments/SalamanderGrandPiano/master/Samples/C7v4.flac	leading-silence trim: see Data/vel_XX.txt $OFFnn (samples @48k)
grand-sustain	required	C7v7.flac	96	441141	CC-BY-3.0 (author declared public domain 2022-03-04)	https://raw.githubusercontent.com/sfzinstruments/SalamanderGrandPiano/master/Samples/C7v7.flac	leading-silence trim: see Data/vel_XX.txt $OFFnn (samples @48k)
grand-sustain	required	C7v10.flac	96	459825	CC-BY-3.0 (author declared public domain 2022-03-04)	https://raw.githubusercontent.com/sfzinstruments/SalamanderGrandPiano/master/Samples/C7v10.flac	leading-silence trim: see Data/vel_XX.txt $OFFnn (samples @48k)
grand-sustain	required	C7v13.flac	96	470922	CC-BY-3.0 (author declared public domain 2022-03-04)	https://raw.githubusercontent.com/sfzinstruments/SalamanderGrandPiano/master/Samples/C7v13.flac	leading-silence trim: see Data/vel_XX.txt $OFFnn (samples @48k)
grand-sustain	required	C7v16.flac	96	462505	CC-BY-3.0 (author declared public domain 2022-03-04)	https://raw.githubusercontent.com/sfzinstruments/SalamanderGrandPiano/master/Samples/C7v16.flac	leading-silence trim: see Data/vel_XX.txt $OFFnn (samples @48k)
grand-sustain	required	D#7v1.flac	99	486944	CC-BY-3.0 (author declared public domain 2022-03-04)	https://raw.githubusercontent.com/sfzinstruments/SalamanderGrandPiano/master/Samples/D%237v1.flac	leading-silence trim: see Data/vel_XX.txt $OFFnn (samples @48k)
grand-sustain	required	D#7v4.flac	99	473644	CC-BY-3.0 (author declared public domain 2022-03-04)	https://raw.githubusercontent.com/sfzinstruments/SalamanderGrandPiano/master/Samples/D%237v4.flac	leading-silence trim: see Data/vel_XX.txt $OFFnn (samples @48k)
grand-sustain	required	D#7v7.flac	99	475024	CC-BY-3.0 (author declared public domain 2022-03-04)	https://raw.githubusercontent.com/sfzinstruments/SalamanderGrandPiano/master/Samples/D%237v7.flac	leading-silence trim: see Data/vel_XX.txt $OFFnn (samples @48k)
grand-sustain	required	D#7v10.flac	99	489991	CC-BY-3.0 (author declared public domain 2022-03-04)	https://raw.githubusercontent.com/sfzinstruments/SalamanderGrandPiano/master/Samples/D%237v10.flac	leading-silence trim: see Data/vel_XX.txt $OFFnn (samples @48k)
grand-sustain	required	D#7v13.flac	99	483234	CC-BY-3.0 (author declared public domain 2022-03-04)	https://raw.githubusercontent.com/sfzinstruments/SalamanderGrandPiano/master/Samples/D%237v13.flac	leading-silence trim: see Data/vel_XX.txt $OFFnn (samples @48k)
grand-sustain	required	D#7v16.flac	99	551221	CC-BY-3.0 (author declared public domain 2022-03-04)	https://raw.githubusercontent.com/sfzinstruments/SalamanderGrandPiano/master/Samples/D%237v16.flac	leading-silence trim: see Data/vel_XX.txt $OFFnn (samples @48k)
grand-sustain	required	F#7v1.flac	102	585050	CC-BY-3.0 (author declared public domain 2022-03-04)	https://raw.githubusercontent.com/sfzinstruments/SalamanderGrandPiano/master/Samples/F%237v1.flac	leading-silence trim: see Data/vel_XX.txt $OFFnn (samples @48k)
grand-sustain	required	F#7v4.flac	102	570635	CC-BY-3.0 (author declared public domain 2022-03-04)	https://raw.githubusercontent.com/sfzinstruments/SalamanderGrandPiano/master/Samples/F%237v4.flac	leading-silence trim: see Data/vel_XX.txt $OFFnn (samples @48k)
grand-sustain	required	F#7v7.flac	102	555659	CC-BY-3.0 (author declared public domain 2022-03-04)	https://raw.githubusercontent.com/sfzinstruments/SalamanderGrandPiano/master/Samples/F%237v7.flac	leading-silence trim: see Data/vel_XX.txt $OFFnn (samples @48k)
grand-sustain	required	F#7v10.flac	102	573186	CC-BY-3.0 (author declared public domain 2022-03-04)	https://raw.githubusercontent.com/sfzinstruments/SalamanderGrandPiano/master/Samples/F%237v10.flac	leading-silence trim: see Data/vel_XX.txt $OFFnn (samples @48k)
grand-sustain	required	F#7v13.flac	102	572098	CC-BY-3.0 (author declared public domain 2022-03-04)	https://raw.githubusercontent.com/sfzinstruments/SalamanderGrandPiano/master/Samples/F%237v13.flac	leading-silence trim: see Data/vel_XX.txt $OFFnn (samples @48k)
grand-sustain	required	F#7v16.flac	102	565916	CC-BY-3.0 (author declared public domain 2022-03-04)	https://raw.githubusercontent.com/sfzinstruments/SalamanderGrandPiano/master/Samples/F%237v16.flac	leading-silence trim: see Data/vel_XX.txt $OFFnn (samples @48k)
grand-sustain	required	A7v1.flac	105	241393	CC-BY-3.0 (author declared public domain 2022-03-04)	https://raw.githubusercontent.com/sfzinstruments/SalamanderGrandPiano/master/Samples/A7v1.flac	leading-silence trim: see Data/vel_XX.txt $OFFnn (samples @48k)
grand-sustain	required	A7v4.flac	105	366018	CC-BY-3.0 (author declared public domain 2022-03-04)	https://raw.githubusercontent.com/sfzinstruments/SalamanderGrandPiano/master/Samples/A7v4.flac	leading-silence trim: see Data/vel_XX.txt $OFFnn (samples @48k)
grand-sustain	required	A7v7.flac	105	349834	CC-BY-3.0 (author declared public domain 2022-03-04)	https://raw.githubusercontent.com/sfzinstruments/SalamanderGrandPiano/master/Samples/A7v7.flac	leading-silence trim: see Data/vel_XX.txt $OFFnn (samples @48k)
grand-sustain	required	A7v10.flac	105	377699	CC-BY-3.0 (author declared public domain 2022-03-04)	https://raw.githubusercontent.com/sfzinstruments/SalamanderGrandPiano/master/Samples/A7v10.flac	leading-silence trim: see Data/vel_XX.txt $OFFnn (samples @48k)
grand-sustain	required	A7v13.flac	105	384467	CC-BY-3.0 (author declared public domain 2022-03-04)	https://raw.githubusercontent.com/sfzinstruments/SalamanderGrandPiano/master/Samples/A7v13.flac	leading-silence trim: see Data/vel_XX.txt $OFFnn (samples @48k)
grand-sustain	required	A7v16.flac	105	384330	CC-BY-3.0 (author declared public domain 2022-03-04)	https://raw.githubusercontent.com/sfzinstruments/SalamanderGrandPiano/master/Samples/A7v16.flac	leading-silence trim: see Data/vel_XX.txt $OFFnn (samples @48k)
grand-sustain	required	C8v1.flac	108	331147	CC-BY-3.0 (author declared public domain 2022-03-04)	https://raw.githubusercontent.com/sfzinstruments/SalamanderGrandPiano/master/Samples/C8v1.flac	leading-silence trim: see Data/vel_XX.txt $OFFnn (samples @48k)
grand-sustain	required	C8v4.flac	108	306364	CC-BY-3.0 (author declared public domain 2022-03-04)	https://raw.githubusercontent.com/sfzinstruments/SalamanderGrandPiano/master/Samples/C8v4.flac	leading-silence trim: see Data/vel_XX.txt $OFFnn (samples @48k)
grand-sustain	required	C8v7.flac	108	395305	CC-BY-3.0 (author declared public domain 2022-03-04)	https://raw.githubusercontent.com/sfzinstruments/SalamanderGrandPiano/master/Samples/C8v7.flac	leading-silence trim: see Data/vel_XX.txt $OFFnn (samples @48k)
grand-sustain	required	C8v10.flac	108	412965	CC-BY-3.0 (author declared public domain 2022-03-04)	https://raw.githubusercontent.com/sfzinstruments/SalamanderGrandPiano/master/Samples/C8v10.flac	leading-silence trim: see Data/vel_XX.txt $OFFnn (samples @48k)
grand-sustain	required	C8v13.flac	108	443825	CC-BY-3.0 (author declared public domain 2022-03-04)	https://raw.githubusercontent.com/sfzinstruments/SalamanderGrandPiano/master/Samples/C8v13.flac	leading-silence trim: see Data/vel_XX.txt $OFFnn (samples @48k)
grand-sustain	required	C8v16.flac	108	421807	CC-BY-3.0 (author declared public domain 2022-03-04)	https://raw.githubusercontent.com/sfzinstruments/SalamanderGrandPiano/master/Samples/C8v16.flac	leading-silence trim: see Data/vel_XX.txt $OFFnn (samples @48k)
grand-release	required	rel1.flac	21	65800	CC-BY-3.0 (author declared public domain 2022-03-04)	https://raw.githubusercontent.com/sfzinstruments/SalamanderGrandPiano/master/Samples/rel1.flac	key-release (damper/hammer) noise, 1 per key
grand-release	required	rel2.flac	22	65814	CC-BY-3.0 (author declared public domain 2022-03-04)	https://raw.githubusercontent.com/sfzinstruments/SalamanderGrandPiano/master/Samples/rel2.flac	key-release (damper/hammer) noise, 1 per key
grand-release	required	rel3.flac	23	62713	CC-BY-3.0 (author declared public domain 2022-03-04)	https://raw.githubusercontent.com/sfzinstruments/SalamanderGrandPiano/master/Samples/rel3.flac	key-release (damper/hammer) noise, 1 per key
grand-release	required	rel4.flac	24	65645	CC-BY-3.0 (author declared public domain 2022-03-04)	https://raw.githubusercontent.com/sfzinstruments/SalamanderGrandPiano/master/Samples/rel4.flac	key-release (damper/hammer) noise, 1 per key
grand-release	required	rel5.flac	25	67904	CC-BY-3.0 (author declared public domain 2022-03-04)	https://raw.githubusercontent.com/sfzinstruments/SalamanderGrandPiano/master/Samples/rel5.flac	key-release (damper/hammer) noise, 1 per key
grand-release	required	rel6.flac	26	64228	CC-BY-3.0 (author declared public domain 2022-03-04)	https://raw.githubusercontent.com/sfzinstruments/SalamanderGrandPiano/master/Samples/rel6.flac	key-release (damper/hammer) noise, 1 per key
grand-release	required	rel7.flac	27	65815	CC-BY-3.0 (author declared public domain 2022-03-04)	https://raw.githubusercontent.com/sfzinstruments/SalamanderGrandPiano/master/Samples/rel7.flac	key-release (damper/hammer) noise, 1 per key
grand-release	required	rel8.flac	28	66131	CC-BY-3.0 (author declared public domain 2022-03-04)	https://raw.githubusercontent.com/sfzinstruments/SalamanderGrandPiano/master/Samples/rel8.flac	key-release (damper/hammer) noise, 1 per key
grand-release	required	rel9.flac	29	63913	CC-BY-3.0 (author declared public domain 2022-03-04)	https://raw.githubusercontent.com/sfzinstruments/SalamanderGrandPiano/master/Samples/rel9.flac	key-release (damper/hammer) noise, 1 per key
grand-release	required	rel10.flac	30	64739	CC-BY-3.0 (author declared public domain 2022-03-04)	https://raw.githubusercontent.com/sfzinstruments/SalamanderGrandPiano/master/Samples/rel10.flac	key-release (damper/hammer) noise, 1 per key
grand-release	required	rel11.flac	31	62880	CC-BY-3.0 (author declared public domain 2022-03-04)	https://raw.githubusercontent.com/sfzinstruments/SalamanderGrandPiano/master/Samples/rel11.flac	key-release (damper/hammer) noise, 1 per key
grand-release	required	rel12.flac	32	65049	CC-BY-3.0 (author declared public domain 2022-03-04)	https://raw.githubusercontent.com/sfzinstruments/SalamanderGrandPiano/master/Samples/rel12.flac	key-release (damper/hammer) noise, 1 per key
grand-release	required	rel13.flac	33	63589	CC-BY-3.0 (author declared public domain 2022-03-04)	https://raw.githubusercontent.com/sfzinstruments/SalamanderGrandPiano/master/Samples/rel13.flac	key-release (damper/hammer) noise, 1 per key
grand-release	required	rel14.flac	34	65184	CC-BY-3.0 (author declared public domain 2022-03-04)	https://raw.githubusercontent.com/sfzinstruments/SalamanderGrandPiano/master/Samples/rel14.flac	key-release (damper/hammer) noise, 1 per key
grand-release	required	rel15.flac	35	64733	CC-BY-3.0 (author declared public domain 2022-03-04)	https://raw.githubusercontent.com/sfzinstruments/SalamanderGrandPiano/master/Samples/rel15.flac	key-release (damper/hammer) noise, 1 per key
grand-release	required	rel16.flac	36	64941	CC-BY-3.0 (author declared public domain 2022-03-04)	https://raw.githubusercontent.com/sfzinstruments/SalamanderGrandPiano/master/Samples/rel16.flac	key-release (damper/hammer) noise, 1 per key
grand-release	required	rel17.flac	37	63124	CC-BY-3.0 (author declared public domain 2022-03-04)	https://raw.githubusercontent.com/sfzinstruments/SalamanderGrandPiano/master/Samples/rel17.flac	key-release (damper/hammer) noise, 1 per key
grand-release	required	rel18.flac	38	64463	CC-BY-3.0 (author declared public domain 2022-03-04)	https://raw.githubusercontent.com/sfzinstruments/SalamanderGrandPiano/master/Samples/rel18.flac	key-release (damper/hammer) noise, 1 per key
grand-release	required	rel19.flac	39	65818	CC-BY-3.0 (author declared public domain 2022-03-04)	https://raw.githubusercontent.com/sfzinstruments/SalamanderGrandPiano/master/Samples/rel19.flac	key-release (damper/hammer) noise, 1 per key
grand-release	required	rel20.flac	40	63266	CC-BY-3.0 (author declared public domain 2022-03-04)	https://raw.githubusercontent.com/sfzinstruments/SalamanderGrandPiano/master/Samples/rel20.flac	key-release (damper/hammer) noise, 1 per key
grand-release	required	rel21.flac	41	61488	CC-BY-3.0 (author declared public domain 2022-03-04)	https://raw.githubusercontent.com/sfzinstruments/SalamanderGrandPiano/master/Samples/rel21.flac	key-release (damper/hammer) noise, 1 per key
grand-release	required	rel22.flac	42	62347	CC-BY-3.0 (author declared public domain 2022-03-04)	https://raw.githubusercontent.com/sfzinstruments/SalamanderGrandPiano/master/Samples/rel22.flac	key-release (damper/hammer) noise, 1 per key
grand-release	required	rel23.flac	43	63501	CC-BY-3.0 (author declared public domain 2022-03-04)	https://raw.githubusercontent.com/sfzinstruments/SalamanderGrandPiano/master/Samples/rel23.flac	key-release (damper/hammer) noise, 1 per key
grand-release	required	rel24.flac	44	63789	CC-BY-3.0 (author declared public domain 2022-03-04)	https://raw.githubusercontent.com/sfzinstruments/SalamanderGrandPiano/master/Samples/rel24.flac	key-release (damper/hammer) noise, 1 per key
grand-release	required	rel25.flac	45	63836	CC-BY-3.0 (author declared public domain 2022-03-04)	https://raw.githubusercontent.com/sfzinstruments/SalamanderGrandPiano/master/Samples/rel25.flac	key-release (damper/hammer) noise, 1 per key
grand-release	required	rel26.flac	46	64540	CC-BY-3.0 (author declared public domain 2022-03-04)	https://raw.githubusercontent.com/sfzinstruments/SalamanderGrandPiano/master/Samples/rel26.flac	key-release (damper/hammer) noise, 1 per key
grand-release	required	rel27.flac	47	63514	CC-BY-3.0 (author declared public domain 2022-03-04)	https://raw.githubusercontent.com/sfzinstruments/SalamanderGrandPiano/master/Samples/rel27.flac	key-release (damper/hammer) noise, 1 per key
grand-release	required	rel28.flac	48	62755	CC-BY-3.0 (author declared public domain 2022-03-04)	https://raw.githubusercontent.com/sfzinstruments/SalamanderGrandPiano/master/Samples/rel28.flac	key-release (damper/hammer) noise, 1 per key
grand-release	required	rel29.flac	49	64416	CC-BY-3.0 (author declared public domain 2022-03-04)	https://raw.githubusercontent.com/sfzinstruments/SalamanderGrandPiano/master/Samples/rel29.flac	key-release (damper/hammer) noise, 1 per key
grand-release	required	rel30.flac	50	62281	CC-BY-3.0 (author declared public domain 2022-03-04)	https://raw.githubusercontent.com/sfzinstruments/SalamanderGrandPiano/master/Samples/rel30.flac	key-release (damper/hammer) noise, 1 per key
grand-release	required	rel31.flac	51	64405	CC-BY-3.0 (author declared public domain 2022-03-04)	https://raw.githubusercontent.com/sfzinstruments/SalamanderGrandPiano/master/Samples/rel31.flac	key-release (damper/hammer) noise, 1 per key
grand-release	required	rel32.flac	52	63896	CC-BY-3.0 (author declared public domain 2022-03-04)	https://raw.githubusercontent.com/sfzinstruments/SalamanderGrandPiano/master/Samples/rel32.flac	key-release (damper/hammer) noise, 1 per key
grand-release	required	rel33.flac	53	65237	CC-BY-3.0 (author declared public domain 2022-03-04)	https://raw.githubusercontent.com/sfzinstruments/SalamanderGrandPiano/master/Samples/rel33.flac	key-release (damper/hammer) noise, 1 per key
grand-release	required	rel34.flac	54	65028	CC-BY-3.0 (author declared public domain 2022-03-04)	https://raw.githubusercontent.com/sfzinstruments/SalamanderGrandPiano/master/Samples/rel34.flac	key-release (damper/hammer) noise, 1 per key
grand-release	required	rel35.flac	55	62480	CC-BY-3.0 (author declared public domain 2022-03-04)	https://raw.githubusercontent.com/sfzinstruments/SalamanderGrandPiano/master/Samples/rel35.flac	key-release (damper/hammer) noise, 1 per key
grand-release	required	rel36.flac	56	63338	CC-BY-3.0 (author declared public domain 2022-03-04)	https://raw.githubusercontent.com/sfzinstruments/SalamanderGrandPiano/master/Samples/rel36.flac	key-release (damper/hammer) noise, 1 per key
grand-release	required	rel37.flac	57	63314	CC-BY-3.0 (author declared public domain 2022-03-04)	https://raw.githubusercontent.com/sfzinstruments/SalamanderGrandPiano/master/Samples/rel37.flac	key-release (damper/hammer) noise, 1 per key
grand-release	required	rel38.flac	58	62182	CC-BY-3.0 (author declared public domain 2022-03-04)	https://raw.githubusercontent.com/sfzinstruments/SalamanderGrandPiano/master/Samples/rel38.flac	key-release (damper/hammer) noise, 1 per key
grand-release	required	rel39.flac	59	62861	CC-BY-3.0 (author declared public domain 2022-03-04)	https://raw.githubusercontent.com/sfzinstruments/SalamanderGrandPiano/master/Samples/rel39.flac	key-release (damper/hammer) noise, 1 per key
grand-release	required	rel40.flac	60	63966	CC-BY-3.0 (author declared public domain 2022-03-04)	https://raw.githubusercontent.com/sfzinstruments/SalamanderGrandPiano/master/Samples/rel40.flac	key-release (damper/hammer) noise, 1 per key
grand-release	required	rel41.flac	61	62226	CC-BY-3.0 (author declared public domain 2022-03-04)	https://raw.githubusercontent.com/sfzinstruments/SalamanderGrandPiano/master/Samples/rel41.flac	key-release (damper/hammer) noise, 1 per key
grand-release	required	rel42.flac	62	63106	CC-BY-3.0 (author declared public domain 2022-03-04)	https://raw.githubusercontent.com/sfzinstruments/SalamanderGrandPiano/master/Samples/rel42.flac	key-release (damper/hammer) noise, 1 per key
grand-release	required	rel43.flac	63	61000	CC-BY-3.0 (author declared public domain 2022-03-04)	https://raw.githubusercontent.com/sfzinstruments/SalamanderGrandPiano/master/Samples/rel43.flac	key-release (damper/hammer) noise, 1 per key
grand-release	required	rel44.flac	64	64654	CC-BY-3.0 (author declared public domain 2022-03-04)	https://raw.githubusercontent.com/sfzinstruments/SalamanderGrandPiano/master/Samples/rel44.flac	key-release (damper/hammer) noise, 1 per key
grand-release	required	rel45.flac	65	64774	CC-BY-3.0 (author declared public domain 2022-03-04)	https://raw.githubusercontent.com/sfzinstruments/SalamanderGrandPiano/master/Samples/rel45.flac	key-release (damper/hammer) noise, 1 per key
grand-release	required	rel46.flac	66	60464	CC-BY-3.0 (author declared public domain 2022-03-04)	https://raw.githubusercontent.com/sfzinstruments/SalamanderGrandPiano/master/Samples/rel46.flac	key-release (damper/hammer) noise, 1 per key
grand-release	required	rel47.flac	67	63775	CC-BY-3.0 (author declared public domain 2022-03-04)	https://raw.githubusercontent.com/sfzinstruments/SalamanderGrandPiano/master/Samples/rel47.flac	key-release (damper/hammer) noise, 1 per key
grand-release	required	rel48.flac	68	62870	CC-BY-3.0 (author declared public domain 2022-03-04)	https://raw.githubusercontent.com/sfzinstruments/SalamanderGrandPiano/master/Samples/rel48.flac	key-release (damper/hammer) noise, 1 per key
grand-release	required	rel49.flac	69	65187	CC-BY-3.0 (author declared public domain 2022-03-04)	https://raw.githubusercontent.com/sfzinstruments/SalamanderGrandPiano/master/Samples/rel49.flac	key-release (damper/hammer) noise, 1 per key
grand-release	required	rel50.flac	70	64851	CC-BY-3.0 (author declared public domain 2022-03-04)	https://raw.githubusercontent.com/sfzinstruments/SalamanderGrandPiano/master/Samples/rel50.flac	key-release (damper/hammer) noise, 1 per key
grand-release	required	rel51.flac	71	64456	CC-BY-3.0 (author declared public domain 2022-03-04)	https://raw.githubusercontent.com/sfzinstruments/SalamanderGrandPiano/master/Samples/rel51.flac	key-release (damper/hammer) noise, 1 per key
grand-release	required	rel52.flac	72	61757	CC-BY-3.0 (author declared public domain 2022-03-04)	https://raw.githubusercontent.com/sfzinstruments/SalamanderGrandPiano/master/Samples/rel52.flac	key-release (damper/hammer) noise, 1 per key
grand-release	required	rel53.flac	73	65363	CC-BY-3.0 (author declared public domain 2022-03-04)	https://raw.githubusercontent.com/sfzinstruments/SalamanderGrandPiano/master/Samples/rel53.flac	key-release (damper/hammer) noise, 1 per key
grand-release	required	rel54.flac	74	64475	CC-BY-3.0 (author declared public domain 2022-03-04)	https://raw.githubusercontent.com/sfzinstruments/SalamanderGrandPiano/master/Samples/rel54.flac	key-release (damper/hammer) noise, 1 per key
grand-release	required	rel55.flac	75	60317	CC-BY-3.0 (author declared public domain 2022-03-04)	https://raw.githubusercontent.com/sfzinstruments/SalamanderGrandPiano/master/Samples/rel55.flac	key-release (damper/hammer) noise, 1 per key
grand-release	required	rel56.flac	76	60661	CC-BY-3.0 (author declared public domain 2022-03-04)	https://raw.githubusercontent.com/sfzinstruments/SalamanderGrandPiano/master/Samples/rel56.flac	key-release (damper/hammer) noise, 1 per key
grand-release	required	rel57.flac	77	62320	CC-BY-3.0 (author declared public domain 2022-03-04)	https://raw.githubusercontent.com/sfzinstruments/SalamanderGrandPiano/master/Samples/rel57.flac	key-release (damper/hammer) noise, 1 per key
grand-release	required	rel58.flac	78	62869	CC-BY-3.0 (author declared public domain 2022-03-04)	https://raw.githubusercontent.com/sfzinstruments/SalamanderGrandPiano/master/Samples/rel58.flac	key-release (damper/hammer) noise, 1 per key
grand-release	required	rel59.flac	79	64365	CC-BY-3.0 (author declared public domain 2022-03-04)	https://raw.githubusercontent.com/sfzinstruments/SalamanderGrandPiano/master/Samples/rel59.flac	key-release (damper/hammer) noise, 1 per key
grand-release	required	rel60.flac	80	62794	CC-BY-3.0 (author declared public domain 2022-03-04)	https://raw.githubusercontent.com/sfzinstruments/SalamanderGrandPiano/master/Samples/rel60.flac	key-release (damper/hammer) noise, 1 per key
grand-release	required	rel61.flac	81	62634	CC-BY-3.0 (author declared public domain 2022-03-04)	https://raw.githubusercontent.com/sfzinstruments/SalamanderGrandPiano/master/Samples/rel61.flac	key-release (damper/hammer) noise, 1 per key
grand-release	required	rel62.flac	82	64289	CC-BY-3.0 (author declared public domain 2022-03-04)	https://raw.githubusercontent.com/sfzinstruments/SalamanderGrandPiano/master/Samples/rel62.flac	key-release (damper/hammer) noise, 1 per key
grand-release	required	rel63.flac	83	63445	CC-BY-3.0 (author declared public domain 2022-03-04)	https://raw.githubusercontent.com/sfzinstruments/SalamanderGrandPiano/master/Samples/rel63.flac	key-release (damper/hammer) noise, 1 per key
grand-release	required	rel64.flac	84	61812	CC-BY-3.0 (author declared public domain 2022-03-04)	https://raw.githubusercontent.com/sfzinstruments/SalamanderGrandPiano/master/Samples/rel64.flac	key-release (damper/hammer) noise, 1 per key
grand-release	required	rel65.flac	85	63777	CC-BY-3.0 (author declared public domain 2022-03-04)	https://raw.githubusercontent.com/sfzinstruments/SalamanderGrandPiano/master/Samples/rel65.flac	key-release (damper/hammer) noise, 1 per key
grand-release	required	rel66.flac	86	63113	CC-BY-3.0 (author declared public domain 2022-03-04)	https://raw.githubusercontent.com/sfzinstruments/SalamanderGrandPiano/master/Samples/rel66.flac	key-release (damper/hammer) noise, 1 per key
grand-release	required	rel67.flac	87	62209	CC-BY-3.0 (author declared public domain 2022-03-04)	https://raw.githubusercontent.com/sfzinstruments/SalamanderGrandPiano/master/Samples/rel67.flac	key-release (damper/hammer) noise, 1 per key
grand-release	required	rel68.flac	88	63016	CC-BY-3.0 (author declared public domain 2022-03-04)	https://raw.githubusercontent.com/sfzinstruments/SalamanderGrandPiano/master/Samples/rel68.flac	key-release (damper/hammer) noise, 1 per key
grand-release	required	rel69.flac	89	63634	CC-BY-3.0 (author declared public domain 2022-03-04)	https://raw.githubusercontent.com/sfzinstruments/SalamanderGrandPiano/master/Samples/rel69.flac	key-release (damper/hammer) noise, 1 per key
grand-release	required	rel70.flac	90	62235	CC-BY-3.0 (author declared public domain 2022-03-04)	https://raw.githubusercontent.com/sfzinstruments/SalamanderGrandPiano/master/Samples/rel70.flac	key-release (damper/hammer) noise, 1 per key
grand-release	required	rel71.flac	91	64302	CC-BY-3.0 (author declared public domain 2022-03-04)	https://raw.githubusercontent.com/sfzinstruments/SalamanderGrandPiano/master/Samples/rel71.flac	key-release (damper/hammer) noise, 1 per key
grand-release	required	rel72.flac	92	64955	CC-BY-3.0 (author declared public domain 2022-03-04)	https://raw.githubusercontent.com/sfzinstruments/SalamanderGrandPiano/master/Samples/rel72.flac	key-release (damper/hammer) noise, 1 per key
grand-release	required	rel73.flac	93	65240	CC-BY-3.0 (author declared public domain 2022-03-04)	https://raw.githubusercontent.com/sfzinstruments/SalamanderGrandPiano/master/Samples/rel73.flac	key-release (damper/hammer) noise, 1 per key
grand-release	required	rel74.flac	94	63103	CC-BY-3.0 (author declared public domain 2022-03-04)	https://raw.githubusercontent.com/sfzinstruments/SalamanderGrandPiano/master/Samples/rel74.flac	key-release (damper/hammer) noise, 1 per key
grand-release	required	rel75.flac	95	62389	CC-BY-3.0 (author declared public domain 2022-03-04)	https://raw.githubusercontent.com/sfzinstruments/SalamanderGrandPiano/master/Samples/rel75.flac	key-release (damper/hammer) noise, 1 per key
grand-release	required	rel76.flac	96	55686	CC-BY-3.0 (author declared public domain 2022-03-04)	https://raw.githubusercontent.com/sfzinstruments/SalamanderGrandPiano/master/Samples/rel76.flac	key-release (damper/hammer) noise, 1 per key
grand-release	required	rel77.flac	97	64076	CC-BY-3.0 (author declared public domain 2022-03-04)	https://raw.githubusercontent.com/sfzinstruments/SalamanderGrandPiano/master/Samples/rel77.flac	key-release (damper/hammer) noise, 1 per key
grand-release	required	rel78.flac	98	64028	CC-BY-3.0 (author declared public domain 2022-03-04)	https://raw.githubusercontent.com/sfzinstruments/SalamanderGrandPiano/master/Samples/rel78.flac	key-release (damper/hammer) noise, 1 per key
grand-release	required	rel79.flac	99	65881	CC-BY-3.0 (author declared public domain 2022-03-04)	https://raw.githubusercontent.com/sfzinstruments/SalamanderGrandPiano/master/Samples/rel79.flac	key-release (damper/hammer) noise, 1 per key
grand-release	required	rel80.flac	100	66306	CC-BY-3.0 (author declared public domain 2022-03-04)	https://raw.githubusercontent.com/sfzinstruments/SalamanderGrandPiano/master/Samples/rel80.flac	key-release (damper/hammer) noise, 1 per key
grand-release	required	rel81.flac	101	58584	CC-BY-3.0 (author declared public domain 2022-03-04)	https://raw.githubusercontent.com/sfzinstruments/SalamanderGrandPiano/master/Samples/rel81.flac	key-release (damper/hammer) noise, 1 per key
grand-release	required	rel82.flac	102	67693	CC-BY-3.0 (author declared public domain 2022-03-04)	https://raw.githubusercontent.com/sfzinstruments/SalamanderGrandPiano/master/Samples/rel82.flac	key-release (damper/hammer) noise, 1 per key
grand-release	required	rel83.flac	103	65751	CC-BY-3.0 (author declared public domain 2022-03-04)	https://raw.githubusercontent.com/sfzinstruments/SalamanderGrandPiano/master/Samples/rel83.flac	key-release (damper/hammer) noise, 1 per key
grand-release	required	rel84.flac	104	65091	CC-BY-3.0 (author declared public domain 2022-03-04)	https://raw.githubusercontent.com/sfzinstruments/SalamanderGrandPiano/master/Samples/rel84.flac	key-release (damper/hammer) noise, 1 per key
grand-release	required	rel85.flac	105	64606	CC-BY-3.0 (author declared public domain 2022-03-04)	https://raw.githubusercontent.com/sfzinstruments/SalamanderGrandPiano/master/Samples/rel85.flac	key-release (damper/hammer) noise, 1 per key
grand-release	required	rel86.flac	106	66664	CC-BY-3.0 (author declared public domain 2022-03-04)	https://raw.githubusercontent.com/sfzinstruments/SalamanderGrandPiano/master/Samples/rel86.flac	key-release (damper/hammer) noise, 1 per key
grand-release	required	rel87.flac	107	64663	CC-BY-3.0 (author declared public domain 2022-03-04)	https://raw.githubusercontent.com/sfzinstruments/SalamanderGrandPiano/master/Samples/rel87.flac	key-release (damper/hammer) noise, 1 per key
grand-release	required	rel88.flac	108	63299	CC-BY-3.0 (author declared public domain 2022-03-04)	https://raw.githubusercontent.com/sfzinstruments/SalamanderGrandPiano/master/Samples/rel88.flac	key-release (damper/hammer) noise, 1 per key
grand-pedal	required	pedalD1.flac		824409	CC-BY-3.0 (author declared public domain 2022-03-04)	https://raw.githubusercontent.com/sfzinstruments/SalamanderGrandPiano/master/Samples/pedalD1.flac	D=pedal down, U=pedal up; 2 round robins each
grand-pedal	required	pedalD2.flac		832915	CC-BY-3.0 (author declared public domain 2022-03-04)	https://raw.githubusercontent.com/sfzinstruments/SalamanderGrandPiano/master/Samples/pedalD2.flac	D=pedal down, U=pedal up; 2 round robins each
grand-pedal	required	pedalU1.flac		77855	CC-BY-3.0 (author declared public domain 2022-03-04)	https://raw.githubusercontent.com/sfzinstruments/SalamanderGrandPiano/master/Samples/pedalU1.flac	D=pedal down, U=pedal up; 2 round robins each
grand-pedal	required	pedalU2.flac		67694	CC-BY-3.0 (author declared public domain 2022-03-04)	https://raw.githubusercontent.com/sfzinstruments/SalamanderGrandPiano/master/Samples/pedalU2.flac	D=pedal down, U=pedal up; 2 round robins each
grand-string-resonance	optional	harmLA0.flac	21	255386	CC-BY-3.0 (author declared public domain 2022-03-04)	https://raw.githubusercontent.com/sfzinstruments/SalamanderGrandPiano/master/Samples/harmLA0.flac	release string resonance: harmL vel>=45, harmS vel<=44
grand-string-resonance	optional	harmLA1.flac	33	272244	CC-BY-3.0 (author declared public domain 2022-03-04)	https://raw.githubusercontent.com/sfzinstruments/SalamanderGrandPiano/master/Samples/harmLA1.flac	release string resonance: harmL vel>=45, harmS vel<=44
grand-string-resonance	optional	harmLA2.flac	45	263110	CC-BY-3.0 (author declared public domain 2022-03-04)	https://raw.githubusercontent.com/sfzinstruments/SalamanderGrandPiano/master/Samples/harmLA2.flac	release string resonance: harmL vel>=45, harmS vel<=44
grand-string-resonance	optional	harmLA3.flac	57	252726	CC-BY-3.0 (author declared public domain 2022-03-04)	https://raw.githubusercontent.com/sfzinstruments/SalamanderGrandPiano/master/Samples/harmLA3.flac	release string resonance: harmL vel>=45, harmS vel<=44
grand-string-resonance	optional	harmLA4.flac	69	264718	CC-BY-3.0 (author declared public domain 2022-03-04)	https://raw.githubusercontent.com/sfzinstruments/SalamanderGrandPiano/master/Samples/harmLA4.flac	release string resonance: harmL vel>=45, harmS vel<=44
grand-string-resonance	optional	harmLA5.flac	81	259336	CC-BY-3.0 (author declared public domain 2022-03-04)	https://raw.githubusercontent.com/sfzinstruments/SalamanderGrandPiano/master/Samples/harmLA5.flac	release string resonance: harmL vel>=45, harmS vel<=44
grand-string-resonance	optional	harmLC1.flac	24	263110	CC-BY-3.0 (author declared public domain 2022-03-04)	https://raw.githubusercontent.com/sfzinstruments/SalamanderGrandPiano/master/Samples/harmLC1.flac	release string resonance: harmL vel>=45, harmS vel<=44
grand-string-resonance	optional	harmLC2.flac	36	258318	CC-BY-3.0 (author declared public domain 2022-03-04)	https://raw.githubusercontent.com/sfzinstruments/SalamanderGrandPiano/master/Samples/harmLC2.flac	release string resonance: harmL vel>=45, harmS vel<=44
grand-string-resonance	optional	harmLC3.flac	48	253633	CC-BY-3.0 (author declared public domain 2022-03-04)	https://raw.githubusercontent.com/sfzinstruments/SalamanderGrandPiano/master/Samples/harmLC3.flac	release string resonance: harmL vel>=45, harmS vel<=44
grand-string-resonance	optional	harmLC4.flac	60	259274	CC-BY-3.0 (author declared public domain 2022-03-04)	https://raw.githubusercontent.com/sfzinstruments/SalamanderGrandPiano/master/Samples/harmLC4.flac	release string resonance: harmL vel>=45, harmS vel<=44
grand-string-resonance	optional	harmLC5.flac	72	256165	CC-BY-3.0 (author declared public domain 2022-03-04)	https://raw.githubusercontent.com/sfzinstruments/SalamanderGrandPiano/master/Samples/harmLC5.flac	release string resonance: harmL vel>=45, harmS vel<=44
grand-string-resonance	optional	harmLC6.flac	84	250074	CC-BY-3.0 (author declared public domain 2022-03-04)	https://raw.githubusercontent.com/sfzinstruments/SalamanderGrandPiano/master/Samples/harmLC6.flac	release string resonance: harmL vel>=45, harmS vel<=44
grand-string-resonance	optional	harmLD#1.flac	27	257266	CC-BY-3.0 (author declared public domain 2022-03-04)	https://raw.githubusercontent.com/sfzinstruments/SalamanderGrandPiano/master/Samples/harmLD%231.flac	release string resonance: harmL vel>=45, harmS vel<=44
grand-string-resonance	optional	harmLD#2.flac	39	261928	CC-BY-3.0 (author declared public domain 2022-03-04)	https://raw.githubusercontent.com/sfzinstruments/SalamanderGrandPiano/master/Samples/harmLD%232.flac	release string resonance: harmL vel>=45, harmS vel<=44
grand-string-resonance	optional	harmLD#3.flac	51	261096	CC-BY-3.0 (author declared public domain 2022-03-04)	https://raw.githubusercontent.com/sfzinstruments/SalamanderGrandPiano/master/Samples/harmLD%233.flac	release string resonance: harmL vel>=45, harmS vel<=44
grand-string-resonance	optional	harmLD#4.flac	63	256379	CC-BY-3.0 (author declared public domain 2022-03-04)	https://raw.githubusercontent.com/sfzinstruments/SalamanderGrandPiano/master/Samples/harmLD%234.flac	release string resonance: harmL vel>=45, harmS vel<=44
grand-string-resonance	optional	harmLD#5.flac	75	263332	CC-BY-3.0 (author declared public domain 2022-03-04)	https://raw.githubusercontent.com/sfzinstruments/SalamanderGrandPiano/master/Samples/harmLD%235.flac	release string resonance: harmL vel>=45, harmS vel<=44
grand-string-resonance	optional	harmLD#6.flac	87	256813	CC-BY-3.0 (author declared public domain 2022-03-04)	https://raw.githubusercontent.com/sfzinstruments/SalamanderGrandPiano/master/Samples/harmLD%236.flac	release string resonance: harmL vel>=45, harmS vel<=44
grand-string-resonance	optional	harmLF#1.flac	30	262524	CC-BY-3.0 (author declared public domain 2022-03-04)	https://raw.githubusercontent.com/sfzinstruments/SalamanderGrandPiano/master/Samples/harmLF%231.flac	release string resonance: harmL vel>=45, harmS vel<=44
grand-string-resonance	optional	harmLF#2.flac	42	271060	CC-BY-3.0 (author declared public domain 2022-03-04)	https://raw.githubusercontent.com/sfzinstruments/SalamanderGrandPiano/master/Samples/harmLF%232.flac	release string resonance: harmL vel>=45, harmS vel<=44
grand-string-resonance	optional	harmLF#3.flac	54	258166	CC-BY-3.0 (author declared public domain 2022-03-04)	https://raw.githubusercontent.com/sfzinstruments/SalamanderGrandPiano/master/Samples/harmLF%233.flac	release string resonance: harmL vel>=45, harmS vel<=44
grand-string-resonance	optional	harmLF#4.flac	66	257975	CC-BY-3.0 (author declared public domain 2022-03-04)	https://raw.githubusercontent.com/sfzinstruments/SalamanderGrandPiano/master/Samples/harmLF%234.flac	release string resonance: harmL vel>=45, harmS vel<=44
grand-string-resonance	optional	harmLF#5.flac	78	267374	CC-BY-3.0 (author declared public domain 2022-03-04)	https://raw.githubusercontent.com/sfzinstruments/SalamanderGrandPiano/master/Samples/harmLF%235.flac	release string resonance: harmL vel>=45, harmS vel<=44
grand-string-resonance	optional	harmSA0.flac	21	178862	CC-BY-3.0 (author declared public domain 2022-03-04)	https://raw.githubusercontent.com/sfzinstruments/SalamanderGrandPiano/master/Samples/harmSA0.flac	release string resonance: harmL vel>=45, harmS vel<=44
grand-string-resonance	optional	harmSA1.flac	33	186159	CC-BY-3.0 (author declared public domain 2022-03-04)	https://raw.githubusercontent.com/sfzinstruments/SalamanderGrandPiano/master/Samples/harmSA1.flac	release string resonance: harmL vel>=45, harmS vel<=44
grand-string-resonance	optional	harmSA2.flac	45	185981	CC-BY-3.0 (author declared public domain 2022-03-04)	https://raw.githubusercontent.com/sfzinstruments/SalamanderGrandPiano/master/Samples/harmSA2.flac	release string resonance: harmL vel>=45, harmS vel<=44
grand-string-resonance	optional	harmSA3.flac	57	186379	CC-BY-3.0 (author declared public domain 2022-03-04)	https://raw.githubusercontent.com/sfzinstruments/SalamanderGrandPiano/master/Samples/harmSA3.flac	release string resonance: harmL vel>=45, harmS vel<=44
grand-string-resonance	optional	harmSA4.flac	69	156974	CC-BY-3.0 (author declared public domain 2022-03-04)	https://raw.githubusercontent.com/sfzinstruments/SalamanderGrandPiano/master/Samples/harmSA4.flac	release string resonance: harmL vel>=45, harmS vel<=44
grand-string-resonance	optional	harmSA5.flac	81	169211	CC-BY-3.0 (author declared public domain 2022-03-04)	https://raw.githubusercontent.com/sfzinstruments/SalamanderGrandPiano/master/Samples/harmSA5.flac	release string resonance: harmL vel>=45, harmS vel<=44
grand-string-resonance	optional	harmSC1.flac	24	185044	CC-BY-3.0 (author declared public domain 2022-03-04)	https://raw.githubusercontent.com/sfzinstruments/SalamanderGrandPiano/master/Samples/harmSC1.flac	release string resonance: harmL vel>=45, harmS vel<=44
grand-string-resonance	optional	harmSC2.flac	36	184590	CC-BY-3.0 (author declared public domain 2022-03-04)	https://raw.githubusercontent.com/sfzinstruments/SalamanderGrandPiano/master/Samples/harmSC2.flac	release string resonance: harmL vel>=45, harmS vel<=44
grand-string-resonance	optional	harmSC3.flac	48	185015	CC-BY-3.0 (author declared public domain 2022-03-04)	https://raw.githubusercontent.com/sfzinstruments/SalamanderGrandPiano/master/Samples/harmSC3.flac	release string resonance: harmL vel>=45, harmS vel<=44
grand-string-resonance	optional	harmSC4.flac	60	171481	CC-BY-3.0 (author declared public domain 2022-03-04)	https://raw.githubusercontent.com/sfzinstruments/SalamanderGrandPiano/master/Samples/harmSC4.flac	release string resonance: harmL vel>=45, harmS vel<=44
grand-string-resonance	optional	harmSC5.flac	72	176373	CC-BY-3.0 (author declared public domain 2022-03-04)	https://raw.githubusercontent.com/sfzinstruments/SalamanderGrandPiano/master/Samples/harmSC5.flac	release string resonance: harmL vel>=45, harmS vel<=44
grand-string-resonance	optional	harmSC6.flac	84	182397	CC-BY-3.0 (author declared public domain 2022-03-04)	https://raw.githubusercontent.com/sfzinstruments/SalamanderGrandPiano/master/Samples/harmSC6.flac	release string resonance: harmL vel>=45, harmS vel<=44
grand-string-resonance	optional	harmSD#1.flac	27	175943	CC-BY-3.0 (author declared public domain 2022-03-04)	https://raw.githubusercontent.com/sfzinstruments/SalamanderGrandPiano/master/Samples/harmSD%231.flac	release string resonance: harmL vel>=45, harmS vel<=44
grand-string-resonance	optional	harmSD#2.flac	39	173444	CC-BY-3.0 (author declared public domain 2022-03-04)	https://raw.githubusercontent.com/sfzinstruments/SalamanderGrandPiano/master/Samples/harmSD%232.flac	release string resonance: harmL vel>=45, harmS vel<=44
grand-string-resonance	optional	harmSD#3.flac	51	174563	CC-BY-3.0 (author declared public domain 2022-03-04)	https://raw.githubusercontent.com/sfzinstruments/SalamanderGrandPiano/master/Samples/harmSD%233.flac	release string resonance: harmL vel>=45, harmS vel<=44
grand-string-resonance	optional	harmSD#4.flac	63	171557	CC-BY-3.0 (author declared public domain 2022-03-04)	https://raw.githubusercontent.com/sfzinstruments/SalamanderGrandPiano/master/Samples/harmSD%234.flac	release string resonance: harmL vel>=45, harmS vel<=44
grand-string-resonance	optional	harmSD#5.flac	75	180487	CC-BY-3.0 (author declared public domain 2022-03-04)	https://raw.githubusercontent.com/sfzinstruments/SalamanderGrandPiano/master/Samples/harmSD%235.flac	release string resonance: harmL vel>=45, harmS vel<=44
grand-string-resonance	optional	harmSD#6.flac	87	189071	CC-BY-3.0 (author declared public domain 2022-03-04)	https://raw.githubusercontent.com/sfzinstruments/SalamanderGrandPiano/master/Samples/harmSD%236.flac	release string resonance: harmL vel>=45, harmS vel<=44
grand-string-resonance	optional	harmSF#1.flac	30	180952	CC-BY-3.0 (author declared public domain 2022-03-04)	https://raw.githubusercontent.com/sfzinstruments/SalamanderGrandPiano/master/Samples/harmSF%231.flac	release string resonance: harmL vel>=45, harmS vel<=44
grand-string-resonance	optional	harmSF#2.flac	42	179729	CC-BY-3.0 (author declared public domain 2022-03-04)	https://raw.githubusercontent.com/sfzinstruments/SalamanderGrandPiano/master/Samples/harmSF%232.flac	release string resonance: harmL vel>=45, harmS vel<=44
grand-string-resonance	optional	harmSF#3.flac	54	176537	CC-BY-3.0 (author declared public domain 2022-03-04)	https://raw.githubusercontent.com/sfzinstruments/SalamanderGrandPiano/master/Samples/harmSF%233.flac	release string resonance: harmL vel>=45, harmS vel<=44
grand-string-resonance	optional	harmSF#4.flac	66	174543	CC-BY-3.0 (author declared public domain 2022-03-04)	https://raw.githubusercontent.com/sfzinstruments/SalamanderGrandPiano/master/Samples/harmSF%234.flac	release string resonance: harmL vel>=45, harmS vel<=44
grand-string-resonance	optional	harmSF#5.flac	78	169559	CC-BY-3.0 (author declared public domain 2022-03-04)	https://raw.githubusercontent.com/sfzinstruments/SalamanderGrandPiano/master/Samples/harmSF%235.flac	release string resonance: harmL vel>=45, harmS vel<=44
grand-docs	required	hammer.txt		4497	CC-BY-3.0 (author declared public domain 2022-03-04)	https://raw.githubusercontent.com/sfzinstruments/SalamanderGrandPiano/master/Data/hammer.txt	
grand-docs	required	notes.txt		1306	CC-BY-3.0 (author declared public domain 2022-03-04)	https://raw.githubusercontent.com/sfzinstruments/SalamanderGrandPiano/master/Data/notes.txt	
grand-docs	required	pedal.txt		502	CC-BY-3.0 (author declared public domain 2022-03-04)	https://raw.githubusercontent.com/sfzinstruments/SalamanderGrandPiano/master/Data/pedal.txt	
grand-docs	required	region.txt		3787	CC-BY-3.0 (author declared public domain 2022-03-04)	https://raw.githubusercontent.com/sfzinstruments/SalamanderGrandPiano/master/Data/region.txt	
grand-docs	required	str_res.txt		6484	CC-BY-3.0 (author declared public domain 2022-03-04)	https://raw.githubusercontent.com/sfzinstruments/SalamanderGrandPiano/master/Data/str_res.txt	
grand-docs	required	tune_nat.txt		539	CC-BY-3.0 (author declared public domain 2022-03-04)	https://raw.githubusercontent.com/sfzinstruments/SalamanderGrandPiano/master/Data/tune_nat.txt	
grand-docs	required	tune_ret.txt		576	CC-BY-3.0 (author declared public domain 2022-03-04)	https://raw.githubusercontent.com/sfzinstruments/SalamanderGrandPiano/master/Data/tune_ret.txt	
grand-docs	required	vel_01.txt		621	CC-BY-3.0 (author declared public domain 2022-03-04)	https://raw.githubusercontent.com/sfzinstruments/SalamanderGrandPiano/master/Data/vel_01.txt	
grand-docs	required	vel_02.txt		620	CC-BY-3.0 (author declared public domain 2022-03-04)	https://raw.githubusercontent.com/sfzinstruments/SalamanderGrandPiano/master/Data/vel_02.txt	
grand-docs	required	vel_03.txt		624	CC-BY-3.0 (author declared public domain 2022-03-04)	https://raw.githubusercontent.com/sfzinstruments/SalamanderGrandPiano/master/Data/vel_03.txt	
grand-docs	required	vel_04.txt		622	CC-BY-3.0 (author declared public domain 2022-03-04)	https://raw.githubusercontent.com/sfzinstruments/SalamanderGrandPiano/master/Data/vel_04.txt	
grand-docs	required	vel_05.txt		622	CC-BY-3.0 (author declared public domain 2022-03-04)	https://raw.githubusercontent.com/sfzinstruments/SalamanderGrandPiano/master/Data/vel_05.txt	
grand-docs	required	vel_06.txt		622	CC-BY-3.0 (author declared public domain 2022-03-04)	https://raw.githubusercontent.com/sfzinstruments/SalamanderGrandPiano/master/Data/vel_06.txt	
grand-docs	required	vel_07.txt		620	CC-BY-3.0 (author declared public domain 2022-03-04)	https://raw.githubusercontent.com/sfzinstruments/SalamanderGrandPiano/master/Data/vel_07.txt	
grand-docs	required	vel_08.txt		621	CC-BY-3.0 (author declared public domain 2022-03-04)	https://raw.githubusercontent.com/sfzinstruments/SalamanderGrandPiano/master/Data/vel_08.txt	
grand-docs	required	vel_09.txt		621	CC-BY-3.0 (author declared public domain 2022-03-04)	https://raw.githubusercontent.com/sfzinstruments/SalamanderGrandPiano/master/Data/vel_09.txt	
grand-docs	required	vel_10.txt		622	CC-BY-3.0 (author declared public domain 2022-03-04)	https://raw.githubusercontent.com/sfzinstruments/SalamanderGrandPiano/master/Data/vel_10.txt	
grand-docs	required	vel_11.txt		622	CC-BY-3.0 (author declared public domain 2022-03-04)	https://raw.githubusercontent.com/sfzinstruments/SalamanderGrandPiano/master/Data/vel_11.txt	
grand-docs	required	vel_12.txt		622	CC-BY-3.0 (author declared public domain 2022-03-04)	https://raw.githubusercontent.com/sfzinstruments/SalamanderGrandPiano/master/Data/vel_12.txt	
grand-docs	required	vel_13.txt		622	CC-BY-3.0 (author declared public domain 2022-03-04)	https://raw.githubusercontent.com/sfzinstruments/SalamanderGrandPiano/master/Data/vel_13.txt	
grand-docs	required	vel_14.txt		624	CC-BY-3.0 (author declared public domain 2022-03-04)	https://raw.githubusercontent.com/sfzinstruments/SalamanderGrandPiano/master/Data/vel_14.txt	
grand-docs	required	vel_15.txt		622	CC-BY-3.0 (author declared public domain 2022-03-04)	https://raw.githubusercontent.com/sfzinstruments/SalamanderGrandPiano/master/Data/vel_15.txt	
grand-docs	required	vel_16.txt		623	CC-BY-3.0 (author declared public domain 2022-03-04)	https://raw.githubusercontent.com/sfzinstruments/SalamanderGrandPiano/master/Data/vel_16.txt	
grand-docs	required	LICENSE		19467	CC-BY-3.0 (author declared public domain 2022-03-04)	https://raw.githubusercontent.com/sfzinstruments/SalamanderGrandPiano/master/LICENSE	
grand-docs	required	README.md		4980	CC-BY-3.0 (author declared public domain 2022-03-04)	https://raw.githubusercontent.com/sfzinstruments/SalamanderGrandPiano/master/README.md	
grand-docs	required	Salamander Grand Piano V3.sfz		2113	CC-BY-3.0 (author declared public domain 2022-03-04)	https://raw.githubusercontent.com/sfzinstruments/SalamanderGrandPiano/master/Salamander%20Grand%20Piano%20V3.sfz	
upright-sustain	required	Player_vl1_rr1_A-1.wav	21	4500238	CC0-1.0	https://raw.githubusercontent.com/sgossner/VCSL/master/Chordophones/Zithers/Upright%20Piano%2C%20Knight/Sustains/Player_vl1_rr1_A-1.wav	vl1 (0-83) / vl2 (84-127) per VCSL sfz
upright-sustain	required	Player_vl1_rr1_A0.wav	33	4936726	CC0-1.0	https://raw.githubusercontent.com/sgossner/VCSL/master/Chordophones/Zithers/Upright%20Piano%2C%20Knight/Sustains/Player_vl1_rr1_A0.wav	vl1 (0-83) / vl2 (84-127) per VCSL sfz
upright-sustain	required	Player_vl1_rr1_A1.wav	45	6306106	CC0-1.0	https://raw.githubusercontent.com/sgossner/VCSL/master/Chordophones/Zithers/Upright%20Piano%2C%20Knight/Sustains/Player_vl1_rr1_A1.wav	vl1 (0-83) / vl2 (84-127) per VCSL sfz
upright-sustain	required	Player_vl1_rr1_A2.wav	57	5748202	CC0-1.0	https://raw.githubusercontent.com/sgossner/VCSL/master/Chordophones/Zithers/Upright%20Piano%2C%20Knight/Sustains/Player_vl1_rr1_A2.wav	vl1 (0-83) / vl2 (84-127) per VCSL sfz
upright-sustain	required	Player_vl1_rr1_A3.wav	69	3204940	CC0-1.0	https://raw.githubusercontent.com/sgossner/VCSL/master/Chordophones/Zithers/Upright%20Piano%2C%20Knight/Sustains/Player_vl1_rr1_A3.wav	vl1 (0-83) / vl2 (84-127) per VCSL sfz
upright-sustain	required	Player_vl1_rr1_A4.wav	81	3144364	CC0-1.0	https://raw.githubusercontent.com/sgossner/VCSL/master/Chordophones/Zithers/Upright%20Piano%2C%20Knight/Sustains/Player_vl1_rr1_A4.wav	vl1 (0-83) / vl2 (84-127) per VCSL sfz
upright-sustain	required	Player_vl1_rr1_A5.wav	93	2254930	CC0-1.0	https://raw.githubusercontent.com/sgossner/VCSL/master/Chordophones/Zithers/Upright%20Piano%2C%20Knight/Sustains/Player_vl1_rr1_A5.wav	vl1 (0-83) / vl2 (84-127) per VCSL sfz
upright-sustain	required	Player_vl1_rr1_A6.wav	105	633034	CC0-1.0	https://raw.githubusercontent.com/sgossner/VCSL/master/Chordophones/Zithers/Upright%20Piano%2C%20Knight/Sustains/Player_vl1_rr1_A6.wav	vl1 (0-83) / vl2 (84-127) per VCSL sfz
upright-sustain	required	Player_vl1_rr1_B-1.wav	23	5751334	CC0-1.0	https://raw.githubusercontent.com/sgossner/VCSL/master/Chordophones/Zithers/Upright%20Piano%2C%20Knight/Sustains/Player_vl1_rr1_B-1.wav	vl1 (0-83) / vl2 (84-127) per VCSL sfz
upright-sustain	required	Player_vl1_rr1_B0.wav	35	6109564	CC0-1.0	https://raw.githubusercontent.com/sgossner/VCSL/master/Chordophones/Zithers/Upright%20Piano%2C%20Knight/Sustains/Player_vl1_rr1_B0.wav	vl1 (0-83) / vl2 (84-127) per VCSL sfz
upright-sustain	required	Player_vl1_rr1_B1.wav	47	5554372	CC0-1.0	https://raw.githubusercontent.com/sgossner/VCSL/master/Chordophones/Zithers/Upright%20Piano%2C%20Knight/Sustains/Player_vl1_rr1_B1.wav	vl1 (0-83) / vl2 (84-127) per VCSL sfz
upright-sustain	required	Player_vl1_rr1_B2.wav	59	4470514	CC0-1.0	https://raw.githubusercontent.com/sgossner/VCSL/master/Chordophones/Zithers/Upright%20Piano%2C%20Knight/Sustains/Player_vl1_rr1_B2.wav	vl1 (0-83) / vl2 (84-127) per VCSL sfz
upright-sustain	required	Player_vl1_rr1_B3.wav	71	2607616	CC0-1.0	https://raw.githubusercontent.com/sgossner/VCSL/master/Chordophones/Zithers/Upright%20Piano%2C%20Knight/Sustains/Player_vl1_rr1_B3.wav	vl1 (0-83) / vl2 (84-127) per VCSL sfz
upright-sustain	required	Player_vl1_rr1_B4.wav	83	2598868	CC0-1.0	https://raw.githubusercontent.com/sgossner/VCSL/master/Chordophones/Zithers/Upright%20Piano%2C%20Knight/Sustains/Player_vl1_rr1_B4.wav	vl1 (0-83) / vl2 (84-127) per VCSL sfz
upright-sustain	required	Player_vl1_rr1_B5.wav	95	1499404	CC0-1.0	https://raw.githubusercontent.com/sgossner/VCSL/master/Chordophones/Zithers/Upright%20Piano%2C%20Knight/Sustains/Player_vl1_rr1_B5.wav	vl1 (0-83) / vl2 (84-127) per VCSL sfz
upright-sustain	required	Player_vl1_rr1_B6.wav	107	632848	CC0-1.0	https://raw.githubusercontent.com/sgossner/VCSL/master/Chordophones/Zithers/Upright%20Piano%2C%20Knight/Sustains/Player_vl1_rr1_B6.wav	vl1 (0-83) / vl2 (84-127) per VCSL sfz
upright-sustain	required	Player_vl1_rr1_C#0.wav	25	6074254	CC0-1.0	https://raw.githubusercontent.com/sgossner/VCSL/master/Chordophones/Zithers/Upright%20Piano%2C%20Knight/Sustains/Player_vl1_rr1_C%230.wav	vl1 (0-83) / vl2 (84-127) per VCSL sfz
upright-sustain	required	Player_vl1_rr1_C#1.wav	37	6862312	CC0-1.0	https://raw.githubusercontent.com/sgossner/VCSL/master/Chordophones/Zithers/Upright%20Piano%2C%20Knight/Sustains/Player_vl1_rr1_C%231.wav	vl1 (0-83) / vl2 (84-127) per VCSL sfz
upright-sustain	required	Player_vl1_rr1_C#2.wav	49	6180628	CC0-1.0	https://raw.githubusercontent.com/sgossner/VCSL/master/Chordophones/Zithers/Upright%20Piano%2C%20Knight/Sustains/Player_vl1_rr1_C%232.wav	vl1 (0-83) / vl2 (84-127) per VCSL sfz
upright-sustain	required	Player_vl1_rr1_C#3.wav	61	4346848	CC0-1.0	https://raw.githubusercontent.com/sgossner/VCSL/master/Chordophones/Zithers/Upright%20Piano%2C%20Knight/Sustains/Player_vl1_rr1_C%233.wav	vl1 (0-83) / vl2 (84-127) per VCSL sfz
upright-sustain	required	Player_vl1_rr1_C#4.wav	73	2656870	CC0-1.0	https://raw.githubusercontent.com/sgossner/VCSL/master/Chordophones/Zithers/Upright%20Piano%2C%20Knight/Sustains/Player_vl1_rr1_C%234.wav	vl1 (0-83) / vl2 (84-127) per VCSL sfz
upright-sustain	required	Player_vl1_rr1_C#5.wav	85	2888572	CC0-1.0	https://raw.githubusercontent.com/sgossner/VCSL/master/Chordophones/Zithers/Upright%20Piano%2C%20Knight/Sustains/Player_vl1_rr1_C%235.wav	vl1 (0-83) / vl2 (84-127) per VCSL sfz
upright-sustain	required	Player_vl1_rr1_C#6.wav	97	1425370	CC0-1.0	https://raw.githubusercontent.com/sgossner/VCSL/master/Chordophones/Zithers/Upright%20Piano%2C%20Knight/Sustains/Player_vl1_rr1_C%236.wav	vl1 (0-83) / vl2 (84-127) per VCSL sfz
upright-sustain	required	Player_vl1_rr1_C7.wav	108	581164	CC0-1.0	https://raw.githubusercontent.com/sgossner/VCSL/master/Chordophones/Zithers/Upright%20Piano%2C%20Knight/Sustains/Player_vl1_rr1_C7.wav	vl1 (0-83) / vl2 (84-127) per VCSL sfz
upright-sustain	required	Player_vl1_rr1_D#0.wav	27	5233702	CC0-1.0	https://raw.githubusercontent.com/sgossner/VCSL/master/Chordophones/Zithers/Upright%20Piano%2C%20Knight/Sustains/Player_vl1_rr1_D%230.wav	vl1 (0-83) / vl2 (84-127) per VCSL sfz
upright-sustain	required	Player_vl1_rr1_D#1.wav	39	6133414	CC0-1.0	https://raw.githubusercontent.com/sgossner/VCSL/master/Chordophones/Zithers/Upright%20Piano%2C%20Knight/Sustains/Player_vl1_rr1_D%231.wav	vl1 (0-83) / vl2 (84-127) per VCSL sfz
upright-sustain	required	Player_vl1_rr1_D#2.wav	51	5285302	CC0-1.0	https://raw.githubusercontent.com/sgossner/VCSL/master/Chordophones/Zithers/Upright%20Piano%2C%20Knight/Sustains/Player_vl1_rr1_D%232.wav	vl1 (0-83) / vl2 (84-127) per VCSL sfz
upright-sustain	required	Player_vl1_rr1_D#3.wav	63	4126108	CC0-1.0	https://raw.githubusercontent.com/sgossner/VCSL/master/Chordophones/Zithers/Upright%20Piano%2C%20Knight/Sustains/Player_vl1_rr1_D%233.wav	vl1 (0-83) / vl2 (84-127) per VCSL sfz
upright-sustain	required	Player_vl1_rr1_D#4.wav	75	3320278	CC0-1.0	https://raw.githubusercontent.com/sgossner/VCSL/master/Chordophones/Zithers/Upright%20Piano%2C%20Knight/Sustains/Player_vl1_rr1_D%234.wav	vl1 (0-83) / vl2 (84-127) per VCSL sfz
upright-sustain	required	Player_vl1_rr1_D#5.wav	87	2542840	CC0-1.0	https://raw.githubusercontent.com/sgossner/VCSL/master/Chordophones/Zithers/Upright%20Piano%2C%20Knight/Sustains/Player_vl1_rr1_D%235.wav	vl1 (0-83) / vl2 (84-127) per VCSL sfz
upright-sustain	required	Player_vl1_rr1_D#6.wav	99	830092	CC0-1.0	https://raw.githubusercontent.com/sgossner/VCSL/master/Chordophones/Zithers/Upright%20Piano%2C%20Knight/Sustains/Player_vl1_rr1_D%236.wav	vl1 (0-83) / vl2 (84-127) per VCSL sfz
upright-sustain	required	Player_vl1_rr1_F0.wav	29	5625058	CC0-1.0	https://raw.githubusercontent.com/sgossner/VCSL/master/Chordophones/Zithers/Upright%20Piano%2C%20Knight/Sustains/Player_vl1_rr1_F0.wav	vl1 (0-83) / vl2 (84-127) per VCSL sfz
upright-sustain	required	Player_vl1_rr1_F1.wav	41	7572904	CC0-1.0	https://raw.githubusercontent.com/sgossner/VCSL/master/Chordophones/Zithers/Upright%20Piano%2C%20Knight/Sustains/Player_vl1_rr1_F1.wav	vl1 (0-83) / vl2 (84-127) per VCSL sfz
upright-sustain	required	Player_vl1_rr1_F2.wav	53	4643212	CC0-1.0	https://raw.githubusercontent.com/sgossner/VCSL/master/Chordophones/Zithers/Upright%20Piano%2C%20Knight/Sustains/Player_vl1_rr1_F2.wav	vl1 (0-83) / vl2 (84-127) per VCSL sfz
upright-sustain	required	Player_vl1_rr1_F3.wav	65	4476550	CC0-1.0	https://raw.githubusercontent.com/sgossner/VCSL/master/Chordophones/Zithers/Upright%20Piano%2C%20Knight/Sustains/Player_vl1_rr1_F3.wav	vl1 (0-83) / vl2 (84-127) per VCSL sfz
upright-sustain	required	Player_vl1_rr1_F4.wav	77	3008866	CC0-1.0	https://raw.githubusercontent.com/sgossner/VCSL/master/Chordophones/Zithers/Upright%20Piano%2C%20Knight/Sustains/Player_vl1_rr1_F4.wav	vl1 (0-83) / vl2 (84-127) per VCSL sfz
upright-sustain	required	Player_vl1_rr1_F5.wav	89	2605408	CC0-1.0	https://raw.githubusercontent.com/sgossner/VCSL/master/Chordophones/Zithers/Upright%20Piano%2C%20Knight/Sustains/Player_vl1_rr1_F5.wav	vl1 (0-83) / vl2 (84-127) per VCSL sfz
upright-sustain	required	Player_vl1_rr1_F6.wav	101	667948	CC0-1.0	https://raw.githubusercontent.com/sgossner/VCSL/master/Chordophones/Zithers/Upright%20Piano%2C%20Knight/Sustains/Player_vl1_rr1_F6.wav	vl1 (0-83) / vl2 (84-127) per VCSL sfz
upright-sustain	required	Player_vl1_rr1_G0.wav	31	5096770	CC0-1.0	https://raw.githubusercontent.com/sgossner/VCSL/master/Chordophones/Zithers/Upright%20Piano%2C%20Knight/Sustains/Player_vl1_rr1_G0.wav	vl1 (0-83) / vl2 (84-127) per VCSL sfz
upright-sustain	required	Player_vl1_rr1_G1.wav	43	6599956	CC0-1.0	https://raw.githubusercontent.com/sgossner/VCSL/master/Chordophones/Zithers/Upright%20Piano%2C%20Knight/Sustains/Player_vl1_rr1_G1.wav	vl1 (0-83) / vl2 (84-127) per VCSL sfz
upright-sustain	required	Player_vl1_rr1_G2.wav	55	4494526	CC0-1.0	https://raw.githubusercontent.com/sgossner/VCSL/master/Chordophones/Zithers/Upright%20Piano%2C%20Knight/Sustains/Player_vl1_rr1_G2.wav	vl1 (0-83) / vl2 (84-127) per VCSL sfz
upright-sustain	required	Player_vl1_rr1_G3.wav	67	4545196	CC0-1.0	https://raw.githubusercontent.com/sgossner/VCSL/master/Chordophones/Zithers/Upright%20Piano%2C%20Knight/Sustains/Player_vl1_rr1_G3.wav	vl1 (0-83) / vl2 (84-127) per VCSL sfz
upright-sustain	required	Player_vl1_rr1_G4.wav	79	3052366	CC0-1.0	https://raw.githubusercontent.com/sgossner/VCSL/master/Chordophones/Zithers/Upright%20Piano%2C%20Knight/Sustains/Player_vl1_rr1_G4.wav	vl1 (0-83) / vl2 (84-127) per VCSL sfz
upright-sustain	required	Player_vl1_rr1_G5.wav	91	2851384	CC0-1.0	https://raw.githubusercontent.com/sgossner/VCSL/master/Chordophones/Zithers/Upright%20Piano%2C%20Knight/Sustains/Player_vl1_rr1_G5.wav	vl1 (0-83) / vl2 (84-127) per VCSL sfz
upright-sustain	required	Player_vl1_rr1_G6.wav	103	621916	CC0-1.0	https://raw.githubusercontent.com/sgossner/VCSL/master/Chordophones/Zithers/Upright%20Piano%2C%20Knight/Sustains/Player_vl1_rr1_G6.wav	vl1 (0-83) / vl2 (84-127) per VCSL sfz
upright-sustain	required	Player_vl2_rr1_A-1.wav	21	6918652	CC0-1.0	https://raw.githubusercontent.com/sgossner/VCSL/master/Chordophones/Zithers/Upright%20Piano%2C%20Knight/Sustains/Player_vl2_rr1_A-1.wav	vl1 (0-83) / vl2 (84-127) per VCSL sfz
upright-sustain	required	Player_vl2_rr1_A0.wav	33	6210712	CC0-1.0	https://raw.githubusercontent.com/sgossner/VCSL/master/Chordophones/Zithers/Upright%20Piano%2C%20Knight/Sustains/Player_vl2_rr1_A0.wav	vl1 (0-83) / vl2 (84-127) per VCSL sfz
upright-sustain	required	Player_vl2_rr1_A1.wav	45	6153220	CC0-1.0	https://raw.githubusercontent.com/sgossner/VCSL/master/Chordophones/Zithers/Upright%20Piano%2C%20Knight/Sustains/Player_vl2_rr1_A1.wav	vl1 (0-83) / vl2 (84-127) per VCSL sfz
upright-sustain	required	Player_vl2_rr1_A2.wav	57	5608348	CC0-1.0	https://raw.githubusercontent.com/sgossner/VCSL/master/Chordophones/Zithers/Upright%20Piano%2C%20Knight/Sustains/Player_vl2_rr1_A2.wav	vl1 (0-83) / vl2 (84-127) per VCSL sfz
upright-sustain	required	Player_vl2_rr1_A3.wav	69	4721116	CC0-1.0	https://raw.githubusercontent.com/sgossner/VCSL/master/Chordophones/Zithers/Upright%20Piano%2C%20Knight/Sustains/Player_vl2_rr1_A3.wav	vl1 (0-83) / vl2 (84-127) per VCSL sfz
upright-sustain	required	Player_vl2_rr1_A4.wav	81	3738850	CC0-1.0	https://raw.githubusercontent.com/sgossner/VCSL/master/Chordophones/Zithers/Upright%20Piano%2C%20Knight/Sustains/Player_vl2_rr1_A4.wav	vl1 (0-83) / vl2 (84-127) per VCSL sfz
upright-sustain	required	Player_vl2_rr1_A5.wav	93	1487410	CC0-1.0	https://raw.githubusercontent.com/sgossner/VCSL/master/Chordophones/Zithers/Upright%20Piano%2C%20Knight/Sustains/Player_vl2_rr1_A5.wav	vl1 (0-83) / vl2 (84-127) per VCSL sfz
upright-sustain	required	Player_vl2_rr1_A6.wav	105	472108	CC0-1.0	https://raw.githubusercontent.com/sgossner/VCSL/master/Chordophones/Zithers/Upright%20Piano%2C%20Knight/Sustains/Player_vl2_rr1_A6.wav	vl1 (0-83) / vl2 (84-127) per VCSL sfz
upright-sustain	required	Player_vl2_rr1_B-1.wav	23	5378476	CC0-1.0	https://raw.githubusercontent.com/sgossner/VCSL/master/Chordophones/Zithers/Upright%20Piano%2C%20Knight/Sustains/Player_vl2_rr1_B-1.wav	vl1 (0-83) / vl2 (84-127) per VCSL sfz
upright-sustain	required	Player_vl2_rr1_B0.wav	35	8199298	CC0-1.0	https://raw.githubusercontent.com/sgossner/VCSL/master/Chordophones/Zithers/Upright%20Piano%2C%20Knight/Sustains/Player_vl2_rr1_B0.wav	vl1 (0-83) / vl2 (84-127) per VCSL sfz
upright-sustain	required	Player_vl2_rr1_B1.wav	47	6388654	CC0-1.0	https://raw.githubusercontent.com/sgossner/VCSL/master/Chordophones/Zithers/Upright%20Piano%2C%20Knight/Sustains/Player_vl2_rr1_B1.wav	vl1 (0-83) / vl2 (84-127) per VCSL sfz
upright-sustain	required	Player_vl2_rr1_B2.wav	59	5814610	CC0-1.0	https://raw.githubusercontent.com/sgossner/VCSL/master/Chordophones/Zithers/Upright%20Piano%2C%20Knight/Sustains/Player_vl2_rr1_B2.wav	vl1 (0-83) / vl2 (84-127) per VCSL sfz
upright-sustain	required	Player_vl2_rr1_B3.wav	71	3634996	CC0-1.0	https://raw.githubusercontent.com/sgossner/VCSL/master/Chordophones/Zithers/Upright%20Piano%2C%20Knight/Sustains/Player_vl2_rr1_B3.wav	vl1 (0-83) / vl2 (84-127) per VCSL sfz
upright-sustain	required	Player_vl2_rr1_B4.wav	83	3834226	CC0-1.0	https://raw.githubusercontent.com/sgossner/VCSL/master/Chordophones/Zithers/Upright%20Piano%2C%20Knight/Sustains/Player_vl2_rr1_B4.wav	vl1 (0-83) / vl2 (84-127) per VCSL sfz
upright-sustain	required	Player_vl2_rr1_B5.wav	95	933508	CC0-1.0	https://raw.githubusercontent.com/sgossner/VCSL/master/Chordophones/Zithers/Upright%20Piano%2C%20Knight/Sustains/Player_vl2_rr1_B5.wav	vl1 (0-83) / vl2 (84-127) per VCSL sfz
upright-sustain	required	Player_vl2_rr1_B6.wav	107	621826	CC0-1.0	https://raw.githubusercontent.com/sgossner/VCSL/master/Chordophones/Zithers/Upright%20Piano%2C%20Knight/Sustains/Player_vl2_rr1_B6.wav	vl1 (0-83) / vl2 (84-127) per VCSL sfz
upright-sustain	required	Player_vl2_rr1_C#0.wav	25	6462502	CC0-1.0	https://raw.githubusercontent.com/sgossner/VCSL/master/Chordophones/Zithers/Upright%20Piano%2C%20Knight/Sustains/Player_vl2_rr1_C%230.wav	vl1 (0-83) / vl2 (84-127) per VCSL sfz
upright-sustain	required	Player_vl2_rr1_C#1.wav	37	7063150	CC0-1.0	https://raw.githubusercontent.com/sgossner/VCSL/master/Chordophones/Zithers/Upright%20Piano%2C%20Knight/Sustains/Player_vl2_rr1_C%231.wav	vl1 (0-83) / vl2 (84-127) per VCSL sfz
upright-sustain	required	Player_vl2_rr1_C#2.wav	49	5030746	CC0-1.0	https://raw.githubusercontent.com/sgossner/VCSL/master/Chordophones/Zithers/Upright%20Piano%2C%20Knight/Sustains/Player_vl2_rr1_C%232.wav	vl1 (0-83) / vl2 (84-127) per VCSL sfz
upright-sustain	required	Player_vl2_rr1_C#3.wav	61	5212972	CC0-1.0	https://raw.githubusercontent.com/sgossner/VCSL/master/Chordophones/Zithers/Upright%20Piano%2C%20Knight/Sustains/Player_vl2_rr1_C%233.wav	vl1 (0-83) / vl2 (84-127) per VCSL sfz
upright-sustain	required	Player_vl2_rr1_C#4.wav	73	3849658	CC0-1.0	https://raw.githubusercontent.com/sgossner/VCSL/master/Chordophones/Zithers/Upright%20Piano%2C%20Knight/Sustains/Player_vl2_rr1_C%234.wav	vl1 (0-83) / vl2 (84-127) per VCSL sfz
upright-sustain	required	Player_vl2_rr1_C#5.wav	85	3372646	CC0-1.0	https://raw.githubusercontent.com/sgossner/VCSL/master/Chordophones/Zithers/Upright%20Piano%2C%20Knight/Sustains/Player_vl2_rr1_C%235.wav	vl1 (0-83) / vl2 (84-127) per VCSL sfz
upright-sustain	required	Player_vl2_rr1_C#6.wav	97	927712	CC0-1.0	https://raw.githubusercontent.com/sgossner/VCSL/master/Chordophones/Zithers/Upright%20Piano%2C%20Knight/Sustains/Player_vl2_rr1_C%236.wav	vl1 (0-83) / vl2 (84-127) per VCSL sfz
upright-sustain	required	Player_vl2_rr1_C7.wav	108	615094	CC0-1.0	https://raw.githubusercontent.com/sgossner/VCSL/master/Chordophones/Zithers/Upright%20Piano%2C%20Knight/Sustains/Player_vl2_rr1_C7.wav	vl1 (0-83) / vl2 (84-127) per VCSL sfz
upright-sustain	required	Player_vl2_rr1_D#0.wav	27	6006910	CC0-1.0	https://raw.githubusercontent.com/sgossner/VCSL/master/Chordophones/Zithers/Upright%20Piano%2C%20Knight/Sustains/Player_vl2_rr1_D%230.wav	vl1 (0-83) / vl2 (84-127) per VCSL sfz
upright-sustain	required	Player_vl2_rr1_D#1.wav	39	6150352	CC0-1.0	https://raw.githubusercontent.com/sgossner/VCSL/master/Chordophones/Zithers/Upright%20Piano%2C%20Knight/Sustains/Player_vl2_rr1_D%231.wav	vl1 (0-83) / vl2 (84-127) per VCSL sfz
upright-sustain	required	Player_vl2_rr1_D#2.wav	51	5321248	CC0-1.0	https://raw.githubusercontent.com/sgossner/VCSL/master/Chordophones/Zithers/Upright%20Piano%2C%20Knight/Sustains/Player_vl2_rr1_D%232.wav	vl1 (0-83) / vl2 (84-127) per VCSL sfz
upright-sustain	required	Player_vl2_rr1_D#3.wav	63	4634740	CC0-1.0	https://raw.githubusercontent.com/sgossner/VCSL/master/Chordophones/Zithers/Upright%20Piano%2C%20Knight/Sustains/Player_vl2_rr1_D%233.wav	vl1 (0-83) / vl2 (84-127) per VCSL sfz
upright-sustain	required	Player_vl2_rr1_D#4.wav	75	4744456	CC0-1.0	https://raw.githubusercontent.com/sgossner/VCSL/master/Chordophones/Zithers/Upright%20Piano%2C%20Knight/Sustains/Player_vl2_rr1_D%234.wav	vl1 (0-83) / vl2 (84-127) per VCSL sfz
upright-sustain	required	Player_vl2_rr1_D#5.wav	87	3088258	CC0-1.0	https://raw.githubusercontent.com/sgossner/VCSL/master/Chordophones/Zithers/Upright%20Piano%2C%20Knight/Sustains/Player_vl2_rr1_D%235.wav	vl1 (0-83) / vl2 (84-127) per VCSL sfz
upright-sustain	required	Player_vl2_rr1_D#6.wav	99	647284	CC0-1.0	https://raw.githubusercontent.com/sgossner/VCSL/master/Chordophones/Zithers/Upright%20Piano%2C%20Knight/Sustains/Player_vl2_rr1_D%236.wav	vl1 (0-83) / vl2 (84-127) per VCSL sfz
upright-sustain	required	Player_vl2_rr1_F0.wav	29	6156106	CC0-1.0	https://raw.githubusercontent.com/sgossner/VCSL/master/Chordophones/Zithers/Upright%20Piano%2C%20Knight/Sustains/Player_vl2_rr1_F0.wav	vl1 (0-83) / vl2 (84-127) per VCSL sfz
upright-sustain	required	Player_vl2_rr1_F1.wav	41	6946702	CC0-1.0	https://raw.githubusercontent.com/sgossner/VCSL/master/Chordophones/Zithers/Upright%20Piano%2C%20Knight/Sustains/Player_vl2_rr1_F1.wav	vl1 (0-83) / vl2 (84-127) per VCSL sfz
upright-sustain	required	Player_vl2_rr1_F2.wav	53	5759260	CC0-1.0	https://raw.githubusercontent.com/sgossner/VCSL/master/Chordophones/Zithers/Upright%20Piano%2C%20Knight/Sustains/Player_vl2_rr1_F2.wav	vl1 (0-83) / vl2 (84-127) per VCSL sfz
upright-sustain	required	Player_vl2_rr1_F3.wav	65	4898926	CC0-1.0	https://raw.githubusercontent.com/sgossner/VCSL/master/Chordophones/Zithers/Upright%20Piano%2C%20Knight/Sustains/Player_vl2_rr1_F3.wav	vl1 (0-83) / vl2 (84-127) per VCSL sfz
upright-sustain	required	Player_vl2_rr1_F4.wav	77	2854090	CC0-1.0	https://raw.githubusercontent.com/sgossner/VCSL/master/Chordophones/Zithers/Upright%20Piano%2C%20Knight/Sustains/Player_vl2_rr1_F4.wav	vl1 (0-83) / vl2 (84-127) per VCSL sfz
upright-sustain	required	Player_vl2_rr1_F5.wav	89	2808244	CC0-1.0	https://raw.githubusercontent.com/sgossner/VCSL/master/Chordophones/Zithers/Upright%20Piano%2C%20Knight/Sustains/Player_vl2_rr1_F5.wav	vl1 (0-83) / vl2 (84-127) per VCSL sfz
upright-sustain	required	Player_vl2_rr1_F6.wav	101	725854	CC0-1.0	https://raw.githubusercontent.com/sgossner/VCSL/master/Chordophones/Zithers/Upright%20Piano%2C%20Knight/Sustains/Player_vl2_rr1_F6.wav	vl1 (0-83) / vl2 (84-127) per VCSL sfz
upright-sustain	required	Player_vl2_rr1_G0.wav	31	5069236	CC0-1.0	https://raw.githubusercontent.com/sgossner/VCSL/master/Chordophones/Zithers/Upright%20Piano%2C%20Knight/Sustains/Player_vl2_rr1_G0.wav	vl1 (0-83) / vl2 (84-127) per VCSL sfz
upright-sustain	required	Player_vl2_rr1_G1.wav	43	5147950	CC0-1.0	https://raw.githubusercontent.com/sgossner/VCSL/master/Chordophones/Zithers/Upright%20Piano%2C%20Knight/Sustains/Player_vl2_rr1_G1.wav	vl1 (0-83) / vl2 (84-127) per VCSL sfz
upright-sustain	required	Player_vl2_rr1_G2.wav	55	4994812	CC0-1.0	https://raw.githubusercontent.com/sgossner/VCSL/master/Chordophones/Zithers/Upright%20Piano%2C%20Knight/Sustains/Player_vl2_rr1_G2.wav	vl1 (0-83) / vl2 (84-127) per VCSL sfz
upright-sustain	required	Player_vl2_rr1_G3.wav	67	5290522	CC0-1.0	https://raw.githubusercontent.com/sgossner/VCSL/master/Chordophones/Zithers/Upright%20Piano%2C%20Knight/Sustains/Player_vl2_rr1_G3.wav	vl1 (0-83) / vl2 (84-127) per VCSL sfz
upright-sustain	required	Player_vl2_rr1_G4.wav	79	3549430	CC0-1.0	https://raw.githubusercontent.com/sgossner/VCSL/master/Chordophones/Zithers/Upright%20Piano%2C%20Knight/Sustains/Player_vl2_rr1_G4.wav	vl1 (0-83) / vl2 (84-127) per VCSL sfz
upright-sustain	required	Player_vl2_rr1_G5.wav	91	2652136	CC0-1.0	https://raw.githubusercontent.com/sgossner/VCSL/master/Chordophones/Zithers/Upright%20Piano%2C%20Knight/Sustains/Player_vl2_rr1_G5.wav	vl1 (0-83) / vl2 (84-127) per VCSL sfz
upright-sustain	required	Player_vl2_rr1_G6.wav	103	552616	CC0-1.0	https://raw.githubusercontent.com/sgossner/VCSL/master/Chordophones/Zithers/Upright%20Piano%2C%20Knight/Sustains/Player_vl2_rr1_G6.wav	vl1 (0-83) / vl2 (84-127) per VCSL sfz
upright-release	required	Player_rel_rr1_A-1.wav	21	2160952	CC0-1.0	https://raw.githubusercontent.com/sgossner/VCSL/master/Chordophones/Zithers/Upright%20Piano%2C%20Knight/Releases/Player_rel_rr1_A-1.wav	
upright-release	required	Player_rel_rr1_A0.wav	33	1296058	CC0-1.0	https://raw.githubusercontent.com/sgossner/VCSL/master/Chordophones/Zithers/Upright%20Piano%2C%20Knight/Releases/Player_rel_rr1_A0.wav	
upright-release	required	Player_rel_rr1_A1.wav	45	981250	CC0-1.0	https://raw.githubusercontent.com/sgossner/VCSL/master/Chordophones/Zithers/Upright%20Piano%2C%20Knight/Releases/Player_rel_rr1_A1.wav	
upright-release	required	Player_rel_rr1_A2.wav	57	1371136	CC0-1.0	https://raw.githubusercontent.com/sgossner/VCSL/master/Chordophones/Zithers/Upright%20Piano%2C%20Knight/Releases/Player_rel_rr1_A2.wav	
upright-release	required	Player_rel_rr1_A3.wav	69	777856	CC0-1.0	https://raw.githubusercontent.com/sgossner/VCSL/master/Chordophones/Zithers/Upright%20Piano%2C%20Knight/Releases/Player_rel_rr1_A3.wav	
upright-release	required	Player_rel_rr1_A4.wav	81	786856	CC0-1.0	https://raw.githubusercontent.com/sgossner/VCSL/master/Chordophones/Zithers/Upright%20Piano%2C%20Knight/Releases/Player_rel_rr1_A4.wav	
upright-release	required	Player_rel_rr1_A5.wav	93	602908	CC0-1.0	https://raw.githubusercontent.com/sgossner/VCSL/master/Chordophones/Zithers/Upright%20Piano%2C%20Knight/Releases/Player_rel_rr1_A5.wav	
upright-release	required	Player_rel_rr1_A6.wav	105	417376	CC0-1.0	https://raw.githubusercontent.com/sgossner/VCSL/master/Chordophones/Zithers/Upright%20Piano%2C%20Knight/Releases/Player_rel_rr1_A6.wav	
upright-release	required	Player_rel_rr1_B-1.wav	23	1242856	CC0-1.0	https://raw.githubusercontent.com/sgossner/VCSL/master/Chordophones/Zithers/Upright%20Piano%2C%20Knight/Releases/Player_rel_rr1_B-1.wav	
upright-release	required	Player_rel_rr1_B0.wav	35	1394134	CC0-1.0	https://raw.githubusercontent.com/sgossner/VCSL/master/Chordophones/Zithers/Upright%20Piano%2C%20Knight/Releases/Player_rel_rr1_B0.wav	
upright-release	required	Player_rel_rr1_B1.wav	47	1281598	CC0-1.0	https://raw.githubusercontent.com/sgossner/VCSL/master/Chordophones/Zithers/Upright%20Piano%2C%20Knight/Releases/Player_rel_rr1_B1.wav	
upright-release	required	Player_rel_rr1_B2.wav	59	1581994	CC0-1.0	https://raw.githubusercontent.com/sgossner/VCSL/master/Chordophones/Zithers/Upright%20Piano%2C%20Knight/Releases/Player_rel_rr1_B2.wav	
upright-release	required	Player_rel_rr1_B3.wav	71	787288	CC0-1.0	https://raw.githubusercontent.com/sgossner/VCSL/master/Chordophones/Zithers/Upright%20Piano%2C%20Knight/Releases/Player_rel_rr1_B3.wav	
upright-release	required	Player_rel_rr1_B4.wav	83	769240	CC0-1.0	https://raw.githubusercontent.com/sgossner/VCSL/master/Chordophones/Zithers/Upright%20Piano%2C%20Knight/Releases/Player_rel_rr1_B4.wav	
upright-release	required	Player_rel_rr1_B5.wav	95	724084	CC0-1.0	https://raw.githubusercontent.com/sgossner/VCSL/master/Chordophones/Zithers/Upright%20Piano%2C%20Knight/Releases/Player_rel_rr1_B5.wav	
upright-release	required	Player_rel_rr1_B6.wav	107	344542	CC0-1.0	https://raw.githubusercontent.com/sgossner/VCSL/master/Chordophones/Zithers/Upright%20Piano%2C%20Knight/Releases/Player_rel_rr1_B6.wav	
upright-release	required	Player_rel_rr1_C#0.wav	25	1954534	CC0-1.0	https://raw.githubusercontent.com/sgossner/VCSL/master/Chordophones/Zithers/Upright%20Piano%2C%20Knight/Releases/Player_rel_rr1_C%230.wav	
upright-release	required	Player_rel_rr1_C#1.wav	37	1859026	CC0-1.0	https://raw.githubusercontent.com/sgossner/VCSL/master/Chordophones/Zithers/Upright%20Piano%2C%20Knight/Releases/Player_rel_rr1_C%231.wav	
upright-release	required	Player_rel_rr1_C#2.wav	49	1620172	CC0-1.0	https://raw.githubusercontent.com/sgossner/VCSL/master/Chordophones/Zithers/Upright%20Piano%2C%20Knight/Releases/Player_rel_rr1_C%232.wav	
upright-release	required	Player_rel_rr1_C#3.wav	61	1316560	CC0-1.0	https://raw.githubusercontent.com/sgossner/VCSL/master/Chordophones/Zithers/Upright%20Piano%2C%20Knight/Releases/Player_rel_rr1_C%233.wav	
upright-release	required	Player_rel_rr1_C#4.wav	73	807430	CC0-1.0	https://raw.githubusercontent.com/sgossner/VCSL/master/Chordophones/Zithers/Upright%20Piano%2C%20Knight/Releases/Player_rel_rr1_C%234.wav	
upright-release	required	Player_rel_rr1_C#5.wav	85	611020	CC0-1.0	https://raw.githubusercontent.com/sgossner/VCSL/master/Chordophones/Zithers/Upright%20Piano%2C%20Knight/Releases/Player_rel_rr1_C%235.wav	
upright-release	required	Player_rel_rr1_C#6.wav	97	532054	CC0-1.0	https://raw.githubusercontent.com/sgossner/VCSL/master/Chordophones/Zithers/Upright%20Piano%2C%20Knight/Releases/Player_rel_rr1_C%236.wav	
upright-release	required	Player_rel_rr1_C7.wav	108	423508	CC0-1.0	https://raw.githubusercontent.com/sgossner/VCSL/master/Chordophones/Zithers/Upright%20Piano%2C%20Knight/Releases/Player_rel_rr1_C7.wav	
upright-release	required	Player_rel_rr1_D#0.wav	27	1147966	CC0-1.0	https://raw.githubusercontent.com/sgossner/VCSL/master/Chordophones/Zithers/Upright%20Piano%2C%20Knight/Releases/Player_rel_rr1_D%230.wav	
upright-release	required	Player_rel_rr1_D#1.wav	39	1273510	CC0-1.0	https://raw.githubusercontent.com/sgossner/VCSL/master/Chordophones/Zithers/Upright%20Piano%2C%20Knight/Releases/Player_rel_rr1_D%231.wav	
upright-release	required	Player_rel_rr1_D#2.wav	51	1571662	CC0-1.0	https://raw.githubusercontent.com/sgossner/VCSL/master/Chordophones/Zithers/Upright%20Piano%2C%20Knight/Releases/Player_rel_rr1_D%232.wav	
upright-release	required	Player_rel_rr1_D#3.wav	63	1388818	CC0-1.0	https://raw.githubusercontent.com/sgossner/VCSL/master/Chordophones/Zithers/Upright%20Piano%2C%20Knight/Releases/Player_rel_rr1_D%233.wav	
upright-release	required	Player_rel_rr1_D#4.wav	75	568930	CC0-1.0	https://raw.githubusercontent.com/sgossner/VCSL/master/Chordophones/Zithers/Upright%20Piano%2C%20Knight/Releases/Player_rel_rr1_D%234.wav	
upright-release	required	Player_rel_rr1_D#5.wav	87	666394	CC0-1.0	https://raw.githubusercontent.com/sgossner/VCSL/master/Chordophones/Zithers/Upright%20Piano%2C%20Knight/Releases/Player_rel_rr1_D%235.wav	
upright-release	required	Player_rel_rr1_D#6.wav	99	496348	CC0-1.0	https://raw.githubusercontent.com/sgossner/VCSL/master/Chordophones/Zithers/Upright%20Piano%2C%20Knight/Releases/Player_rel_rr1_D%236.wav	
upright-release	required	Player_rel_rr1_F0.wav	29	1183168	CC0-1.0	https://raw.githubusercontent.com/sgossner/VCSL/master/Chordophones/Zithers/Upright%20Piano%2C%20Knight/Releases/Player_rel_rr1_F0.wav	
upright-release	required	Player_rel_rr1_F1.wav	41	998002	CC0-1.0	https://raw.githubusercontent.com/sgossner/VCSL/master/Chordophones/Zithers/Upright%20Piano%2C%20Knight/Releases/Player_rel_rr1_F1.wav	
upright-release	required	Player_rel_rr1_F2.wav	53	1578988	CC0-1.0	https://raw.githubusercontent.com/sgossner/VCSL/master/Chordophones/Zithers/Upright%20Piano%2C%20Knight/Releases/Player_rel_rr1_F2.wav	
upright-release	required	Player_rel_rr1_F3.wav	65	1332580	CC0-1.0	https://raw.githubusercontent.com/sgossner/VCSL/master/Chordophones/Zithers/Upright%20Piano%2C%20Knight/Releases/Player_rel_rr1_F3.wav	
upright-release	required	Player_rel_rr1_F4.wav	77	767932	CC0-1.0	https://raw.githubusercontent.com/sgossner/VCSL/master/Chordophones/Zithers/Upright%20Piano%2C%20Knight/Releases/Player_rel_rr1_F4.wav	
upright-release	required	Player_rel_rr1_F5.wav	89	811372	CC0-1.0	https://raw.githubusercontent.com/sgossner/VCSL/master/Chordophones/Zithers/Upright%20Piano%2C%20Knight/Releases/Player_rel_rr1_F5.wav	
upright-release	required	Player_rel_rr1_F6.wav	101	582532	CC0-1.0	https://raw.githubusercontent.com/sgossner/VCSL/master/Chordophones/Zithers/Upright%20Piano%2C%20Knight/Releases/Player_rel_rr1_F6.wav	
upright-release	required	Player_rel_rr1_G0.wav	31	1539652	CC0-1.0	https://raw.githubusercontent.com/sgossner/VCSL/master/Chordophones/Zithers/Upright%20Piano%2C%20Knight/Releases/Player_rel_rr1_G0.wav	
upright-release	required	Player_rel_rr1_G1.wav	43	790312	CC0-1.0	https://raw.githubusercontent.com/sgossner/VCSL/master/Chordophones/Zithers/Upright%20Piano%2C%20Knight/Releases/Player_rel_rr1_G1.wav	
upright-release	required	Player_rel_rr1_G2.wav	55	1158160	CC0-1.0	https://raw.githubusercontent.com/sgossner/VCSL/master/Chordophones/Zithers/Upright%20Piano%2C%20Knight/Releases/Player_rel_rr1_G2.wav	
upright-release	required	Player_rel_rr1_G3.wav	67	1056796	CC0-1.0	https://raw.githubusercontent.com/sgossner/VCSL/master/Chordophones/Zithers/Upright%20Piano%2C%20Knight/Releases/Player_rel_rr1_G3.wav	
upright-release	required	Player_rel_rr1_G4.wav	79	827422	CC0-1.0	https://raw.githubusercontent.com/sgossner/VCSL/master/Chordophones/Zithers/Upright%20Piano%2C%20Knight/Releases/Player_rel_rr1_G4.wav	
upright-release	required	Player_rel_rr1_G5.wav	91	585724	CC0-1.0	https://raw.githubusercontent.com/sgossner/VCSL/master/Chordophones/Zithers/Upright%20Piano%2C%20Knight/Releases/Player_rel_rr1_G5.wav	
upright-release	required	Player_rel_rr1_G6.wav	103	344518	CC0-1.0	https://raw.githubusercontent.com/sgossner/VCSL/master/Chordophones/Zithers/Upright%20Piano%2C%20Knight/Releases/Player_rel_rr1_G6.wav	
upright-pedal	required	Player_PedOn_000.wav		1006486	CC0-1.0	https://raw.githubusercontent.com/sgossner/VCSL/master/Chordophones/Zithers/Upright%20Piano%2C%20Knight/Pedal/On/Player_PedOn_000.wav	sustain pedal on/off mechanical noise, 4 round robins
upright-pedal	required	Player_PedOn_001.wav		1452796	CC0-1.0	https://raw.githubusercontent.com/sgossner/VCSL/master/Chordophones/Zithers/Upright%20Piano%2C%20Knight/Pedal/On/Player_PedOn_001.wav	sustain pedal on/off mechanical noise, 4 round robins
upright-pedal	required	Player_PedOn_002.wav		1140082	CC0-1.0	https://raw.githubusercontent.com/sgossner/VCSL/master/Chordophones/Zithers/Upright%20Piano%2C%20Knight/Pedal/On/Player_PedOn_002.wav	sustain pedal on/off mechanical noise, 4 round robins
upright-pedal	required	Player_PedOn_003.wav		1185328	CC0-1.0	https://raw.githubusercontent.com/sgossner/VCSL/master/Chordophones/Zithers/Upright%20Piano%2C%20Knight/Pedal/On/Player_PedOn_003.wav	sustain pedal on/off mechanical noise, 4 round robins
upright-pedal	required	Player_PedOff_000.wav		854860	CC0-1.0	https://raw.githubusercontent.com/sgossner/VCSL/master/Chordophones/Zithers/Upright%20Piano%2C%20Knight/Pedal/Off/Player_PedOff_000.wav	sustain pedal on/off mechanical noise, 4 round robins
upright-pedal	required	Player_PedOff_001.wav		900634	CC0-1.0	https://raw.githubusercontent.com/sgossner/VCSL/master/Chordophones/Zithers/Upright%20Piano%2C%20Knight/Pedal/Off/Player_PedOff_001.wav	sustain pedal on/off mechanical noise, 4 round robins
upright-pedal	required	Player_PedOff_002.wav		767284	CC0-1.0	https://raw.githubusercontent.com/sgossner/VCSL/master/Chordophones/Zithers/Upright%20Piano%2C%20Knight/Pedal/Off/Player_PedOff_002.wav	sustain pedal on/off mechanical noise, 4 round robins
upright-pedal	required	Player_PedOff_003.wav		1188514	CC0-1.0	https://raw.githubusercontent.com/sgossner/VCSL/master/Chordophones/Zithers/Upright%20Piano%2C%20Knight/Pedal/Off/Player_PedOff_003.wav	sustain pedal on/off mechanical noise, 4 round robins
upright-docs	required	Info.txt		222	CC0-1.0	https://raw.githubusercontent.com/sgossner/VCSL/master/Chordophones/Zithers/Upright%20Piano%2C%20Knight/Info.txt	
upright-docs	required	PitchValueConversionChart.txt		338	CC0-1.0	https://raw.githubusercontent.com/sgossner/VCSL/master/Chordophones/Zithers/Upright%20Piano%2C%20Knight/PitchValueConversionChart.txt	
vcsl-docs	required	LICENSE		7048	CC0-1.0	https://raw.githubusercontent.com/sgossner/VCSL/master/LICENSE	
vcsl-docs	required	README.md		4365	CC0-1.0	https://raw.githubusercontent.com/sgossner/VCSL/master/README.md	
upright-sustain-pp	optional	Player_dyn1_rr1_000.wav	21	4105066	CC0-1.0	https://raw.githubusercontent.com/sgossner/VSCO-2-CE/master/Keys/Upright%20Piano/Player_dyn1_rr1_000.wav	softest layer (dyn1) only in VSCO-2 CE, sampled every major third
upright-sustain-pp	optional	Player_dyn1_rr1_002.wav	25	4109632	CC0-1.0	https://raw.githubusercontent.com/sgossner/VSCO-2-CE/master/Keys/Upright%20Piano/Player_dyn1_rr1_002.wav	softest layer (dyn1) only in VSCO-2 CE, sampled every major third
upright-sustain-pp	optional	Player_dyn1_rr1_004.wav	29	4128814	CC0-1.0	https://raw.githubusercontent.com/sgossner/VSCO-2-CE/master/Keys/Upright%20Piano/Player_dyn1_rr1_004.wav	softest layer (dyn1) only in VSCO-2 CE, sampled every major third
upright-sustain-pp	optional	Player_dyn1_rr1_006.wav	33	4063450	CC0-1.0	https://raw.githubusercontent.com/sgossner/VSCO-2-CE/master/Keys/Upright%20Piano/Player_dyn1_rr1_006.wav	softest layer (dyn1) only in VSCO-2 CE, sampled every major third
upright-sustain-pp	optional	Player_dyn1_rr1_008.wav	37	5470924	CC0-1.0	https://raw.githubusercontent.com/sgossner/VSCO-2-CE/master/Keys/Upright%20Piano/Player_dyn1_rr1_008.wav	softest layer (dyn1) only in VSCO-2 CE, sampled every major third
upright-sustain-pp	optional	Player_dyn1_rr1_010.wav	41	5770636	CC0-1.0	https://raw.githubusercontent.com/sgossner/VSCO-2-CE/master/Keys/Upright%20Piano/Player_dyn1_rr1_010.wav	softest layer (dyn1) only in VSCO-2 CE, sampled every major third
upright-sustain-pp	optional	Player_dyn1_rr1_012.wav	45	3870382	CC0-1.0	https://raw.githubusercontent.com/sgossner/VSCO-2-CE/master/Keys/Upright%20Piano/Player_dyn1_rr1_012.wav	softest layer (dyn1) only in VSCO-2 CE, sampled every major third
upright-sustain-pp	optional	Player_dyn1_rr1_014.wav	49	2270980	CC0-1.0	https://raw.githubusercontent.com/sgossner/VSCO-2-CE/master/Keys/Upright%20Piano/Player_dyn1_rr1_014.wav	softest layer (dyn1) only in VSCO-2 CE, sampled every major third
upright-sustain-pp	optional	Player_dyn1_rr1_016.wav	53	3546940	CC0-1.0	https://raw.githubusercontent.com/sgossner/VSCO-2-CE/master/Keys/Upright%20Piano/Player_dyn1_rr1_016.wav	softest layer (dyn1) only in VSCO-2 CE, sampled every major third
upright-sustain-pp	optional	Player_dyn1_rr1_018.wav	57	3002200	CC0-1.0	https://raw.githubusercontent.com/sgossner/VSCO-2-CE/master/Keys/Upright%20Piano/Player_dyn1_rr1_018.wav	softest layer (dyn1) only in VSCO-2 CE, sampled every major third
upright-sustain-pp	optional	Player_dyn1_rr1_020.wav	61	3134164	CC0-1.0	https://raw.githubusercontent.com/sgossner/VSCO-2-CE/master/Keys/Upright%20Piano/Player_dyn1_rr1_020.wav	softest layer (dyn1) only in VSCO-2 CE, sampled every major third
upright-sustain-pp	optional	Player_dyn1_rr1_022.wav	65	4126858	CC0-1.0	https://raw.githubusercontent.com/sgossner/VSCO-2-CE/master/Keys/Upright%20Piano/Player_dyn1_rr1_022.wav	softest layer (dyn1) only in VSCO-2 CE, sampled every major third
upright-sustain-pp	optional	Player_dyn1_rr1_024.wav	69	2222998	CC0-1.0	https://raw.githubusercontent.com/sgossner/VSCO-2-CE/master/Keys/Upright%20Piano/Player_dyn1_rr1_024.wav	softest layer (dyn1) only in VSCO-2 CE, sampled every major third
upright-sustain-pp	optional	Player_dyn1_rr1_026.wav	73	3558112	CC0-1.0	https://raw.githubusercontent.com/sgossner/VSCO-2-CE/master/Keys/Upright%20Piano/Player_dyn1_rr1_026.wav	softest layer (dyn1) only in VSCO-2 CE, sampled every major third
upright-sustain-pp	optional	Player_dyn1_rr1_028.wav	77	1935304	CC0-1.0	https://raw.githubusercontent.com/sgossner/VSCO-2-CE/master/Keys/Upright%20Piano/Player_dyn1_rr1_028.wav	softest layer (dyn1) only in VSCO-2 CE, sampled every major third
upright-sustain-pp	optional	Player_dyn1_rr1_030.wav	81	3120676	CC0-1.0	https://raw.githubusercontent.com/sgossner/VSCO-2-CE/master/Keys/Upright%20Piano/Player_dyn1_rr1_030.wav	softest layer (dyn1) only in VSCO-2 CE, sampled every major third
upright-sustain-pp	optional	Player_dyn1_rr1_032.wav	85	1746142	CC0-1.0	https://raw.githubusercontent.com/sgossner/VSCO-2-CE/master/Keys/Upright%20Piano/Player_dyn1_rr1_032.wav	softest layer (dyn1) only in VSCO-2 CE, sampled every major third
upright-sustain-pp	optional	Player_dyn1_rr1_034.wav	89	1303534	CC0-1.0	https://raw.githubusercontent.com/sgossner/VSCO-2-CE/master/Keys/Upright%20Piano/Player_dyn1_rr1_034.wav	softest layer (dyn1) only in VSCO-2 CE, sampled every major third
upright-sustain-pp	optional	Player_dyn1_rr1_036.wav	93	1304218	CC0-1.0	https://raw.githubusercontent.com/sgossner/VSCO-2-CE/master/Keys/Upright%20Piano/Player_dyn1_rr1_036.wav	softest layer (dyn1) only in VSCO-2 CE, sampled every major third
upright-sustain-pp	optional	Player_dyn1_rr1_038.wav	97	915352	CC0-1.0	https://raw.githubusercontent.com/sgossner/VSCO-2-CE/master/Keys/Upright%20Piano/Player_dyn1_rr1_038.wav	softest layer (dyn1) only in VSCO-2 CE, sampled every major third
upright-sustain-pp	optional	Player_dyn1_rr1_040.wav	101	642772	CC0-1.0	https://raw.githubusercontent.com/sgossner/VSCO-2-CE/master/Keys/Upright%20Piano/Player_dyn1_rr1_040.wav	softest layer (dyn1) only in VSCO-2 CE, sampled every major third
upright-sustain-pp	optional	Player_dyn1_rr1_042.wav	105	571294	CC0-1.0	https://raw.githubusercontent.com/sgossner/VSCO-2-CE/master/Keys/Upright%20Piano/Player_dyn1_rr1_042.wav	softest layer (dyn1) only in VSCO-2 CE, sampled every major third
upright-sustain-pp	optional	Player_dyn1_rr1_044.wav	108	377608	CC0-1.0	https://raw.githubusercontent.com/sgossner/VSCO-2-CE/master/Keys/Upright%20Piano/Player_dyn1_rr1_044.wav	softest layer (dyn1) only in VSCO-2 CE, sampled every major third
upright-pp-docs	optional	Info.txt		220	CC0-1.0	https://raw.githubusercontent.com/sgossner/VSCO-2-CE/master/Keys/Upright%20Piano/Info.txt	
upright-pp-docs	optional	MappingChart.txt		338	CC0-1.0	https://raw.githubusercontent.com/sgossner/VSCO-2-CE/master/Keys/Upright%20Piano/MappingChart.txt	
upright-pp-docs	optional	Readme.txt		1838	CC0-1.0	https://raw.githubusercontent.com/sgossner/VSCO-2-CE/master/Readme.txt	
upright-pp-docs	optional	LICENSE		6555	CC0-1.0	https://raw.githubusercontent.com/sgossner/VSCO-2-CE/master/LICENSE	
harpsichord-8ft	required	HarpsiRH_Low_Far_A#0_rr1.wav	34	3933182	CC0-1.0	https://raw.githubusercontent.com/sgossner/VCSL/master/Chordophones/Zithers/Harpsichord%2C%20Flemish/Sustains/Low/HarpsiRH_Low_Far_A%230_rr1.wav	
harpsichord-8ft	required	HarpsiRH_Low_Far_A#1_rr1.wav	46	2572514	CC0-1.0	https://raw.githubusercontent.com/sgossner/VCSL/master/Chordophones/Zithers/Harpsichord%2C%20Flemish/Sustains/Low/HarpsiRH_Low_Far_A%231_rr1.wav	
harpsichord-8ft	required	HarpsiRH_Low_Far_A#2_rr1.wav	58	2257748	CC0-1.0	https://raw.githubusercontent.com/sgossner/VCSL/master/Chordophones/Zithers/Harpsichord%2C%20Flemish/Sustains/Low/HarpsiRH_Low_Far_A%232_rr1.wav	
harpsichord-8ft	required	HarpsiRH_Low_Far_A#3_rr1.wav	70	1346894	CC0-1.0	https://raw.githubusercontent.com/sgossner/VCSL/master/Chordophones/Zithers/Harpsichord%2C%20Flemish/Sustains/Low/HarpsiRH_Low_Far_A%233_rr1.wav	
harpsichord-8ft	required	HarpsiRH_Low_Far_A#4_rr1.wav	82	1167674	CC0-1.0	https://raw.githubusercontent.com/sgossner/VCSL/master/Chordophones/Zithers/Harpsichord%2C%20Flemish/Sustains/Low/HarpsiRH_Low_Far_A%234_rr1.wav	
harpsichord-8ft	required	HarpsiRH_Low_Far_C1_rr1.wav	36	4433264	CC0-1.0	https://raw.githubusercontent.com/sgossner/VCSL/master/Chordophones/Zithers/Harpsichord%2C%20Flemish/Sustains/Low/HarpsiRH_Low_Far_C1_rr1.wav	
harpsichord-8ft	required	HarpsiRH_Low_Far_C2_rr1.wav	48	2934068	CC0-1.0	https://raw.githubusercontent.com/sgossner/VCSL/master/Chordophones/Zithers/Harpsichord%2C%20Flemish/Sustains/Low/HarpsiRH_Low_Far_C2_rr1.wav	
harpsichord-8ft	required	HarpsiRH_Low_Far_C3_rr1.wav	60	1876034	CC0-1.0	https://raw.githubusercontent.com/sgossner/VCSL/master/Chordophones/Zithers/Harpsichord%2C%20Flemish/Sustains/Low/HarpsiRH_Low_Far_C3_rr1.wav	
harpsichord-8ft	required	HarpsiRH_Low_Far_C4_rr1.wav	72	1272656	CC0-1.0	https://raw.githubusercontent.com/sgossner/VCSL/master/Chordophones/Zithers/Harpsichord%2C%20Flemish/Sustains/Low/HarpsiRH_Low_Far_C4_rr1.wav	
harpsichord-8ft	required	HarpsiRH_Low_Far_C5_rr1.wav	84	1321808	CC0-1.0	https://raw.githubusercontent.com/sgossner/VCSL/master/Chordophones/Zithers/Harpsichord%2C%20Flemish/Sustains/Low/HarpsiRH_Low_Far_C5_rr1.wav	
harpsichord-8ft	required	HarpsiRH_Low_Far_D1_rr1.wav	38	3583310	CC0-1.0	https://raw.githubusercontent.com/sgossner/VCSL/master/Chordophones/Zithers/Harpsichord%2C%20Flemish/Sustains/Low/HarpsiRH_Low_Far_D1_rr1.wav	
harpsichord-8ft	required	HarpsiRH_Low_Far_D2_rr1.wav	50	2186516	CC0-1.0	https://raw.githubusercontent.com/sgossner/VCSL/master/Chordophones/Zithers/Harpsichord%2C%20Flemish/Sustains/Low/HarpsiRH_Low_Far_D2_rr1.wav	
harpsichord-8ft	required	HarpsiRH_Low_Far_D3_rr1.wav	62	1689734	CC0-1.0	https://raw.githubusercontent.com/sgossner/VCSL/master/Chordophones/Zithers/Harpsichord%2C%20Flemish/Sustains/Low/HarpsiRH_Low_Far_D3_rr1.wav	
harpsichord-8ft	required	HarpsiRH_Low_Far_D4_rr1.wav	74	1323308	CC0-1.0	https://raw.githubusercontent.com/sgossner/VCSL/master/Chordophones/Zithers/Harpsichord%2C%20Flemish/Sustains/Low/HarpsiRH_Low_Far_D4_rr1.wav	
harpsichord-8ft	required	HarpsiRH_Low_Far_E1_rr1.wav	40	3385766	CC0-1.0	https://raw.githubusercontent.com/sgossner/VCSL/master/Chordophones/Zithers/Harpsichord%2C%20Flemish/Sustains/Low/HarpsiRH_Low_Far_E1_rr1.wav	
harpsichord-8ft	required	HarpsiRH_Low_Far_E2_rr1.wav	52	2661932	CC0-1.0	https://raw.githubusercontent.com/sgossner/VCSL/master/Chordophones/Zithers/Harpsichord%2C%20Flemish/Sustains/Low/HarpsiRH_Low_Far_E2_rr1.wav	
harpsichord-8ft	required	HarpsiRH_Low_Far_E3_rr1.wav	64	1335638	CC0-1.0	https://raw.githubusercontent.com/sgossner/VCSL/master/Chordophones/Zithers/Harpsichord%2C%20Flemish/Sustains/Low/HarpsiRH_Low_Far_E3_rr1.wav	
harpsichord-8ft	required	HarpsiRH_Low_Far_E4_rr1.wav	76	1361774	CC0-1.0	https://raw.githubusercontent.com/sgossner/VCSL/master/Chordophones/Zithers/Harpsichord%2C%20Flemish/Sustains/Low/HarpsiRH_Low_Far_E4_rr1.wav	
harpsichord-8ft	required	HarpsiRH_Low_Far_F#0_rr1.wav	30	4607504	CC0-1.0	https://raw.githubusercontent.com/sgossner/VCSL/master/Chordophones/Zithers/Harpsichord%2C%20Flemish/Sustains/Low/HarpsiRH_Low_Far_F%230_rr1.wav	
harpsichord-8ft	required	HarpsiRH_Low_Far_F#1_rr1.wav	42	3102818	CC0-1.0	https://raw.githubusercontent.com/sgossner/VCSL/master/Chordophones/Zithers/Harpsichord%2C%20Flemish/Sustains/Low/HarpsiRH_Low_Far_F%231_rr1.wav	
harpsichord-8ft	required	HarpsiRH_Low_Far_F#2_rr1.wav	54	2270888	CC0-1.0	https://raw.githubusercontent.com/sgossner/VCSL/master/Chordophones/Zithers/Harpsichord%2C%20Flemish/Sustains/Low/HarpsiRH_Low_Far_F%232_rr1.wav	
harpsichord-8ft	required	HarpsiRH_Low_Far_F#3_rr1.wav	66	1509170	CC0-1.0	https://raw.githubusercontent.com/sgossner/VCSL/master/Chordophones/Zithers/Harpsichord%2C%20Flemish/Sustains/Low/HarpsiRH_Low_Far_F%233_rr1.wav	
harpsichord-8ft	required	HarpsiRH_Low_Far_F#4_rr1.wav	78	1428578	CC0-1.0	https://raw.githubusercontent.com/sgossner/VCSL/master/Chordophones/Zithers/Harpsichord%2C%20Flemish/Sustains/Low/HarpsiRH_Low_Far_F%234_rr1.wav	
harpsichord-8ft	required	HarpsiRH_Low_Far_G#0_rr1.wav	32	3985484	CC0-1.0	https://raw.githubusercontent.com/sgossner/VCSL/master/Chordophones/Zithers/Harpsichord%2C%20Flemish/Sustains/Low/HarpsiRH_Low_Far_G%230_rr1.wav	
harpsichord-8ft	required	HarpsiRH_Low_Far_G#1_rr1.wav	44	3020948	CC0-1.0	https://raw.githubusercontent.com/sgossner/VCSL/master/Chordophones/Zithers/Harpsichord%2C%20Flemish/Sustains/Low/HarpsiRH_Low_Far_G%231_rr1.wav	
harpsichord-8ft	required	HarpsiRH_Low_Far_G#2_rr1.wav	56	2463542	CC0-1.0	https://raw.githubusercontent.com/sgossner/VCSL/master/Chordophones/Zithers/Harpsichord%2C%20Flemish/Sustains/Low/HarpsiRH_Low_Far_G%232_rr1.wav	
harpsichord-8ft	required	HarpsiRH_Low_Far_G#3_rr1.wav	68	1338662	CC0-1.0	https://raw.githubusercontent.com/sgossner/VCSL/master/Chordophones/Zithers/Harpsichord%2C%20Flemish/Sustains/Low/HarpsiRH_Low_Far_G%233_rr1.wav	
harpsichord-8ft	required	HarpsiRH_Low_Far_G#4_rr1.wav	80	1473302	CC0-1.0	https://raw.githubusercontent.com/sgossner/VCSL/master/Chordophones/Zithers/Harpsichord%2C%20Flemish/Sustains/Low/HarpsiRH_Low_Far_G%234_rr1.wav	
harpsichord-8ft-release	required	HarpsiRH_LowRel_Far_A#0_rr1.wav	34	246716	CC0-1.0	https://raw.githubusercontent.com/sgossner/VCSL/master/Chordophones/Zithers/Harpsichord%2C%20Flemish/Releases/Low/HarpsiRH_LowRel_Far_A%230_rr1.wav	
harpsichord-8ft-release	required	HarpsiRH_LowRel_Far_A#1_rr1.wav	46	178730	CC0-1.0	https://raw.githubusercontent.com/sgossner/VCSL/master/Chordophones/Zithers/Harpsichord%2C%20Flemish/Releases/Low/HarpsiRH_LowRel_Far_A%231_rr1.wav	
harpsichord-8ft-release	required	HarpsiRH_LowRel_Far_A#2_rr1.wav	58	168338	CC0-1.0	https://raw.githubusercontent.com/sgossner/VCSL/master/Chordophones/Zithers/Harpsichord%2C%20Flemish/Releases/Low/HarpsiRH_LowRel_Far_A%232_rr1.wav	
harpsichord-8ft-release	required	HarpsiRH_LowRel_Far_A#3_rr1.wav	70	223052	CC0-1.0	https://raw.githubusercontent.com/sgossner/VCSL/master/Chordophones/Zithers/Harpsichord%2C%20Flemish/Releases/Low/HarpsiRH_LowRel_Far_A%233_rr1.wav	
harpsichord-8ft-release	required	HarpsiRH_LowRel_Far_A#4_rr1.wav	82	448322	CC0-1.0	https://raw.githubusercontent.com/sgossner/VCSL/master/Chordophones/Zithers/Harpsichord%2C%20Flemish/Releases/Low/HarpsiRH_LowRel_Far_A%234_rr1.wav	
harpsichord-8ft-release	required	HarpsiRH_LowRel_Far_C1_rr1.wav	36	264398	CC0-1.0	https://raw.githubusercontent.com/sgossner/VCSL/master/Chordophones/Zithers/Harpsichord%2C%20Flemish/Releases/Low/HarpsiRH_LowRel_Far_C1_rr1.wav	
harpsichord-8ft-release	required	HarpsiRH_LowRel_Far_C2_rr1.wav	48	172370	CC0-1.0	https://raw.githubusercontent.com/sgossner/VCSL/master/Chordophones/Zithers/Harpsichord%2C%20Flemish/Releases/Low/HarpsiRH_LowRel_Far_C2_rr1.wav	
harpsichord-8ft-release	required	HarpsiRH_LowRel_Far_C3_rr1.wav	60	418316	CC0-1.0	https://raw.githubusercontent.com/sgossner/VCSL/master/Chordophones/Zithers/Harpsichord%2C%20Flemish/Releases/Low/HarpsiRH_LowRel_Far_C3_rr1.wav	
harpsichord-8ft-release	required	HarpsiRH_LowRel_Far_C4_rr1.wav	72	242696	CC0-1.0	https://raw.githubusercontent.com/sgossner/VCSL/master/Chordophones/Zithers/Harpsichord%2C%20Flemish/Releases/Low/HarpsiRH_LowRel_Far_C4_rr1.wav	
harpsichord-8ft-release	required	HarpsiRH_LowRel_Far_C5_rr1.wav	84	247952	CC0-1.0	https://raw.githubusercontent.com/sgossner/VCSL/master/Chordophones/Zithers/Harpsichord%2C%20Flemish/Releases/Low/HarpsiRH_LowRel_Far_C5_rr1.wav	
harpsichord-8ft-release	required	HarpsiRH_LowRel_Far_D1_rr1.wav	38	262340	CC0-1.0	https://raw.githubusercontent.com/sgossner/VCSL/master/Chordophones/Zithers/Harpsichord%2C%20Flemish/Releases/Low/HarpsiRH_LowRel_Far_D1_rr1.wav	
harpsichord-8ft-release	required	HarpsiRH_LowRel_Far_D2_rr1.wav	50	311084	CC0-1.0	https://raw.githubusercontent.com/sgossner/VCSL/master/Chordophones/Zithers/Harpsichord%2C%20Flemish/Releases/Low/HarpsiRH_LowRel_Far_D2_rr1.wav	
harpsichord-8ft-release	required	HarpsiRH_LowRel_Far_D3_rr1.wav	62	207866	CC0-1.0	https://raw.githubusercontent.com/sgossner/VCSL/master/Chordophones/Zithers/Harpsichord%2C%20Flemish/Releases/Low/HarpsiRH_LowRel_Far_D3_rr1.wav	
harpsichord-8ft-release	required	HarpsiRH_LowRel_Far_D4_rr1.wav	74	450518	CC0-1.0	https://raw.githubusercontent.com/sgossner/VCSL/master/Chordophones/Zithers/Harpsichord%2C%20Flemish/Releases/Low/HarpsiRH_LowRel_Far_D4_rr1.wav	
harpsichord-8ft-release	required	HarpsiRH_LowRel_Far_E1_rr1.wav	40	366560	CC0-1.0	https://raw.githubusercontent.com/sgossner/VCSL/master/Chordophones/Zithers/Harpsichord%2C%20Flemish/Releases/Low/HarpsiRH_LowRel_Far_E1_rr1.wav	
harpsichord-8ft-release	required	HarpsiRH_LowRel_Far_E2_rr1.wav	52	252446	CC0-1.0	https://raw.githubusercontent.com/sgossner/VCSL/master/Chordophones/Zithers/Harpsichord%2C%20Flemish/Releases/Low/HarpsiRH_LowRel_Far_E2_rr1.wav	
harpsichord-8ft-release	required	HarpsiRH_LowRel_Far_E3_rr1.wav	64	226700	CC0-1.0	https://raw.githubusercontent.com/sgossner/VCSL/master/Chordophones/Zithers/Harpsichord%2C%20Flemish/Releases/Low/HarpsiRH_LowRel_Far_E3_rr1.wav	
harpsichord-8ft-release	required	HarpsiRH_LowRel_Far_E4_rr1.wav	76	355802	CC0-1.0	https://raw.githubusercontent.com/sgossner/VCSL/master/Chordophones/Zithers/Harpsichord%2C%20Flemish/Releases/Low/HarpsiRH_LowRel_Far_E4_rr1.wav	
harpsichord-8ft-release	required	HarpsiRH_LowRel_Far_F#0_rr1.wav	30	347534	CC0-1.0	https://raw.githubusercontent.com/sgossner/VCSL/master/Chordophones/Zithers/Harpsichord%2C%20Flemish/Releases/Low/HarpsiRH_LowRel_Far_F%230_rr1.wav	
harpsichord-8ft-release	required	HarpsiRH_LowRel_Far_F#1_rr1.wav	42	267566	CC0-1.0	https://raw.githubusercontent.com/sgossner/VCSL/master/Chordophones/Zithers/Harpsichord%2C%20Flemish/Releases/Low/HarpsiRH_LowRel_Far_F%231_rr1.wav	
harpsichord-8ft-release	required	HarpsiRH_LowRel_Far_F#2_rr1.wav	54	214508	CC0-1.0	https://raw.githubusercontent.com/sgossner/VCSL/master/Chordophones/Zithers/Harpsichord%2C%20Flemish/Releases/Low/HarpsiRH_LowRel_Far_F%232_rr1.wav	
harpsichord-8ft-release	required	HarpsiRH_LowRel_Far_F#3_rr1.wav	66	374186	CC0-1.0	https://raw.githubusercontent.com/sgossner/VCSL/master/Chordophones/Zithers/Harpsichord%2C%20Flemish/Releases/Low/HarpsiRH_LowRel_Far_F%233_rr1.wav	
harpsichord-8ft-release	required	HarpsiRH_LowRel_Far_F#4_rr1.wav	78	309410	CC0-1.0	https://raw.githubusercontent.com/sgossner/VCSL/master/Chordophones/Zithers/Harpsichord%2C%20Flemish/Releases/Low/HarpsiRH_LowRel_Far_F%234_rr1.wav	
harpsichord-8ft-release	required	HarpsiRH_LowRel_Far_G#0_rr1.wav	32	245084	CC0-1.0	https://raw.githubusercontent.com/sgossner/VCSL/master/Chordophones/Zithers/Harpsichord%2C%20Flemish/Releases/Low/HarpsiRH_LowRel_Far_G%230_rr1.wav	
harpsichord-8ft-release	required	HarpsiRH_LowRel_Far_G#1_rr1.wav	44	394310	CC0-1.0	https://raw.githubusercontent.com/sgossner/VCSL/master/Chordophones/Zithers/Harpsichord%2C%20Flemish/Releases/Low/HarpsiRH_LowRel_Far_G%231_rr1.wav	
harpsichord-8ft-release	required	HarpsiRH_LowRel_Far_G#2_rr1.wav	56	253358	CC0-1.0	https://raw.githubusercontent.com/sgossner/VCSL/master/Chordophones/Zithers/Harpsichord%2C%20Flemish/Releases/Low/HarpsiRH_LowRel_Far_G%232_rr1.wav	
harpsichord-8ft-release	required	HarpsiRH_LowRel_Far_G#3_rr1.wav	68	368390	CC0-1.0	https://raw.githubusercontent.com/sgossner/VCSL/master/Chordophones/Zithers/Harpsichord%2C%20Flemish/Releases/Low/HarpsiRH_LowRel_Far_G%233_rr1.wav	
harpsichord-8ft-release	required	HarpsiRH_LowRel_Far_G#4_rr1.wav	80	361598	CC0-1.0	https://raw.githubusercontent.com/sgossner/VCSL/master/Chordophones/Zithers/Harpsichord%2C%20Flemish/Releases/Low/HarpsiRH_LowRel_Far_G%234_rr1.wav	
harpsichord-4ft	required	HarpsiRH_High_Far_A#1_rr1.wav	34	2787896	CC0-1.0	https://raw.githubusercontent.com/sgossner/VCSL/master/Chordophones/Zithers/Harpsichord%2C%20Flemish/Sustains/High/HarpsiRH_High_Far_A%231_rr1.wav	4-foot stop: sounds one octave above trigger_key
harpsichord-4ft	required	HarpsiRH_High_Far_A#2_rr1.wav	46	2401058	CC0-1.0	https://raw.githubusercontent.com/sgossner/VCSL/master/Chordophones/Zithers/Harpsichord%2C%20Flemish/Sustains/High/HarpsiRH_High_Far_A%232_rr1.wav	4-foot stop: sounds one octave above trigger_key
harpsichord-4ft	required	HarpsiRH_High_Far_A#4_rr1.wav	70	1476680	CC0-1.0	https://raw.githubusercontent.com/sgossner/VCSL/master/Chordophones/Zithers/Harpsichord%2C%20Flemish/Sustains/High/HarpsiRH_High_Far_A%234_rr1.wav	4-foot stop: sounds one octave above trigger_key
harpsichord-4ft	required	HarpsiRH_High_Far_A#5_rr1.wav	82	943616	CC0-1.0	https://raw.githubusercontent.com/sgossner/VCSL/master/Chordophones/Zithers/Harpsichord%2C%20Flemish/Sustains/High/HarpsiRH_High_Far_A%235_rr1.wav	4-foot stop: sounds one octave above trigger_key
harpsichord-4ft	required	HarpsiRH_High_Far_A3_rr2.wav	57	1548428	CC0-1.0	https://raw.githubusercontent.com/sgossner/VCSL/master/Chordophones/Zithers/Harpsichord%2C%20Flemish/Sustains/High/HarpsiRH_High_Far_A3_rr2.wav	4-foot stop: sounds one octave above trigger_key
harpsichord-4ft	required	HarpsiRH_High_Far_C#2_rr1.wav	37	3233084	CC0-1.0	https://raw.githubusercontent.com/sgossner/VCSL/master/Chordophones/Zithers/Harpsichord%2C%20Flemish/Sustains/High/HarpsiRH_High_Far_C%232_rr1.wav	4-foot stop: sounds one octave above trigger_key
harpsichord-4ft	required	HarpsiRH_High_Far_C#3_rr1.wav	49	2401148	CC0-1.0	https://raw.githubusercontent.com/sgossner/VCSL/master/Chordophones/Zithers/Harpsichord%2C%20Flemish/Sustains/High/HarpsiRH_High_Far_C%233_rr1.wav	4-foot stop: sounds one octave above trigger_key
harpsichord-4ft	required	HarpsiRH_High_Far_C#4_rr1.wav	61	1539866	CC0-1.0	https://raw.githubusercontent.com/sgossner/VCSL/master/Chordophones/Zithers/Harpsichord%2C%20Flemish/Sustains/High/HarpsiRH_High_Far_C%234_rr1.wav	4-foot stop: sounds one octave above trigger_key
harpsichord-4ft	required	HarpsiRH_High_Far_C5_rr1.wav	72	1083662	CC0-1.0	https://raw.githubusercontent.com/sgossner/VCSL/master/Chordophones/Zithers/Harpsichord%2C%20Flemish/Sustains/High/HarpsiRH_High_Far_C5_rr1.wav	4-foot stop: sounds one octave above trigger_key
harpsichord-4ft	required	HarpsiRH_High_Far_C6_rr1.wav	84	703394	CC0-1.0	https://raw.githubusercontent.com/sgossner/VCSL/master/Chordophones/Zithers/Harpsichord%2C%20Flemish/Sustains/High/HarpsiRH_High_Far_C6_rr1.wav	4-foot stop: sounds one octave above trigger_key
harpsichord-4ft	required	HarpsiRH_High_Far_D4_rr1.wav	62	1482914	CC0-1.0	https://raw.githubusercontent.com/sgossner/VCSL/master/Chordophones/Zithers/Harpsichord%2C%20Flemish/Sustains/High/HarpsiRH_High_Far_D4_rr1.wav	4-foot stop: sounds one octave above trigger_key
harpsichord-4ft	required	HarpsiRH_High_Far_D5_rr1.wav	74	1343132	CC0-1.0	https://raw.githubusercontent.com/sgossner/VCSL/master/Chordophones/Zithers/Harpsichord%2C%20Flemish/Sustains/High/HarpsiRH_High_Far_D5_rr1.wav	4-foot stop: sounds one octave above trigger_key
harpsichord-4ft	required	HarpsiRH_High_Far_E2_rr1.wav	40	2025134	CC0-1.0	https://raw.githubusercontent.com/sgossner/VCSL/master/Chordophones/Zithers/Harpsichord%2C%20Flemish/Sustains/High/HarpsiRH_High_Far_E2_rr1.wav	4-foot stop: sounds one octave above trigger_key
harpsichord-4ft	required	HarpsiRH_High_Far_E3_rr1.wav	52	2087318	CC0-1.0	https://raw.githubusercontent.com/sgossner/VCSL/master/Chordophones/Zithers/Harpsichord%2C%20Flemish/Sustains/High/HarpsiRH_High_Far_E3_rr1.wav	4-foot stop: sounds one octave above trigger_key
harpsichord-4ft	required	HarpsiRH_High_Far_E4_rr1.wav	64	1395476	CC0-1.0	https://raw.githubusercontent.com/sgossner/VCSL/master/Chordophones/Zithers/Harpsichord%2C%20Flemish/Sustains/High/HarpsiRH_High_Far_E4_rr1.wav	4-foot stop: sounds one octave above trigger_key
harpsichord-4ft	required	HarpsiRH_High_Far_E5_rr1.wav	76	1072022	CC0-1.0	https://raw.githubusercontent.com/sgossner/VCSL/master/Chordophones/Zithers/Harpsichord%2C%20Flemish/Sustains/High/HarpsiRH_High_Far_E5_rr1.wav	4-foot stop: sounds one octave above trigger_key
harpsichord-4ft	required	HarpsiRH_High_Far_F#1_rr1.wav	30	3262928	CC0-1.0	https://raw.githubusercontent.com/sgossner/VCSL/master/Chordophones/Zithers/Harpsichord%2C%20Flemish/Sustains/High/HarpsiRH_High_Far_F%231_rr1.wav	4-foot stop: sounds one octave above trigger_key
harpsichord-4ft	required	HarpsiRH_High_Far_F#2_rr1.wav	42	1847198	CC0-1.0	https://raw.githubusercontent.com/sgossner/VCSL/master/Chordophones/Zithers/Harpsichord%2C%20Flemish/Sustains/High/HarpsiRH_High_Far_F%232_rr1.wav	4-foot stop: sounds one octave above trigger_key
harpsichord-4ft	required	HarpsiRH_High_Far_F#3_rr1.wav	54	1765856	CC0-1.0	https://raw.githubusercontent.com/sgossner/VCSL/master/Chordophones/Zithers/Harpsichord%2C%20Flemish/Sustains/High/HarpsiRH_High_Far_F%233_rr1.wav	4-foot stop: sounds one octave above trigger_key
harpsichord-4ft	required	HarpsiRH_High_Far_F#4_rr1.wav	66	1482518	CC0-1.0	https://raw.githubusercontent.com/sgossner/VCSL/master/Chordophones/Zithers/Harpsichord%2C%20Flemish/Sustains/High/HarpsiRH_High_Far_F%234_rr1.wav	4-foot stop: sounds one octave above trigger_key
harpsichord-4ft	required	HarpsiRH_High_Far_F#5_rr1.wav	78	887846	CC0-1.0	https://raw.githubusercontent.com/sgossner/VCSL/master/Chordophones/Zithers/Harpsichord%2C%20Flemish/Sustains/High/HarpsiRH_High_Far_F%235_rr1.wav	4-foot stop: sounds one octave above trigger_key
harpsichord-4ft	required	HarpsiRH_High_Far_G#1_rr1.wav	32	2976002	CC0-1.0	https://raw.githubusercontent.com/sgossner/VCSL/master/Chordophones/Zithers/Harpsichord%2C%20Flemish/Sustains/High/HarpsiRH_High_Far_G%231_rr1.wav	4-foot stop: sounds one octave above trigger_key
harpsichord-4ft	required	HarpsiRH_High_Far_G#2_rr1.wav	44	1769330	CC0-1.0	https://raw.githubusercontent.com/sgossner/VCSL/master/Chordophones/Zithers/Harpsichord%2C%20Flemish/Sustains/High/HarpsiRH_High_Far_G%232_rr1.wav	4-foot stop: sounds one octave above trigger_key
harpsichord-4ft	required	HarpsiRH_High_Far_G#3_rr1.wav	56	1789502	CC0-1.0	https://raw.githubusercontent.com/sgossner/VCSL/master/Chordophones/Zithers/Harpsichord%2C%20Flemish/Sustains/High/HarpsiRH_High_Far_G%233_rr1.wav	4-foot stop: sounds one octave above trigger_key
harpsichord-4ft	required	HarpsiRH_High_Far_G#4_rr1.wav	68	1328282	CC0-1.0	https://raw.githubusercontent.com/sgossner/VCSL/master/Chordophones/Zithers/Harpsichord%2C%20Flemish/Sustains/High/HarpsiRH_High_Far_G%234_rr1.wav	4-foot stop: sounds one octave above trigger_key
harpsichord-4ft	required	HarpsiRH_High_Far_G#5_rr1.wav	80	936320	CC0-1.0	https://raw.githubusercontent.com/sgossner/VCSL/master/Chordophones/Zithers/Harpsichord%2C%20Flemish/Sustains/High/HarpsiRH_High_Far_G%235_rr1.wav	4-foot stop: sounds one octave above trigger_key
harpsichord-4ft-release	required	HarpsiRH_HighRel_Far_A#1_rr1.wav	34	221288	CC0-1.0	https://raw.githubusercontent.com/sgossner/VCSL/master/Chordophones/Zithers/Harpsichord%2C%20Flemish/Releases/High/HarpsiRH_HighRel_Far_A%231_rr1.wav	4-foot stop: sounds one octave above trigger_key
harpsichord-4ft-release	required	HarpsiRH_HighRel_Far_A#2_rr1.wav	46	218474	CC0-1.0	https://raw.githubusercontent.com/sgossner/VCSL/master/Chordophones/Zithers/Harpsichord%2C%20Flemish/Releases/High/HarpsiRH_HighRel_Far_A%232_rr1.wav	4-foot stop: sounds one octave above trigger_key
harpsichord-4ft-release	required	HarpsiRH_HighRel_Far_A#4_rr1.wav	70	190994	CC0-1.0	https://raw.githubusercontent.com/sgossner/VCSL/master/Chordophones/Zithers/Harpsichord%2C%20Flemish/Releases/High/HarpsiRH_HighRel_Far_A%234_rr1.wav	4-foot stop: sounds one octave above trigger_key
harpsichord-4ft-release	required	HarpsiRH_HighRel_Far_A#5_rr1.wav	82	200252	CC0-1.0	https://raw.githubusercontent.com/sgossner/VCSL/master/Chordophones/Zithers/Harpsichord%2C%20Flemish/Releases/High/HarpsiRH_HighRel_Far_A%235_rr1.wav	4-foot stop: sounds one octave above trigger_key
harpsichord-4ft-release	required	HarpsiRH_HighRel_Far_A3_rr1.wav	57	299906	CC0-1.0	https://raw.githubusercontent.com/sgossner/VCSL/master/Chordophones/Zithers/Harpsichord%2C%20Flemish/Releases/High/HarpsiRH_HighRel_Far_A3_rr1.wav	4-foot stop: sounds one octave above trigger_key
harpsichord-4ft-release	required	HarpsiRH_HighRel_Far_C#2_rr1.wav	37	228986	CC0-1.0	https://raw.githubusercontent.com/sgossner/VCSL/master/Chordophones/Zithers/Harpsichord%2C%20Flemish/Releases/High/HarpsiRH_HighRel_Far_C%232_rr1.wav	4-foot stop: sounds one octave above trigger_key
harpsichord-4ft-release	required	HarpsiRH_HighRel_Far_C#3_rr1.wav	49	246080	CC0-1.0	https://raw.githubusercontent.com/sgossner/VCSL/master/Chordophones/Zithers/Harpsichord%2C%20Flemish/Releases/High/HarpsiRH_HighRel_Far_C%233_rr1.wav	4-foot stop: sounds one octave above trigger_key
harpsichord-4ft-release	required	HarpsiRH_HighRel_Far_C#4_rr1.wav	61	306230	CC0-1.0	https://raw.githubusercontent.com/sgossner/VCSL/master/Chordophones/Zithers/Harpsichord%2C%20Flemish/Releases/High/HarpsiRH_HighRel_Far_C%234_rr1.wav	4-foot stop: sounds one octave above trigger_key
harpsichord-4ft-release	required	HarpsiRH_HighRel_Far_C5_rr1.wav	72	232424	CC0-1.0	https://raw.githubusercontent.com/sgossner/VCSL/master/Chordophones/Zithers/Harpsichord%2C%20Flemish/Releases/High/HarpsiRH_HighRel_Far_C5_rr1.wav	4-foot stop: sounds one octave above trigger_key
harpsichord-4ft-release	required	HarpsiRH_HighRel_Far_C6_rr1.wav	84	257456	CC0-1.0	https://raw.githubusercontent.com/sgossner/VCSL/master/Chordophones/Zithers/Harpsichord%2C%20Flemish/Releases/High/HarpsiRH_HighRel_Far_C6_rr1.wav	4-foot stop: sounds one octave above trigger_key
harpsichord-4ft-release	required	HarpsiRH_HighRel_Far_D4_rr1.wav	62	187310	CC0-1.0	https://raw.githubusercontent.com/sgossner/VCSL/master/Chordophones/Zithers/Harpsichord%2C%20Flemish/Releases/High/HarpsiRH_HighRel_Far_D4_rr1.wav	4-foot stop: sounds one octave above trigger_key
harpsichord-4ft-release	required	HarpsiRH_HighRel_Far_D5_rr1.wav	74	255068	CC0-1.0	https://raw.githubusercontent.com/sgossner/VCSL/master/Chordophones/Zithers/Harpsichord%2C%20Flemish/Releases/High/HarpsiRH_HighRel_Far_D5_rr1.wav	4-foot stop: sounds one octave above trigger_key
harpsichord-4ft-release	required	HarpsiRH_HighRel_Far_E2_rr1.wav	40	184886	CC0-1.0	https://raw.githubusercontent.com/sgossner/VCSL/master/Chordophones/Zithers/Harpsichord%2C%20Flemish/Releases/High/HarpsiRH_HighRel_Far_E2_rr1.wav	4-foot stop: sounds one octave above trigger_key
harpsichord-4ft-release	required	HarpsiRH_HighRel_Far_E3_rr1.wav	52	293708	CC0-1.0	https://raw.githubusercontent.com/sgossner/VCSL/master/Chordophones/Zithers/Harpsichord%2C%20Flemish/Releases/High/HarpsiRH_HighRel_Far_E3_rr1.wav	4-foot stop: sounds one octave above trigger_key
harpsichord-4ft-release	required	HarpsiRH_HighRel_Far_E4_rr1.wav	64	221060	CC0-1.0	https://raw.githubusercontent.com/sgossner/VCSL/master/Chordophones/Zithers/Harpsichord%2C%20Flemish/Releases/High/HarpsiRH_HighRel_Far_E4_rr1.wav	4-foot stop: sounds one octave above trigger_key
harpsichord-4ft-release	required	HarpsiRH_HighRel_Far_E5_rr1.wav	76	235058	CC0-1.0	https://raw.githubusercontent.com/sgossner/VCSL/master/Chordophones/Zithers/Harpsichord%2C%20Flemish/Releases/High/HarpsiRH_HighRel_Far_E5_rr1.wav	4-foot stop: sounds one octave above trigger_key
harpsichord-4ft-release	required	HarpsiRH_HighRel_Far_F#1_rr1.wav	30	326960	CC0-1.0	https://raw.githubusercontent.com/sgossner/VCSL/master/Chordophones/Zithers/Harpsichord%2C%20Flemish/Releases/High/HarpsiRH_HighRel_Far_F%231_rr1.wav	4-foot stop: sounds one octave above trigger_key
harpsichord-4ft-release	required	HarpsiRH_HighRel_Far_F#2_rr1.wav	42	206342	CC0-1.0	https://raw.githubusercontent.com/sgossner/VCSL/master/Chordophones/Zithers/Harpsichord%2C%20Flemish/Releases/High/HarpsiRH_HighRel_Far_F%232_rr1.wav	4-foot stop: sounds one octave above trigger_key
harpsichord-4ft-release	required	HarpsiRH_HighRel_Far_F#3_rr1.wav	54	232016	CC0-1.0	https://raw.githubusercontent.com/sgossner/VCSL/master/Chordophones/Zithers/Harpsichord%2C%20Flemish/Releases/High/HarpsiRH_HighRel_Far_F%233_rr1.wav	4-foot stop: sounds one octave above trigger_key
harpsichord-4ft-release	required	HarpsiRH_HighRel_Far_F#4_rr1.wav	66	387548	CC0-1.0	https://raw.githubusercontent.com/sgossner/VCSL/master/Chordophones/Zithers/Harpsichord%2C%20Flemish/Releases/High/HarpsiRH_HighRel_Far_F%234_rr1.wav	4-foot stop: sounds one octave above trigger_key
harpsichord-4ft-release	required	HarpsiRH_HighRel_Far_F#5_rr1.wav	78	237938	CC0-1.0	https://raw.githubusercontent.com/sgossner/VCSL/master/Chordophones/Zithers/Harpsichord%2C%20Flemish/Releases/High/HarpsiRH_HighRel_Far_F%235_rr1.wav	4-foot stop: sounds one octave above trigger_key
harpsichord-4ft-release	required	HarpsiRH_HighRel_Far_G#1_rr1.wav	32	216878	CC0-1.0	https://raw.githubusercontent.com/sgossner/VCSL/master/Chordophones/Zithers/Harpsichord%2C%20Flemish/Releases/High/HarpsiRH_HighRel_Far_G%231_rr1.wav	4-foot stop: sounds one octave above trigger_key
harpsichord-4ft-release	required	HarpsiRH_HighRel_Far_G#2_rr1.wav	44	247148	CC0-1.0	https://raw.githubusercontent.com/sgossner/VCSL/master/Chordophones/Zithers/Harpsichord%2C%20Flemish/Releases/High/HarpsiRH_HighRel_Far_G%232_rr1.wav	4-foot stop: sounds one octave above trigger_key
harpsichord-4ft-release	required	HarpsiRH_HighRel_Far_G#3_rr1.wav	56	494540	CC0-1.0	https://raw.githubusercontent.com/sgossner/VCSL/master/Chordophones/Zithers/Harpsichord%2C%20Flemish/Releases/High/HarpsiRH_HighRel_Far_G%233_rr1.wav	4-foot stop: sounds one octave above trigger_key
harpsichord-4ft-release	required	HarpsiRH_HighRel_Far_G#4_rr1.wav	68	234242	CC0-1.0	https://raw.githubusercontent.com/sgossner/VCSL/master/Chordophones/Zithers/Harpsichord%2C%20Flemish/Releases/High/HarpsiRH_HighRel_Far_G%234_rr1.wav	4-foot stop: sounds one octave above trigger_key
harpsichord-4ft-release	required	HarpsiRH_HighRel_Far_G#5_rr1.wav	80	224822	CC0-1.0	https://raw.githubusercontent.com/sgossner/VCSL/master/Chordophones/Zithers/Harpsichord%2C%20Flemish/Releases/High/HarpsiRH_HighRel_Far_G%235_rr1.wav	4-foot stop: sounds one octave above trigger_key
harpsichord-lute	optional	ZuckermannKitHarpsi_Lute_Sus_A#0_rr1.wav	34	1824884	CC0-1.0	https://raw.githubusercontent.com/sgossner/VCSL/master/Chordophones/Zithers/Harpsichord%2C%20English/Sustains/Lute/ZuckermannKitHarpsi_Lute_Sus_A%230_rr1.wav	
harpsichord-lute	optional	ZuckermannKitHarpsi_Lute_Sus_A#1_rr1.wav	46	1162052	CC0-1.0	https://raw.githubusercontent.com/sgossner/VCSL/master/Chordophones/Zithers/Harpsichord%2C%20English/Sustains/Lute/ZuckermannKitHarpsi_Lute_Sus_A%231_rr1.wav	
harpsichord-lute	optional	ZuckermannKitHarpsi_Lute_Sus_A#2_rr1.wav	58	1121810	CC0-1.0	https://raw.githubusercontent.com/sgossner/VCSL/master/Chordophones/Zithers/Harpsichord%2C%20English/Sustains/Lute/ZuckermannKitHarpsi_Lute_Sus_A%232_rr1.wav	
harpsichord-lute	optional	ZuckermannKitHarpsi_Lute_Sus_A#3_rr1.wav	70	781250	CC0-1.0	https://raw.githubusercontent.com/sgossner/VCSL/master/Chordophones/Zithers/Harpsichord%2C%20English/Sustains/Lute/ZuckermannKitHarpsi_Lute_Sus_A%233_rr1.wav	
harpsichord-lute	optional	ZuckermannKitHarpsi_Lute_Sus_A#4_rr1.wav	82	588428	CC0-1.0	https://raw.githubusercontent.com/sgossner/VCSL/master/Chordophones/Zithers/Harpsichord%2C%20English/Sustains/Lute/ZuckermannKitHarpsi_Lute_Sus_A%234_rr1.wav	
harpsichord-lute	optional	ZuckermannKitHarpsi_Lute_Sus_C1_rr1.wav	36	2811386	CC0-1.0	https://raw.githubusercontent.com/sgossner/VCSL/master/Chordophones/Zithers/Harpsichord%2C%20English/Sustains/Lute/ZuckermannKitHarpsi_Lute_Sus_C1_rr1.wav	
harpsichord-lute	optional	ZuckermannKitHarpsi_Lute_Sus_C3_rr1.wav	60	1259462	CC0-1.0	https://raw.githubusercontent.com/sgossner/VCSL/master/Chordophones/Zithers/Harpsichord%2C%20English/Sustains/Lute/ZuckermannKitHarpsi_Lute_Sus_C3_rr1.wav	
harpsichord-lute	optional	ZuckermannKitHarpsi_Lute_Sus_C4_rr1.wav	72	849776	CC0-1.0	https://raw.githubusercontent.com/sgossner/VCSL/master/Chordophones/Zithers/Harpsichord%2C%20English/Sustains/Lute/ZuckermannKitHarpsi_Lute_Sus_C4_rr1.wav	
harpsichord-lute	optional	ZuckermannKitHarpsi_Lute_Sus_C5_rr1.wav	84	558920	CC0-1.0	https://raw.githubusercontent.com/sgossner/VCSL/master/Chordophones/Zithers/Harpsichord%2C%20English/Sustains/Lute/ZuckermannKitHarpsi_Lute_Sus_C5_rr1.wav	
harpsichord-lute	optional	ZuckermannKitHarpsi_Lute_Sus_C5_rr2.wav	84	298598	CC0-1.0	https://raw.githubusercontent.com/sgossner/VCSL/master/Chordophones/Zithers/Harpsichord%2C%20English/Sustains/Lute/ZuckermannKitHarpsi_Lute_Sus_C5_rr2.wav	
harpsichord-lute	optional	ZuckermannKitHarpsi_Lute_Sus_D1_rr1.wav	38	1739192	CC0-1.0	https://raw.githubusercontent.com/sgossner/VCSL/master/Chordophones/Zithers/Harpsichord%2C%20English/Sustains/Lute/ZuckermannKitHarpsi_Lute_Sus_D1_rr1.wav	
harpsichord-lute	optional	ZuckermannKitHarpsi_Lute_Sus_D2_rr1.wav	50	968072	CC0-1.0	https://raw.githubusercontent.com/sgossner/VCSL/master/Chordophones/Zithers/Harpsichord%2C%20English/Sustains/Lute/ZuckermannKitHarpsi_Lute_Sus_D2_rr1.wav	
harpsichord-lute	optional	ZuckermannKitHarpsi_Lute_Sus_D3_rr1.wav	62	1103576	CC0-1.0	https://raw.githubusercontent.com/sgossner/VCSL/master/Chordophones/Zithers/Harpsichord%2C%20English/Sustains/Lute/ZuckermannKitHarpsi_Lute_Sus_D3_rr1.wav	
harpsichord-lute	optional	ZuckermannKitHarpsi_Lute_Sus_D4_rr1.wav	74	589286	CC0-1.0	https://raw.githubusercontent.com/sgossner/VCSL/master/Chordophones/Zithers/Harpsichord%2C%20English/Sustains/Lute/ZuckermannKitHarpsi_Lute_Sus_D4_rr1.wav	
harpsichord-lute	optional	ZuckermannKitHarpsi_Lute_Sus_D5_rr1.wav	86	498140	CC0-1.0	https://raw.githubusercontent.com/sgossner/VCSL/master/Chordophones/Zithers/Harpsichord%2C%20English/Sustains/Lute/ZuckermannKitHarpsi_Lute_Sus_D5_rr1.wav	
harpsichord-lute	optional	ZuckermannKitHarpsi_Lute_Sus_E1_rr1.wav	40	1361726	CC0-1.0	https://raw.githubusercontent.com/sgossner/VCSL/master/Chordophones/Zithers/Harpsichord%2C%20English/Sustains/Lute/ZuckermannKitHarpsi_Lute_Sus_E1_rr1.wav	
harpsichord-lute	optional	ZuckermannKitHarpsi_Lute_Sus_E2_rr1.wav	52	1083410	CC0-1.0	https://raw.githubusercontent.com/sgossner/VCSL/master/Chordophones/Zithers/Harpsichord%2C%20English/Sustains/Lute/ZuckermannKitHarpsi_Lute_Sus_E2_rr1.wav	
harpsichord-lute	optional	ZuckermannKitHarpsi_Lute_Sus_E3_rr1.wav	64	1090964	CC0-1.0	https://raw.githubusercontent.com/sgossner/VCSL/master/Chordophones/Zithers/Harpsichord%2C%20English/Sustains/Lute/ZuckermannKitHarpsi_Lute_Sus_E3_rr1.wav	
harpsichord-lute	optional	ZuckermannKitHarpsi_Lute_Sus_E4_rr1.wav	76	610466	CC0-1.0	https://raw.githubusercontent.com/sgossner/VCSL/master/Chordophones/Zithers/Harpsichord%2C%20English/Sustains/Lute/ZuckermannKitHarpsi_Lute_Sus_E4_rr1.wav	
harpsichord-lute	optional	ZuckermannKitHarpsi_Lute_Sus_E5_rr1.wav	88	498164	CC0-1.0	https://raw.githubusercontent.com/sgossner/VCSL/master/Chordophones/Zithers/Harpsichord%2C%20English/Sustains/Lute/ZuckermannKitHarpsi_Lute_Sus_E5_rr1.wav	
harpsichord-lute	optional	ZuckermannKitHarpsi_Lute_Sus_F#1_rr1.wav	42	1256810	CC0-1.0	https://raw.githubusercontent.com/sgossner/VCSL/master/Chordophones/Zithers/Harpsichord%2C%20English/Sustains/Lute/ZuckermannKitHarpsi_Lute_Sus_F%231_rr1.wav	
harpsichord-lute	optional	ZuckermannKitHarpsi_Lute_Sus_F#2_rr1.wav	54	1010534	CC0-1.0	https://raw.githubusercontent.com/sgossner/VCSL/master/Chordophones/Zithers/Harpsichord%2C%20English/Sustains/Lute/ZuckermannKitHarpsi_Lute_Sus_F%232_rr1.wav	
harpsichord-lute	optional	ZuckermannKitHarpsi_Lute_Sus_F#3_rr1.wav	66	780650	CC0-1.0	https://raw.githubusercontent.com/sgossner/VCSL/master/Chordophones/Zithers/Harpsichord%2C%20English/Sustains/Lute/ZuckermannKitHarpsi_Lute_Sus_F%233_rr1.wav	
harpsichord-lute	optional	ZuckermannKitHarpsi_Lute_Sus_F#4_rr1.wav	78	490586	CC0-1.0	https://raw.githubusercontent.com/sgossner/VCSL/master/Chordophones/Zithers/Harpsichord%2C%20English/Sustains/Lute/ZuckermannKitHarpsi_Lute_Sus_F%234_rr1.wav	
harpsichord-lute	optional	ZuckermannKitHarpsi_Lute_Sus_G#1_rr1.wav	44	1164128	CC0-1.0	https://raw.githubusercontent.com/sgossner/VCSL/master/Chordophones/Zithers/Harpsichord%2C%20English/Sustains/Lute/ZuckermannKitHarpsi_Lute_Sus_G%231_rr1.wav	
harpsichord-lute	optional	ZuckermannKitHarpsi_Lute_Sus_G#2_rr1.wav	56	979016	CC0-1.0	https://raw.githubusercontent.com/sgossner/VCSL/master/Chordophones/Zithers/Harpsichord%2C%20English/Sustains/Lute/ZuckermannKitHarpsi_Lute_Sus_G%232_rr1.wav	
harpsichord-lute	optional	ZuckermannKitHarpsi_Lute_Sus_G#3_rr1.wav	68	659120	CC0-1.0	https://raw.githubusercontent.com/sgossner/VCSL/master/Chordophones/Zithers/Harpsichord%2C%20English/Sustains/Lute/ZuckermannKitHarpsi_Lute_Sus_G%233_rr1.wav	
harpsichord-lute	optional	ZuckermannKitHarpsi_Lute_Sus_G#4_rr1.wav	80	432050	CC0-1.0	https://raw.githubusercontent.com/sgossner/VCSL/master/Chordophones/Zithers/Harpsichord%2C%20English/Sustains/Lute/ZuckermannKitHarpsi_Lute_Sus_G%234_rr1.wav	
harpsichord-lute-release	optional	ZuckermannKitHarpsi_Lute_Rel_A#0_rr1.wav	34	167588	CC0-1.0	https://raw.githubusercontent.com/sgossner/VCSL/master/Chordophones/Zithers/Harpsichord%2C%20English/Releases/Lute/ZuckermannKitHarpsi_Lute_Rel_A%230_rr1.wav	
harpsichord-lute-release	optional	ZuckermannKitHarpsi_Lute_Rel_A#1_rr1.wav	46	246128	CC0-1.0	https://raw.githubusercontent.com/sgossner/VCSL/master/Chordophones/Zithers/Harpsichord%2C%20English/Releases/Lute/ZuckermannKitHarpsi_Lute_Rel_A%231_rr1.wav	
harpsichord-lute-release	optional	ZuckermannKitHarpsi_Lute_Rel_A#3_rr1.wav	70	407228	CC0-1.0	https://raw.githubusercontent.com/sgossner/VCSL/master/Chordophones/Zithers/Harpsichord%2C%20English/Releases/Lute/ZuckermannKitHarpsi_Lute_Rel_A%233_rr1.wav	
harpsichord-lute-release	optional	ZuckermannKitHarpsi_Lute_Rel_A#4_rr1.wav	82	148646	CC0-1.0	https://raw.githubusercontent.com/sgossner/VCSL/master/Chordophones/Zithers/Harpsichord%2C%20English/Releases/Lute/ZuckermannKitHarpsi_Lute_Rel_A%234_rr1.wav	
harpsichord-lute-release	optional	ZuckermannKitHarpsi_Lute_Rel_A2_rr1.wav	57	249272	CC0-1.0	https://raw.githubusercontent.com/sgossner/VCSL/master/Chordophones/Zithers/Harpsichord%2C%20English/Releases/Lute/ZuckermannKitHarpsi_Lute_Rel_A2_rr1.wav	
harpsichord-lute-release	optional	ZuckermannKitHarpsi_Lute_Rel_C1_rr1.wav	36	142670	CC0-1.0	https://raw.githubusercontent.com/sgossner/VCSL/master/Chordophones/Zithers/Harpsichord%2C%20English/Releases/Lute/ZuckermannKitHarpsi_Lute_Rel_C1_rr1.wav	
harpsichord-lute-release	optional	ZuckermannKitHarpsi_Lute_Rel_C3_rr1.wav	60	229298	CC0-1.0	https://raw.githubusercontent.com/sgossner/VCSL/master/Chordophones/Zithers/Harpsichord%2C%20English/Releases/Lute/ZuckermannKitHarpsi_Lute_Rel_C3_rr1.wav	
harpsichord-lute-release	optional	ZuckermannKitHarpsi_Lute_Rel_C4_rr1.wav	72	243044	CC0-1.0	https://raw.githubusercontent.com/sgossner/VCSL/master/Chordophones/Zithers/Harpsichord%2C%20English/Releases/Lute/ZuckermannKitHarpsi_Lute_Rel_C4_rr1.wav	
harpsichord-lute-release	optional	ZuckermannKitHarpsi_Lute_Rel_D1_rr1.wav	38	143306	CC0-1.0	https://raw.githubusercontent.com/sgossner/VCSL/master/Chordophones/Zithers/Harpsichord%2C%20English/Releases/Lute/ZuckermannKitHarpsi_Lute_Rel_D1_rr1.wav	
harpsichord-lute-release	optional	ZuckermannKitHarpsi_Lute_Rel_D2_rr1.wav	50	185906	CC0-1.0	https://raw.githubusercontent.com/sgossner/VCSL/master/Chordophones/Zithers/Harpsichord%2C%20English/Releases/Lute/ZuckermannKitHarpsi_Lute_Rel_D2_rr1.wav	
harpsichord-lute-release	optional	ZuckermannKitHarpsi_Lute_Rel_D3_rr1.wav	62	189110	CC0-1.0	https://raw.githubusercontent.com/sgossner/VCSL/master/Chordophones/Zithers/Harpsichord%2C%20English/Releases/Lute/ZuckermannKitHarpsi_Lute_Rel_D3_rr1.wav	
harpsichord-lute-release	optional	ZuckermannKitHarpsi_Lute_Rel_D4_rr1.wav	74	163544	CC0-1.0	https://raw.githubusercontent.com/sgossner/VCSL/master/Chordophones/Zithers/Harpsichord%2C%20English/Releases/Lute/ZuckermannKitHarpsi_Lute_Rel_D4_rr1.wav	
harpsichord-lute-release	optional	ZuckermannKitHarpsi_Lute_Rel_D5_rr1.wav	86	214214	CC0-1.0	https://raw.githubusercontent.com/sgossner/VCSL/master/Chordophones/Zithers/Harpsichord%2C%20English/Releases/Lute/ZuckermannKitHarpsi_Lute_Rel_D5_rr1.wav	
harpsichord-lute-release	optional	ZuckermannKitHarpsi_Lute_Rel_E1_rr1.wav	40	194564	CC0-1.0	https://raw.githubusercontent.com/sgossner/VCSL/master/Chordophones/Zithers/Harpsichord%2C%20English/Releases/Lute/ZuckermannKitHarpsi_Lute_Rel_E1_rr1.wav	
harpsichord-lute-release	optional	ZuckermannKitHarpsi_Lute_Rel_E2_rr1.wav	52	170438	CC0-1.0	https://raw.githubusercontent.com/sgossner/VCSL/master/Chordophones/Zithers/Harpsichord%2C%20English/Releases/Lute/ZuckermannKitHarpsi_Lute_Rel_E2_rr1.wav	
harpsichord-lute-release	optional	ZuckermannKitHarpsi_Lute_Rel_E3_rr1.wav	64	173198	CC0-1.0	https://raw.githubusercontent.com/sgossner/VCSL/master/Chordophones/Zithers/Harpsichord%2C%20English/Releases/Lute/ZuckermannKitHarpsi_Lute_Rel_E3_rr1.wav	
harpsichord-lute-release	optional	ZuckermannKitHarpsi_Lute_Rel_E4_rr1.wav	76	200078	CC0-1.0	https://raw.githubusercontent.com/sgossner/VCSL/master/Chordophones/Zithers/Harpsichord%2C%20English/Releases/Lute/ZuckermannKitHarpsi_Lute_Rel_E4_rr1.wav	
harpsichord-lute-release	optional	ZuckermannKitHarpsi_Lute_Rel_E5_rr1.wav	88	154988	CC0-1.0	https://raw.githubusercontent.com/sgossner/VCSL/master/Chordophones/Zithers/Harpsichord%2C%20English/Releases/Lute/ZuckermannKitHarpsi_Lute_Rel_E5_rr1.wav	
harpsichord-lute-release	optional	ZuckermannKitHarpsi_Lute_Rel_F#1_rr1.wav	42	194822	CC0-1.0	https://raw.githubusercontent.com/sgossner/VCSL/master/Chordophones/Zithers/Harpsichord%2C%20English/Releases/Lute/ZuckermannKitHarpsi_Lute_Rel_F%231_rr1.wav	
harpsichord-lute-release	optional	ZuckermannKitHarpsi_Lute_Rel_F#3_rr1.wav	66	148736	CC0-1.0	https://raw.githubusercontent.com/sgossner/VCSL/master/Chordophones/Zithers/Harpsichord%2C%20English/Releases/Lute/ZuckermannKitHarpsi_Lute_Rel_F%233_rr1.wav	
harpsichord-lute-release	optional	ZuckermannKitHarpsi_Lute_Rel_F#4_rr1.wav	78	128486	CC0-1.0	https://raw.githubusercontent.com/sgossner/VCSL/master/Chordophones/Zithers/Harpsichord%2C%20English/Releases/Lute/ZuckermannKitHarpsi_Lute_Rel_F%234_rr1.wav	
harpsichord-lute-release	optional	ZuckermannKitHarpsi_Lute_Rel_G#1_rr1.wav	44	149096	CC0-1.0	https://raw.githubusercontent.com/sgossner/VCSL/master/Chordophones/Zithers/Harpsichord%2C%20English/Releases/Lute/ZuckermannKitHarpsi_Lute_Rel_G%231_rr1.wav	
harpsichord-lute-release	optional	ZuckermannKitHarpsi_Lute_Rel_G#2_rr1.wav	56	219554	CC0-1.0	https://raw.githubusercontent.com/sgossner/VCSL/master/Chordophones/Zithers/Harpsichord%2C%20English/Releases/Lute/ZuckermannKitHarpsi_Lute_Rel_G%232_rr1.wav	
harpsichord-lute-release	optional	ZuckermannKitHarpsi_Lute_Rel_G#3_rr1.wav	68	134726	CC0-1.0	https://raw.githubusercontent.com/sgossner/VCSL/master/Chordophones/Zithers/Harpsichord%2C%20English/Releases/Lute/ZuckermannKitHarpsi_Lute_Rel_G%233_rr1.wav	
harpsichord-lute-release	optional	ZuckermannKitHarpsi_Lute_Rel_G#4_rr1.wav	80	144218	CC0-1.0	https://raw.githubusercontent.com/sgossner/VCSL/master/Chordophones/Zithers/Harpsichord%2C%20English/Releases/Lute/ZuckermannKitHarpsi_Lute_Rel_G%234_rr1.wav	
harpsichord-lute-release	optional	ZuckermannKitHarpsi_Lute_Rel_G2_rr1.wav	55	268634	CC0-1.0	https://raw.githubusercontent.com/sgossner/VCSL/master/Chordophones/Zithers/Harpsichord%2C%20English/Releases/Lute/ZuckermannKitHarpsi_Lute_Rel_G2_rr1.wav	
vcsl-sfz-maps	required	Upright Piano, Knight.sfz		21222	CC0-1.0	https://raw.githubusercontent.com/sgossner/VCSL/sfz/Chordophones/Zithers/Upright%20Piano%2C%20Knight.sfz	
vcsl-sfz-maps	required	Harpsichord, Flemish - Full.sfz		15136	CC0-1.0	https://raw.githubusercontent.com/sgossner/VCSL/sfz/Chordophones/Zithers/Harpsichord%2C%20Flemish%20-%20Full.sfz	
vcsl-sfz-maps	required	Harpsichord, Flemish - 4'.sfz		7326	CC0-1.0	https://raw.githubusercontent.com/sgossner/VCSL/sfz/Chordophones/Zithers/Harpsichord%2C%20Flemish%20-%204%27.sfz	
vcsl-sfz-maps	required	Harpsichord, Flemish - 8'.sfz		7810	CC0-1.0	https://raw.githubusercontent.com/sgossner/VCSL/sfz/Chordophones/Zithers/Harpsichord%2C%20Flemish%20-%208%27.sfz	
vcsl-sfz-maps	optional	Harpsichord, English - Keyswitch.sfz		16899	CC0-1.0	https://raw.githubusercontent.com/sgossner/VCSL/sfz/Chordophones/Zithers/Harpsichord%2C%20English%20-%20Keyswitch.sfz	
